roi_id_x,cycleNo,source_stem,front_candidate_rank,object_candidate_rank,validation_score,validation_tier,crop_x0,crop_y0,crop_x1,crop_y1,center_x_full_px,center_y_full_px,n_frames,elapsed_s,roi_mean_delta_corrected,active_fraction_first,active_fraction_last,trace_csv,plot_png,crop_preview_png,direction,mean_last_delta,baseline_frames,threshold,noise_mad_sigma,radius2_slope_full_px2_per_s,radius2_slope_r2,radius2_slope_n_fit,apparent_diffusion_proxy_full_px2_per_s,area_equiv_radius2_slope_full_px2_per_s,area_equiv_radius2_slope_r2,p90_radius2_slope_full_px2_per_s,p90_radius2_slope_r2,stage_drift_xy,pixel_size_um,pixel_area_um2,radius2_slope_full_um2_per_s,apparent_diffusion_proxy_full_um2_per_s,area_equiv_radius2_slope_full_um2_per_s,p90_radius2_slope_full_um2_per_s,stage_drift_xy_um,center_x_full_um,center_y_full_um,roi_id_front,joint_degradation_score,joint_mode_name,roi_id_y,rollout_residual_energy_mean,mean_drop_frac,evidence_score,degradation_mode_hypothesis,selected_roi_id,roi_id,selected_diffusion_um2_per_s,selected_radius2_um2_per_s,selected_r2,area_radius2_um2_per_s,p90_radius2_um2_per_s,apparent_motion_um,drift_to_motion_ratio,cohort_role,is_event_roi,event_reference_cycle,front_quality_score,diffusion_proxy_median_um2_per_s,diffusion_proxy_abs_median_um2_per_s,radius2_slope_positive_fraction,radius2_slope_negative_fraction,threshold_robust_diffusion_score,q70_radius2_slope_bootstrap_p05_px2_per_s,q70_radius2_slope_bootstrap_p95_px2_per_s,phase_slope_positive_fraction,threshold_robust_phase_score,degradation_mode_hypothesis_threshold,manual_qc_status,auto_qc_notes,front_tracking_interpretation,fallback_frame_fraction,accepted_area_cv,mask_instability_score,accepted_centroid_path_px,selected_radius2_sign,area_radius2_sign,p90_radius2_sign,threshold_median_sign,positive_estimator_count,negative_estimator_count,estimator_consensus_sign,selected_nonnegative,threshold_nonnegative,selected_fit_good,low_drift_relative_to_motion,q70_bootstrap_positive,q70_bootstrap_negative,manual_qc_accepted,automatic_positive_diffusion_proxy_candidate,publication_diffusion_candidate,selected_diffusion_m2_per_s,threshold_diffusion_m2_per_s
cycle116_front7_obj37,116.0,13_c2_x6_100723,7,37,1.8968300110416167,event_comparator,1159,804,1351,996,1255.090909090909,900.2727272727273,32,9126.74534368515,-5.15625,0.0138346354166666,0.0425075954861111,/scratch/u6hp/nsagar.u6hp/Alek_Jiho/derived/control_balanced_front_tracking/roi_traces/cycle116_front7_obj37_front_tracking.csv,/scratch/u6hp/nsagar.u6hp/Alek_Jiho/derived/control_balanced_front_tracking/plots/cycle116_front7_obj37_front_tracking.png,/scratch/u6hp/nsagar.u6hp/Alek_Jiho/derived/control_balanced_front_tracking/crop_previews/cycle116_front7_obj37_crop_preview.png,-1.0,-3.714749336242676,5,302.74576171875003,100.91525390625,-0.217030104531719,0.612143252222972,32,-0.0542575261329297,0.0548619044285878,0.2224841363277084,-0.1175791687365506,0.3725686903841609,0.2236340951674545,0.096,0.009216,-0.0020001494433643,-0.000500037360841,0.0005056073112138,-0.001083609619076,0.0214688731360756,120.48872727272726,86.42618181818182,cycle116_front7_obj37,0.1280619444880397,lower_residual_comparison_mode,cycle116_rank7_obj37,0.0006502347223431,0.1917019578422557,12.929917335181958,synchronized_persistent_drop_low_frame_count,cycle116_front7_obj37,cycle116_rank7_obj37,-0.000500037360841,-0.0020001494433643,0.612143252222972,0.0005056073112138,-0.001083609619076,4.272570025043424,0.005024814809409099,event,1,116.0,1.32518717317117,4.588812077925554e-06,4.588812077925554e-06,1.0,0.0,0.9423076923076924,0.0011133679740345,0.0032824312357174,1.0,0.6826923076923077,synchronized_persistent_drop_low_frame_count,pending,no automatic front-tracking warning,"calibrated apparent front/radius slopes; not a physical diffusion coefficient until particle identity, front mask, and pixel calibration are manually confirmed",0.0,0.0431942194811805,1.1762089620451683,108.76941528614284,negative,positive,negative,positive,2,2,mixed,False,True,True,True,True,False,False,False,False,-5.00037360841e-16,4.588812077925554e-18
cycle86_front2_obj6,86.0,10_c2_x10_030723,2,6,3.0930795112716725,event_comparator,1240,76,1432,268,1335.859296482412,171.678391959799,32,9098.54734659195,-1.8193359375,0.0213758680555555,0.1001519097222222,/scratch/u6hp/nsagar.u6hp/Alek_Jiho/derived/control_balanced_front_tracking/roi_traces/cycle86_front2_obj6_front_tracking.csv,/scratch/u6hp/nsagar.u6hp/Alek_Jiho/derived/control_balanced_front_tracking/plots/cycle86_front2_obj6_front_tracking.png,/scratch/u6hp/nsagar.u6hp/Alek_Jiho/derived/control_balanced_front_tracking/crop_previews/cycle86_front2_obj6_crop_preview.png,1.0,18.36862564086914,5,325.8491291015625,108.6163763671875,-0.1771701224715564,0.1583809804094795,32,-0.0442925306178891,0.1194537705204366,0.1643042633222733,-0.2938143049946933,0.0824635303753212,0.2236340951674545,0.096,0.009216,-0.0016327998486978,-0.0004081999621744,0.0011008859491163,-0.002707792634831,0.0214688731360756,128.24249246231156,16.481125628140706,cycle86_front2_obj6,-0.7735151267667235,lower_residual_comparison_mode,cycle86_rank2_obj6,0.0007274599122411,0.1420951480652973,12.399287527913966,synchronized_persistent_drop_low_frame_count,cycle86_front2_obj6,cycle86_rank2_obj6,-0.0004081999621744,-0.0016327998486978,0.1583809804094795,0.0011008859491163,-0.002707792634831,3.8543620394152267,0.005570019867498695,event,1,86.0,2.198397308847956,-1.6117143058060102e-06,1.6117143058060102e-06,0.0,1.0,0.6538461538461537,-0.0015233509880587,-0.00018581042229,1.0,0.4326923076923077,synchronized_persistent_drop_low_frame_count,pending,no automatic front-tracking warning,"calibrated apparent front/radius slopes; not a physical diffusion coefficient until particle identity, front mask, and pixel calibration are manually confirmed",0.0,0.0822578734529075,1.8248033085085935,167.28436176534586,negative,positive,negative,negative,1,3,negative,False,False,False,True,False,True,False,False,False,-4.081999621744e-16,-1.6117143058060102e-18
cycle86_front5_obj8,86.0,10_c2_x10_030723,5,8,2.4751395748073706,event_comparator,1565,95,1757,287,1660.7096774193549,191.1290322580645,32,9098.54734659195,1.4580078125,0.0224880642361111,0.1011284722222222,/scratch/u6hp/nsagar.u6hp/Alek_Jiho/derived/control_balanced_front_tracking/roi_traces/cycle86_front5_obj8_front_tracking.csv,/scratch/u6hp/nsagar.u6hp/Alek_Jiho/derived/control_balanced_front_tracking/plots/cycle86_front5_obj8_front_tracking.png,/scratch/u6hp/nsagar.u6hp/Alek_Jiho/derived/control_balanced_front_tracking/crop_previews/cycle86_front5_obj8_crop_preview.png,1.0,37.709564208984375,5,318.756104296875,106.252034765625,-0.1045640531248182,0.1629754480732897,32,-0.0261410132812045,0.1379948929236807,0.1181269430340883,-0.056394694138723,0.0354040385809789,0.2236340951674545,0.096,0.009216,-0.0009636623135983,-0.0002409155783995,0.0012717609331846,-0.0005197335011824,0.0214688731360756,159.42812903225808,18.348387096774196,cycle86_front5_obj8,-1.5242953137706174,lower_residual_comparison_mode,cycle86_rank5_obj8,0.0010118616696672,0.1420951480652973,12.399287527913966,synchronized_persistent_drop_low_frame_count,cycle86_front5_obj8,cycle86_rank5_obj8,-0.0002409155783995,-0.0009636623135983,0.1629754480732897,0.0012717609331846,-0.0005197335011824,2.961068588601161,0.007250380223788641,event,1,86.0,1.9606669965442456,-6.469866669313556e-07,6.469866669313556e-07,0.1428571428571428,0.8571428571428571,-0.375,-0.0009466686256902,0.000446220521522,1.0,0.3942307692307694,synchronized_persistent_drop_low_frame_count,pending,no automatic front-tracking warning,"calibrated apparent front/radius slopes; not a physical diffusion coefficient until particle identity, front mask, and pixel calibration are manually confirmed",0.0,0.0122136321428369,0.319766873821913,29.525111201191304,negative,positive,negative,negative,1,3,negative,False,False,False,True,False,False,False,False,False,-2.409155783995e-16,-6.469866669313556e-19
cycle58_front6_obj29,58.0,7_c2_x10_290623,6,29,1.7590923642497396,control_balancing,1140,751,1332,943,1236.076923076923,846.9230769230769,32,9248.984282493591,2.818359375,0.01708984375,0.1008843315972222,/scratch/u6hp/nsagar.u6hp/Alek_Jiho/derived/control_balanced_front_tracking/roi_traces/cycle58_front6_obj29_front_tracking.csv,/scratch/u6hp/nsagar.u6hp/Alek_Jiho/derived/control_balanced_front_tracking/plots/cycle58_front6_obj29_front_tracking.png,/scratch/u6hp/nsagar.u6hp/Alek_Jiho/derived/control_balanced_front_tracking/crop_previews/cycle58_front6_obj29_crop_preview.png,1.0,4.187871932983398,5,304.81329375,101.60443125,-0.2066609338642988,0.4715103442310421,32,-0.0516652334660747,0.1153050862042834,0.6145291381970015,-0.0909162503868564,0.5429350863798008,0.2121234070718645,0.096,0.009216,-0.0019045871664933,-0.0004761467916233,0.0010626516744586,-0.0008378841635652,0.0203638470788989,118.66338461538462,81.30461538461539,,,,,,,,,cycle58_front6_obj29,cycle58_rank6_obj29,-0.0004761467916233,-0.0019045871664933,0.4715103442310421,0.0010626516744586,-0.0008378841635652,4.197081934813227,0.00485190601355394,control,0,60.0,1.6155277307729818,3.22953107952456e-08,3.22953107952456e-08,0.5714285714285714,0.4285714285714285,-0.5961538461538463,-0.0010986287265377,0.0014367304245888,1.0,0.6057692307692308,single_persistent_drop_needs_roi_qc,pending,no automatic front-tracking warning,"calibrated apparent front/radius slopes; not a physical diffusion coefficient until particle identity, front mask, and pixel calibration are manually confirmed",0.0,0.0726599109053404,1.834667382116968,169.15271723631625,negative,positive,negative,positive,2,2,mixed,False,True,False,True,False,False,False,False,False,-4.761467916233e-16,3.2295310795245604e-20
cycle58_front4_obj2,58.0,7_c2_x10_290623,4,2,0.953493189052121,control_balancing,472,81,664,273,568.421052631579,176.8421052631579,32,9248.984282493591,1.724609375,0.0158420138888888,0.1050075954861111,/scratch/u6hp/nsagar.u6hp/Alek_Jiho/derived/control_balanced_front_tracking/roi_traces/cycle58_front4_obj2_front_tracking.csv,/scratch/u6hp/nsagar.u6hp/Alek_Jiho/derived/control_balanced_front_tracking/plots/cycle58_front4_obj2_front_tracking.png,/scratch/u6hp/nsagar.u6hp/Alek_Jiho/derived/control_balanced_front_tracking/crop_previews/cycle58_front4_obj2_crop_preview.png,1.0,14.667537689208984,5,321.86391767578124,107.28797255859376,-0.1052495799299537,0.0464959105354588,32,-0.0263123949824884,0.1087970084381957,0.61478003520402,0.1069776950790772,0.013562776792504,0.2121234070718645,0.096,0.009216,-0.0009699801286344,-0.0002424950321586,0.0010026732297664,0.0009859064378487,0.0203638470788989,54.56842105263158,16.97684210526316,,,,,,,,,cycle58_front4_obj2,cycle58_rank4_obj2,-0.0002424950321586,-0.0009699801286344,0.0464959105354588,0.0010026732297664,0.0009859064378487,2.995218016116803,0.006798786255065308,control,0,60.0,1.1091514494562902,2.864937236969792e-06,2.864937236969792e-06,1.0,0.0,0.9807692307692308,0.0004015559086893,0.0027987873377462,1.0,0.7403846153846154,single_persistent_drop_needs_roi_qc,pending,low radius2 fit R2,"calibrated apparent front/radius slopes; not a physical diffusion coefficient until particle identity, front mask, and pixel calibration are manually confirmed",0.0,0.0403794698029524,1.4335839802004873,133.74763299816334,negative,positive,positive,positive,3,1,positive,False,True,False,True,True,False,False,False,False,-2.424950321586e-16,2.864937236969792e-18
cycle58_front3_obj9,58.0,7_c2_x10_290623,3,9,0.76680520822987,control_balancing,706,232,898,424,802.0759493670884,327.746835443038,32,9248.984282493591,2.4560546875,0.0330403645833333,0.1103244357638889,/scratch/u6hp/nsagar.u6hp/Alek_Jiho/derived/control_balanced_front_tracking/roi_traces/cycle58_front3_obj9_front_tracking.csv,/scratch/u6hp/nsagar.u6hp/Alek_Jiho/derived/control_balanced_front_tracking/plots/cycle58_front3_obj9_front_tracking.png,/scratch/u6hp/nsagar.u6hp/Alek_Jiho/derived/control_balanced_front_tracking/crop_previews/cycle58_front3_obj9_crop_preview.png,1.0,52.316802978515625,5,319.87891318359374,106.62630439453125,-0.3107419995182605,0.4941175723622125,32,-0.0776854998795651,0.1490401078650065,0.4879799601095249,-0.3230605971616088,0.4689527046375001,0.2121234070718645,0.096,0.009216,-0.0028637982675602,-0.00071594956689,0.0013735536340838,-0.0029773264634413,0.0203638470788989,76.99929113924048,31.463696202531647,,,,,,,,,cycle58_front3_obj9,cycle58_rank3_obj9,-0.00071594956689,-0.0028637982675602,0.4941175723622125,0.0013735536340838,-0.0029773264634413,5.146574119246382,0.003956777189459927,control,0,60.0,0.8161872484866202,-3.0287723826118747e-06,3.0287723826118747e-06,0.0,1.0,1.3076923076923077,-0.001753199476045,-0.0009051869492093,1.0,0.5480769230769231,single_persistent_drop_needs_roi_qc,pending,no automatic front-tracking warning,"calibrated apparent front/radius slopes; not a physical diffusion coefficient until particle identity, front mask, and pixel calibration are manually confirmed",0.0,0.0628484830454229,1.1789865116787182,107.14925074879636,negative,positive,negative,negative,1,3,negative,False,False,False,True,False,True,False,False,False,-7.1594956689e-16,-3.0287723826118747e-18
cycle60_front5_obj18,60.0,7_c2_x10_290623,5,18,7.145111200594751,event_comparator,1566,34,1758,226,1661.5873015873017,130.34920634920636,32,9244.402400493622,2.50634765625,0.0106336805555555,0.2577311197916667,/scratch/u6hp/nsagar.u6hp/Alek_Jiho/derived/control_balanced_front_tracking/roi_traces/cycle60_front5_obj18_front_tracking.csv,/scratch/u6hp/nsagar.u6hp/Alek_Jiho/derived/control_balanced_front_tracking/plots/cycle60_front5_obj18_front_tracking.png,/scratch/u6hp/nsagar.u6hp/Alek_Jiho/derived/control_balanced_front_tracking/crop_previews/cycle60_front5_obj18_crop_preview.png,1.0,16.20509147644043,5,316.2324990234375,105.4108330078125,0.0062238076182486,0.0009244415765347,32,0.0015559519045621,0.3048486984737928,0.9771405122386384,-0.0157083789238047,0.0045353100607685,0.2236340951674545,0.096,0.009216,5.7358611009779104e-05,1.4339652752444312e-05,0.0028094856051344,-0.0001447684201617,0.0214688731360756,159.51238095238097,12.51352380952381,,,,,,,,,cycle60_front5_obj18,cycle60_rank5_obj18,1.4339652752444312e-05,5.7358611009779104e-05,0.0009244415765347,0.0028094856051344,-0.0001447684201617,0.7281799786507329,0.029482921483032172,event,1,60.0,1.236404564188312,-3.7616948823796086e-06,3.7616948823796086e-06,0.0,1.0,0.6923076923076923,-0.0020321633370331,-0.0012587529861483,0.2857142857142857,-0.2884615384615384,single_persistent_drop_needs_roi_qc,pending,low radius2 fit R2,"calibrated apparent front/radius slopes; not a physical diffusion coefficient until particle identity, front mask, and pixel calibration are manually confirmed",0.0,0.0752658481906821,1.4069679494122054,127.84340171726622,positive,positive,negative,negative,2,2,mixed,True,False,False,True,False,True,False,False,False,1.4339652752444312e-17,-3.761694882379609e-18
cycle60_front3_obj9,60.0,7_c2_x10_290623,3,9,6.845413173735752,event_comparator,705,226,897,418,800.7027027027027,321.94594594594594,32,9244.402400493622,-1.68359375,0.0264485677083333,0.2061089409722222,/scratch/u6hp/nsagar.u6hp/Alek_Jiho/derived/control_balanced_front_tracking/roi_traces/cycle60_front3_obj9_front_tracking.csv,/scratch/u6hp/nsagar.u6hp/Alek_Jiho/derived/control_balanced_front_tracking/plots/cycle60_front3_obj9_front_tracking.png,/scratch/u6hp/nsagar.u6hp/Alek_Jiho/derived/control_balanced_front_tracking/crop_previews/cycle60_front3_obj9_crop_preview.png,1.0,51.84080505371094,5,318.38690214843746,106.12896738281248,-0.0703684686535671,0.0726171186550763,32,-0.0175921171633917,0.284406249118439,0.931099568336182,-0.0580054360415272,0.0368052784415307,0.2236340951674545,0.096,0.009216,-0.0006485158071112,-0.0001621289517778,0.0026210879918755,-0.0005345780985587,0.0214688731360756,76.86745945945947,30.90681081081081,,,,,,,,,cycle60_front3_obj9,cycle60_rank3_obj9,-0.0001621289517778,-0.0006485158071112,0.0726171186550763,0.0026210879918755,-0.0005345780985587,2.4484977198308426,0.008768181796615602,event,1,60.0,2.4945534720369364,-5.211058363880742e-06,5.211058363880742e-06,0.0,1.0,1.4423076923076923,-0.0031387359613537,-0.0024255226661141,1.0,0.6057692307692307,single_persistent_drop_needs_roi_qc,pending,low radius2 fit R2,"calibrated apparent front/radius slopes; not a physical diffusion coefficient until particle identity, front mask, and pixel calibration are manually confirmed",0.0,0.012297600845853,0.2910114895925676,26.756533319684603,negative,positive,negative,negative,1,3,negative,False,False,False,True,False,True,False,False,False,-1.621289517778e-16,-5.211058363880742e-18
cycle60_front1_obj1,60.0,7_c2_x10_290623,1,1,3.823198724983257,event_comparator,1234,19,1426,211,1330.3188405797105,115.18840579710144,32,9244.402400493622,0.716796875,0.0165473090277777,0.2456597222222222,/scratch/u6hp/nsagar.u6hp/Alek_Jiho/derived/control_balanced_front_tracking/roi_traces/cycle60_front1_obj1_front_tracking.csv,/scratch/u6hp/nsagar.u6hp/Alek_Jiho/derived/control_balanced_front_tracking/plots/cycle60_front1_obj1_front_tracking.png,/scratch/u6hp/nsagar.u6hp/Alek_Jiho/derived/control_balanced_front_tracking/crop_previews/cycle60_front1_obj1_crop_preview.png,1.0,6.792762279510498,5,328.6637525390625,109.5545841796875,-0.0288380082600111,0.0034638530624636,32,-0.0072095020650027,0.2794916200207809,0.917277760440437,0.2344359564484721,0.0327247921575282,0.2236340951674545,0.096,0.009216,-0.0002657710841242,-6.644277103106488e-05,0.0025757947701115,0.0021605617746291,0.0214688731360756,127.7106086956522,11.058086956521738,,,,,,,,,cycle60_front1_obj1,cycle60_rank1_obj1,-6.644277103106488e-05,-0.0002657710841242,0.0034638530624636,0.0025757947701115,0.0021605617746291,1.5674485152819364,0.013696700674225336,event,1,60.0,1.990971834925495,-3.083948958163193e-06,3.083948958163193e-06,0.0,1.0,0.7884615384615384,-0.0022880851936856,-0.0011279880845644,1.0,0.451923076923077,single_persistent_drop_needs_roi_qc,pending,low radius2 fit R2,"calibrated apparent front/radius slopes; not a physical diffusion coefficient until particle identity, front mask, and pixel calibration are manually confirmed",0.0,0.0641976145438083,1.6740081584968691,154.54181221949383,negative,positive,positive,negative,2,2,mixed,False,False,False,True,False,True,False,False,False,-6.644277103106488e-17,-3.0839489581631927e-18
cycle60_front2_obj2,60.0,7_c2_x10_290623,2,2,3.663859898191151,event_comparator,1084,938,1276,1130,1180.4,1033.6571428571428,32,9244.402400493622,20.5078125,0.01806640625,0.1991916232638889,/scratch/u6hp/nsagar.u6hp/Alek_Jiho/derived/control_balanced_front_tracking/roi_traces/cycle60_front2_obj2_front_tracking.csv,/scratch/u6hp/nsagar.u6hp/Alek_Jiho/derived/control_balanced_front_tracking/plots/cycle60_front2_obj2_front_tracking.png,/scratch/u6hp/nsagar.u6hp/Alek_Jiho/derived/control_balanced_front_tracking/crop_previews/cycle60_front2_obj2_crop_preview.png,1.0,41.52010726928711,5,318.63448476562496,106.211494921875,0.0035152613853414,0.00025187983658,32,0.0008788153463353,0.2348236871120068,0.8993093801025074,-0.0796989144862536,0.1772478156685403,0.2236340951674545,0.096,0.009216,3.239664892730634e-05,8.099162231826124e-06,0.0021641351004242,-0.0007345051959053,0.0214688731360756,113.3184,99.23108571428573,,,,,,,,,cycle60_front2_obj2,cycle60_rank2_obj2,8.099162231826124e-06,3.239664892730634e-05,0.00025187983658,0.0021641351004242,-0.0007345051959053,0.5472546565462371,0.03923013331959052,event,1,60.0,1.3721660201122636,4.057906823151882e-06,4.057906823151882e-06,1.0,0.0,0.5576923076923077,0.0014614425143742,0.0020364586241015,1.0,0.9134615384615384,single_persistent_drop_needs_roi_qc,pending,low radius2 fit R2,"calibrated apparent front/radius slopes; not a physical diffusion coefficient until particle identity, front mask, and pixel calibration are manually confirmed",0.0,0.0145373191348876,0.2466247914899216,22.280397346083262,positive,positive,negative,positive,3,1,positive,True,True,False,True,True,False,False,False,False,8.099162231826123e-18,4.057906823151882e-18
cycle60_front4_obj5,60.0,7_c2_x10_290623,4,5,2.716117818700155,event_comparator,472,73,664,265,568.3137254901961,169.0196078431373,32,9244.402400493622,-5.1181640625,0.0145128038194444,0.2325575086805555,/scratch/u6hp/nsagar.u6hp/Alek_Jiho/derived/control_balanced_front_tracking/roi_traces/cycle60_front4_obj5_front_tracking.csv,/scratch/u6hp/nsagar.u6hp/Alek_Jiho/derived/control_balanced_front_tracking/plots/cycle60_front4_obj5_front_tracking.png,/scratch/u6hp/nsagar.u6hp/Alek_Jiho/derived/control_balanced_front_tracking/crop_previews/cycle60_front4_obj5_crop_preview.png,1.0,4.15516471862793,5,320.32847109374995,106.77615703125,0.0771552926946431,0.026433278037361,32,0.0192888231736607,0.2809767243970221,0.9698454934617604,0.4643361174441668,0.1596989946876353,0.2236340951674545,0.096,0.009216,0.0007110631774738,0.0001777657943684,0.0025894814920429,0.0042793216583654,0.0214688731360756,54.55811764705883,16.22588235294118,,,,,,,,,cycle60_front4_obj5,cycle60_rank4_obj5,0.0001777657943684,0.0007110631774738,0.026433278037361,0.0025894814920429,0.0042793216583654,2.5638553283563836,0.008373667928384516,event,1,60.0,1.5337954930279185,1.2281125674270095e-06,1.2281125674270095e-06,1.0,0.0,1.0192307692307692,-0.0005551345535934,0.0016238849771806,1.0,0.4903846153846154,single_persistent_drop_needs_roi_qc,pending,low radius2 fit R2,"calibrated apparent front/radius slopes; not a physical diffusion coefficient until particle identity, front mask, and pixel calibration are manually confirmed",0.0,0.0479620866049027,1.3852872488399692,128.38321557456638,positive,positive,positive,positive,4,0,positive,True,True,False,True,False,False,False,False,False,1.777657943684e-16,1.2281125674270095e-18
cycle60_front6_obj26,60.0,7_c2_x10_290623,6,26,2.554108783516324,event_comparator,1136,747,1328,939,1231.8333333333333,843.4166666666665,32,9244.402400493622,-5.51123046875,0.0203993055555555,0.1852213541666666,/scratch/u6hp/nsagar.u6hp/Alek_Jiho/derived/control_balanced_front_tracking/roi_traces/cycle60_front6_obj26_front_tracking.csv,/scratch/u6hp/nsagar.u6hp/Alek_Jiho/derived/control_balanced_front_tracking/plots/cycle60_front6_obj26_front_tracking.png,/scratch/u6hp/nsagar.u6hp/Alek_Jiho/derived/control_balanced_front_tracking/crop_previews/cycle60_front6_obj26_crop_preview.png,-1.0,-4.3257927894592285,5,316.88620400390624,105.62873466796874,-0.0314979840913031,0.0157462665702511,32,-0.0078744960228257,0.2647522199350213,0.967921409603652,-0.084422819020925,0.2292955324301664,0.2236340951674545,0.096,0.009216,-0.0002902854213854,-7.257135534636165e-05,0.0024399564589211,-0.0007780407000968,0.0214688731360756,118.256,80.96799999999999,,,,,,,,,cycle60_front6_obj26,cycle60_rank6_obj26,-7.257135534636165e-05,-0.0002902854213854,0.0157462665702511,0.0024399564589211,-0.0007780407000968,1.6381438417561183,0.013105609280965585,event,1,60.0,1.320031653911962,-1.8443187539815653e-06,1.8443187539815653e-06,0.2857142857142857,0.7142857142857143,0.0480769230769231,-0.0024215796623317,0.0006032052496146,1.0,0.625,single_persistent_drop_needs_roi_qc,pending,low radius2 fit R2,"calibrated apparent front/radius slopes; not a physical diffusion coefficient until particle identity, front mask, and pixel calibration are manually confirmed",0.0,0.0325396529678882,0.9719437499740696,90.1827933125934,negative,positive,negative,negative,1,3,negative,False,False,False,True,False,False,False,False,False,-7.257135534636165e-17,-1.844318753981565e-18
cycle62_front2_obj2,62.0,7_c2_x10_290623,2,2,7.676446806717729,control_balancing,1229,12,1421,204,1324.629213483146,108.42696629213484,32,9242.495077371595,-13.0224609375,0.0491536458333333,0.2328559027777778,/scratch/u6hp/nsagar.u6hp/Alek_Jiho/derived/control_balanced_front_tracking/roi_traces/cycle62_front2_obj2_front_tracking.csv,/scratch/u6hp/nsagar.u6hp/Alek_Jiho/derived/control_balanced_front_tracking/plots/cycle62_front2_obj2_front_tracking.png,/scratch/u6hp/nsagar.u6hp/Alek_Jiho/derived/control_balanced_front_tracking/crop_previews/cycle62_front2_obj2_crop_preview.png,1.0,5.938949108123779,5,349.2608888671875,116.42029628906248,-0.0224418748945663,0.0030251706562672,32,-0.0056104687236415,0.2129224777161297,0.8532543608387206,0.1244016203416298,0.0107142784088545,0.2500244143604941,0.096,0.009216,-0.0002068243190283,-5.170607975708007e-05,0.0019622935546318,0.0011464853330684,0.0240023437786074,127.16440449438204,10.408988764044944,,,,,,,,,cycle62_front2_obj2,cycle62_rank2_obj2,-5.170607975708007e-05,-0.0002068243190283,0.0030251706562672,0.0019622935546318,0.0011464853330684,1.3825963801846854,0.017360340387554896,control,0,60.0,2.079343177314194,-3.462629960463573e-06,3.462629960463573e-06,0.0,1.0,0.6923076923076923,-0.0019392272986823,-0.0010952044790854,0.7142857142857143,-0.4038461538461538,single_persistent_drop_needs_roi_qc,pending,low radius2 fit R2,"calibrated apparent front/radius slopes; not a physical diffusion coefficient until particle identity, front mask, and pixel calibration are manually confirmed",0.0,0.0468083467797382,1.294120817587713,119.74199719756558,negative,positive,positive,negative,2,2,mixed,False,False,False,True,False,True,False,False,False,-5.1706079757080074e-17,-3.462629960463573e-18
cycle62_front3_obj9,62.0,7_c2_x10_290623,3,9,3.4465281481485666,control_balancing,702,222,894,414,798.3291139240506,318.0253164556962,32,9242.495077371595,28.61328125,0.0445692274305555,0.1876627604166666,/scratch/u6hp/nsagar.u6hp/Alek_Jiho/derived/control_balanced_front_tracking/roi_traces/cycle62_front3_obj9_front_tracking.csv,/scratch/u6hp/nsagar.u6hp/Alek_Jiho/derived/control_balanced_front_tracking/plots/cycle62_front3_obj9_front_tracking.png,/scratch/u6hp/nsagar.u6hp/Alek_Jiho/derived/control_balanced_front_tracking/crop_previews/cycle62_front3_obj9_crop_preview.png,1.0,50.94731140136719,5,341.151472265625,113.717157421875,-0.1001647952015911,0.0900468863573038,32,-0.0250411988003977,0.2309078045272736,0.8388901080122694,-0.0566584847014144,0.0508768546141931,0.2500244143604941,0.096,0.009216,-0.0009231187525778,-0.0002307796881444,0.0021280463265233,-0.0005221645950082,0.0240023437786074,76.63959493670886,30.53043037974684,,,,,,,,,cycle62_front3_obj9,cycle62_rank3_obj9,-0.0002307796881444,-0.0009231187525778,0.0900468863573038,0.0021280463265233,-0.0005221645950082,2.9209451426772337,0.008217320971871354,control,0,60.0,1.5226033969557806,-4.786834628991654e-06,4.786834628991654e-06,0.0,1.0,0.8076923076923077,-0.0024428686121499,-0.0016872991400193,1.0,0.5096153846153847,single_persistent_drop_needs_roi_qc,pending,low radius2 fit R2,"calibrated apparent front/radius slopes; not a physical diffusion coefficient until particle identity, front mask, and pixel calibration are manually confirmed",0.0,0.0157137227663285,0.3285565325879182,30.03290974287261,negative,positive,negative,negative,1,3,negative,False,False,False,True,False,True,False,False,False,-2.307796881444e-16,-4.786834628991654e-18
cycle62_front1_obj4,62.0,7_c2_x10_290623,1,4,2.934240955613564,control_balancing,1081,928,1273,1120,1176.79012345679,1024.3456790123455,32,9242.495077371595,39.19140625,0.0411783854166666,0.178955078125,/scratch/u6hp/nsagar.u6hp/Alek_Jiho/derived/control_balanced_front_tracking/roi_traces/cycle62_front1_obj4_front_tracking.csv,/scratch/u6hp/nsagar.u6hp/Alek_Jiho/derived/control_balanced_front_tracking/plots/cycle62_front1_obj4_front_tracking.png,/scratch/u6hp/nsagar.u6hp/Alek_Jiho/derived/control_balanced_front_tracking/crop_previews/cycle62_front1_obj4_crop_preview.png,1.0,29.840126037597656,5,340.69539902343746,113.56513300781248,0.0138516896258882,0.0027213888046516,32,0.003462922406472,0.1801003657186201,0.7725586227578546,-0.1012095368285208,0.3167544732157008,0.2500244143604941,0.096,0.009216,0.0001276571715921,3.191429289804595e-05,0.0016598049704628,-0.0009327470914116,0.0240023437786074,112.97185185185184,98.33718518518516,,,,,,,,,cycle62_front1_obj4,cycle62_rank1_obj4,3.191429289804595e-05,0.0001276571715921,0.0027213888046516,0.0016598049704628,-0.0009327470914116,1.0862185691798707,0.022097158398543974,control,0,60.0,1.9750338827400629,2.18166299218825e-06,2.18166299218825e-06,1.0,0.0,0.5769230769230769,0.0004698356252449,0.0013961018638097,1.0,0.5865384615384616,single_persistent_drop_needs_roi_qc,pending,low radius2 fit R2,"calibrated apparent front/radius slopes; not a physical diffusion coefficient until particle identity, front mask, and pixel calibration are manually confirmed",0.0,0.0122590160914166,0.1362215562013675,11.900403850555287,positive,positive,negative,positive,3,1,positive,True,True,False,True,True,False,False,False,False,3.191429289804595e-17,2.18166299218825e-18
cycle62_front4_obj1,62.0,7_c2_x10_290623,4,1,1.1201096634850307,control_balancing,470,71,662,263,566.4,166.8,32,9242.495077371595,0.748046875,0.0437825520833333,0.21826171875,/scratch/u6hp/nsagar.u6hp/Alek_Jiho/derived/control_balanced_front_tracking/roi_traces/cycle62_front4_obj1_front_tracking.csv,/scratch/u6hp/nsagar.u6hp/Alek_Jiho/derived/control_balanced_front_tracking/plots/cycle62_front4_obj1_front_tracking.png,/scratch/u6hp/nsagar.u6hp/Alek_Jiho/derived/control_balanced_front_tracking/crop_previews/cycle62_front4_obj1_crop_preview.png,1.0,6.034795761108398,5,345.19314990234375,115.06438330078124,0.0947345419897283,0.0493871148807443,32,0.023683635497432,0.2169680285176863,0.908834501174869,0.4488554709876698,0.1493929345245016,0.2500244143604941,0.096,0.009216,0.0008730735389773,0.0002182683847443,0.0019995773508189,0.0041366520206223,0.0240023437786074,54.3744,16.012800000000002,,,,,,,,,cycle62_front4_obj1,cycle62_rank4_obj1,0.0002182683847443,0.0008730735389773,0.0493871148807443,0.0019995773508189,0.0041366520206223,2.8406650429399614,0.00844955086776653,control,0,60.0,1.1137010944495138,-6.537967484022862e-07,6.537967484022862e-07,0.2857142857142857,0.7142857142857143,0.0865384615384615,-0.0019050116271623,0.0009081320855663,1.0,0.2596153846153847,single_persistent_drop_needs_roi_qc,pending,low radius2 fit R2,"calibrated apparent front/radius slopes; not a physical diffusion coefficient until particle identity, front mask, and pixel calibration are manually confirmed",0.0,0.0323508201671142,0.8839942218507277,81.7577665616269,positive,positive,positive,negative,3,1,positive,True,False,False,True,False,False,False,False,False,2.182683847443e-16,-6.537967484022862e-19
cycle86_front6_obj78,86.0,10_c2_x10_030723,6,78,2.828290284175686,event_comparator,455,118,647,310,550.9333333333333,214.4,32,9098.54734659195,-1.4853515625,0.0234103732638888,0.1013454861111111,/scratch/u6hp/nsagar.u6hp/Alek_Jiho/derived/control_balanced_front_tracking/roi_traces/cycle86_front6_obj78_front_tracking.csv,/scratch/u6hp/nsagar.u6hp/Alek_Jiho/derived/control_balanced_front_tracking/plots/cycle86_front6_obj78_front_tracking.png,/scratch/u6hp/nsagar.u6hp/Alek_Jiho/derived/control_balanced_front_tracking/crop_previews/cycle86_front6_obj78_crop_preview.png,1.0,12.824847221374512,5,324.3180260742187,108.10600869140625,-0.155430948142084,0.1483056111459313,32,-0.038857737035521,0.1165324147408068,0.2282456129284914,0.1210122584517668,0.0237774336388036,0.2236340951674545,0.096,0.009216,-0.0014324516180774,-0.0003581129045193,0.0010739627342512,0.0011152489738914,0.0214688731360756,52.8896,20.5824,,,,,,,,,cycle86_front6_obj78,cycle86_rank6_obj78,-0.0003581129045193,-0.0014324516180774,0.1483056111459313,0.0010739627342512,0.0011152489738914,3.6101563496307847,0.0059467987136543965,event,1,86.0,1.85813722649508,3.037250094731361e-07,3.037250094731361e-07,0.7142857142857143,0.2857142857142857,0.0096153846153846,-0.0006152955415858,0.0015205327198894,1.0,0.3173076923076923,synchronized_persistent_drop_low_frame_count,pending,low radius2 fit R2,"calibrated apparent front/radius slopes; not a physical diffusion coefficient until particle identity, front mask, and pixel calibration are manually confirmed",0.0,0.1172146742621079,2.117214674262108,263.6357141085912,negative,positive,positive,positive,3,1,positive,False,True,False,True,False,False,False,False,False,-3.581129045193e-16,3.0372500947313613e-19
cycle88_front2_obj4,88.0,10_c2_x10_030723,2,4,2.548955071864824,control_balancing,1239,75,1431,267,1335.142857142857,170.57142857142858,32,9106.495541334152,3.564453125,0.02392578125,0.0311143663194444,/scratch/u6hp/nsagar.u6hp/Alek_Jiho/derived/control_balanced_front_tracking/roi_traces/cycle88_front2_obj4_front_tracking.csv,/scratch/u6hp/nsagar.u6hp/Alek_Jiho/derived/control_balanced_front_tracking/plots/cycle88_front2_obj4_front_tracking.png,/scratch/u6hp/nsagar.u6hp/Alek_Jiho/derived/control_balanced_front_tracking/crop_previews/cycle88_front2_obj4_crop_preview.png,1.0,41.68055725097656,5,353.0636709960937,117.68789033203124,-0.0590934554675748,0.0456338714115981,32,-0.0147733638668937,0.1445933031830604,0.2278346135394208,0.0213414443280934,0.0009932046303942,0.1802674140626475,0.096,0.009216,-0.0005446052855891,-0.0001361513213972,0.001332571882135,0.0001966827509277,0.0173056717500141,128.17371428571428,16.374857142857145,,,,,,,,,cycle88_front2_obj4,cycle88_rank2_obj4,-0.0001361513213972,-0.0005446052855891,0.0456338714115981,0.001332571882135,0.0001966827509277,2.226981276303003,0.007770910305426156,control,0,86.0,0.6746893715851342,-7.225978577165878e-06,7.225978577165878e-06,0.0,1.0,0.6923076923076923,-0.0036449636617903,-0.0025795640471543,0.8571428571428571,-0.1923076923076923,synchronized_persistent_drop_low_frame_count,pending,low radius2 fit R2,"calibrated apparent front/radius slopes; not a physical diffusion coefficient until particle identity, front mask, and pixel calibration are manually confirmed",0.0,0.1147381279045059,2.114738127904506,301.11490381927223,negative,positive,positive,negative,2,2,mixed,False,False,False,True,False,True,False,False,False,-1.361513213972e-16,-7.225978577165878e-18
cycle88_front3_obj6,88.0,10_c2_x10_030723,3,6,0.5240252181444861,control_balancing,1087,987,1279,1179,1182.9565217391305,1082.8695652173913,32,9106.495541334152,-3.455078125,0.0276963975694444,0.0292426215277777,/scratch/u6hp/nsagar.u6hp/Alek_Jiho/derived/control_balanced_front_tracking/roi_traces/cycle88_front3_obj6_front_tracking.csv,/scratch/u6hp/nsagar.u6hp/Alek_Jiho/derived/control_balanced_front_tracking/plots/cycle88_front3_obj6_front_tracking.png,/scratch/u6hp/nsagar.u6hp/Alek_Jiho/derived/control_balanced_front_tracking/crop_previews/cycle88_front3_obj6_crop_preview.png,-1.0,-4.498959064483643,5,338.7212534179687,112.90708447265624,0.1040268906330367,0.2014212542735514,32,0.0260067226582591,0.1085530149171573,0.2824724285741683,0.1043252849633161,0.3413289735003016,0.1802674140626475,0.096,0.009216,0.000958711824074,0.0002396779560185,0.0010004245854765,0.0009614618262219,0.0173056717500141,113.56382608695652,103.95547826086955,,,,,,,,,cycle88_front3_obj6,cycle88_rank3_obj6,0.0002396779560185,0.000958711824074,0.2014212542735514,0.0010004245854765,0.0009614618262219,2.954742789373419,0.005856913099933118,control,0,86.0,0.7769960856294926,-7.196085702871549e-06,7.196085702871549e-06,0.0,1.0,0.75,-0.0034794403593199,-0.0027364232916502,1.0,0.5865384615384617,synchronized_persistent_drop_low_frame_count,pending,small active-front area,"calibrated apparent front/radius slopes; not a physical diffusion coefficient until particle identity, front mask, and pixel calibration are manually confirmed",0.0,0.0122007738723718,0.284408037863803,26.13189734317739,positive,positive,positive,negative,3,1,positive,True,False,False,True,False,True,False,False,False,2.396779560185e-16,-7.196085702871548e-18
cycle88_front4_obj8,88.0,10_c2_x10_030723,4,8,0.2729973845536271,control_balancing,1565,94,1757,286,1660.7633587786258,189.7404580152672,32,9106.495541334152,-0.58203125,0.02490234375,0.0335015190972222,/scratch/u6hp/nsagar.u6hp/Alek_Jiho/derived/control_balanced_front_tracking/roi_traces/cycle88_front4_obj8_front_tracking.csv,/scratch/u6hp/nsagar.u6hp/Alek_Jiho/derived/control_balanced_front_tracking/plots/cycle88_front4_obj8_front_tracking.png,/scratch/u6hp/nsagar.u6hp/Alek_Jiho/derived/control_balanced_front_tracking/crop_previews/cycle88_front4_obj8_crop_preview.png,1.0,44.67255401611328,5,342.6174219726562,114.20580732421874,-0.0201869723784701,0.0111569605170388,32,-0.0050467430946175,0.1741702006690716,0.1850958783421622,-0.0737615858366289,0.0668088490926909,0.1802674140626475,0.096,0.009216,-0.0001860431374399,-4.651078435999488e-05,0.0016051525693661,-0.0006797867750703,0.0173056717500141,159.4332824427481,18.215083969465653,,,,,,,,,cycle88_front4_obj8,cycle88_rank4_obj8,-4.651078435999488e-05,-0.0001860431374399,0.0111569605170388,0.0016051525693661,-0.0006797867750703,1.3016147669691929,0.013295540423462097,control,0,86.0,0.5810432952277503,-1.0421746801140351e-05,1.0421746801140351e-05,0.0,1.0,0.6923076923076923,-0.0049955283868146,-0.0039209776275948,1.0,0.3173076923076924,synchronized_persistent_drop_low_frame_count,pending,low radius2 fit R2,"calibrated apparent front/radius slopes; not a physical diffusion coefficient until particle identity, front mask, and pixel calibration are manually confirmed",0.0,0.0166098018735763,0.4529371542280994,41.88742582603422,negative,positive,negative,negative,1,3,negative,False,False,False,True,False,True,False,False,False,-4.651078435999488e-17,-1.042174680114035e-17
cycle88_front5_obj9,88.0,10_c2_x10_030723,5,9,0.0221993187878007,control_balancing,714,288,906,480,810.4086021505376,383.65591397849454,32,9106.495541334152,-23.4931640625,0.0512424045138888,0.0432400173611111,/scratch/u6hp/nsagar.u6hp/Alek_Jiho/derived/control_balanced_front_tracking/roi_traces/cycle88_front5_obj9_front_tracking.csv,/scratch/u6hp/nsagar.u6hp/Alek_Jiho/derived/control_balanced_front_tracking/plots/cycle88_front5_obj9_front_tracking.png,/scratch/u6hp/nsagar.u6hp/Alek_Jiho/derived/control_balanced_front_tracking/crop_previews/cycle88_front5_obj9_crop_preview.png,1.0,14.348917961120604,5,337.42253056640624,112.47417685546874,-0.1189928040353342,0.2109520588269856,32,-0.0297482010088335,0.1475841531998219,0.232430607186333,-0.0038254779445085,0.0001558052226373,0.1802674140626475,0.096,0.009216,-0.0010966376819896,-0.0002741594204974,0.0013601355558895,-3.525560473659033e-05,0.0173056717500141,77.79922580645162,36.830967741935474,,,,,,,,,cycle88_front5_obj9,cycle88_rank5_obj9,-0.0002741594204974,-0.0010966376819896,0.2109520588269856,0.0013601355558895,-3.525560473659033e-05,3.1601465411428804,0.00547622444867871,control,0,86.0,0.9442061661567512,-2.4611759027235795e-06,2.4611759027235795e-06,0.4285714285714285,0.5714285714285714,-0.25,-0.0019430002277727,-0.0001803500749614,1.0,0.528846153846154,synchronized_persistent_drop_low_frame_count,pending,no automatic front-tracking warning,"calibrated apparent front/radius slopes; not a physical diffusion coefficient until particle identity, front mask, and pixel calibration are manually confirmed",0.0,0.0221719459336797,0.2934256261034118,26.040353296294285,negative,positive,negative,negative,1,3,negative,False,False,False,True,False,True,False,False,False,-2.741594204974e-16,-2.4611759027235794e-18
cycle90_front6_obj3,90.0,10_c2_x10_030723,6,3,1.0222437150538166,control_balancing,477,137,669,329,572.7058823529412,232.7843137254902,32,9100.727631568909,-4.0869140625,0.0284016927083333,0.0385470920138888,/scratch/u6hp/nsagar.u6hp/Alek_Jiho/derived/control_balanced_front_tracking/roi_traces/cycle90_front6_obj3_front_tracking.csv,/scratch/u6hp/nsagar.u6hp/Alek_Jiho/derived/control_balanced_front_tracking/plots/cycle90_front6_obj3_front_tracking.png,/scratch/u6hp/nsagar.u6hp/Alek_Jiho/derived/control_balanced_front_tracking/crop_previews/cycle90_front6_obj3_crop_preview.png,1.0,10.537577629089355,5,328.80708984375,109.60236328125,-0.1649299242635996,0.1358897516391021,32,-0.0412324810658999,0.0407346747435697,0.1893284818523632,-0.2963271212744272,0.0726023305746993,0.2121234070718645,0.096,0.009216,-0.0015199941820133,-0.0003799985455033,0.0003754107624367,-0.0027309507496651,0.0203638470788989,54.97976470588236,22.34729411764706,,,,,,,,,cycle90_front6_obj3,cycle90_rank6_obj3,-0.0003799985455033,-0.0015199941820133,0.1358897516391021,0.0003754107624367,-0.0027309507496651,3.71928125476851,0.0054752103118822495,control,0,86.0,1.289483423927142,-2.207513270481485e-06,2.207513270481485e-06,0.0,1.0,0.7692307692307692,-0.0016925403426849,-0.0002755216823947,1.0,0.1826923076923077,synchronized_persistent_drop_low_frame_count,pending,low radius2 fit R2,"calibrated apparent front/radius slopes; not a physical diffusion coefficient until particle identity, front mask, and pixel calibration are manually confirmed",0.0,0.0775396407326699,1.947755933203154,179.54076407716647,negative,positive,negative,negative,1,3,negative,False,False,False,True,False,True,False,False,False,-3.799985455033e-16,-2.207513270481485e-18
cycle90_front3_obj4,90.0,10_c2_x10_030723,3,4,-0.0909036875015433,control_balancing,1240,77,1432,269,1335.5280898876404,172.67415730337075,32,9100.727631568909,2.9345703125,0.0240614149305555,0.0334201388888888,/scratch/u6hp/nsagar.u6hp/Alek_Jiho/derived/control_balanced_front_tracking/roi_traces/cycle90_front3_obj4_front_tracking.csv,/scratch/u6hp/nsagar.u6hp/Alek_Jiho/derived/control_balanced_front_tracking/plots/cycle90_front3_obj4_front_tracking.png,/scratch/u6hp/nsagar.u6hp/Alek_Jiho/derived/control_balanced_front_tracking/crop_previews/cycle90_front3_obj4_crop_preview.png,1.0,19.642032623291016,5,333.51550312499995,111.171834375,-0.1509531614216439,0.1773063705863008,32,-0.0377382903554109,0.0407569041854776,0.1540557366262478,-0.4322701768198107,0.1994537203585692,0.2121234070718645,0.096,0.009216,-0.0013911843356618,-0.0003477960839154,0.0003756156289733,-0.0039838019495713,0.0203638470788989,128.2106966292135,16.576719101123594,,,,,,,,,cycle90_front3_obj4,cycle90_rank3_obj4,-0.0003477960839154,-0.0013911843356618,0.1773063705863008,0.0003756156289733,-0.0039838019495713,3.5582003490758045,0.005723074892111721,control,0,86.0,0.8739415527028875,-4.987521099504377e-06,4.987521099504377e-06,0.0,1.0,0.6346153846153846,-0.0026301936866103,-0.0017745543843461,1.0,0.0288461538461539,synchronized_persistent_drop_low_frame_count,pending,no automatic front-tracking warning,"calibrated apparent front/radius slopes; not a physical diffusion coefficient until particle identity, front mask, and pixel calibration are manually confirmed",0.0,0.0826541180475188,2.0826541180475187,207.9188205126364,negative,positive,negative,negative,1,3,negative,False,False,False,True,False,True,False,False,False,-3.477960839154e-16,-4.987521099504377e-18
cycle90_front5_obj10,90.0,10_c2_x10_030723,5,10,-1.004015492165658,control_balancing,715,287,907,479,810.7,383.05,32,9100.727631568909,-3.31787109375,0.0368109809027777,0.0422634548611111,/scratch/u6hp/nsagar.u6hp/Alek_Jiho/derived/control_balanced_front_tracking/roi_traces/cycle90_front5_obj10_front_tracking.csv,/scratch/u6hp/nsagar.u6hp/Alek_Jiho/derived/control_balanced_front_tracking/plots/cycle90_front5_obj10_front_tracking.png,/scratch/u6hp/nsagar.u6hp/Alek_Jiho/derived/control_balanced_front_tracking/crop_previews/cycle90_front5_obj10_crop_preview.png,1.0,44.130218505859375,5,319.2208646484375,106.4069548828125,-0.0958235006728621,0.0890348705572117,32,-0.0239558751682155,0.0946766332165307,0.1723873055025777,-0.0513787956248673,0.020679494353851,0.2121234070718645,0.096,0.009216,-0.000883109382201,-0.0002207773455502,0.0008725398517235,-0.0004735069804787,0.0203638470788989,77.8272,36.7728,,,,,,,,,cycle90_front5_obj10,cycle90_rank5_obj10,-0.0002207773455502,-0.000883109382201,0.0890348705572117,0.0008725398517235,-0.0004735069804787,2.834949374555812,0.007183143114183323,control,0,86.0,0.764701860494445,3.5984745915784e-07,3.5984745915784e-07,0.5714285714285714,0.4285714285714285,-0.5384615384615385,-0.0008259367737739,0.0011863217577626,1.0,0.5480769230769231,synchronized_persistent_drop_low_frame_count,pending,low radius2 fit R2,"calibrated apparent front/radius slopes; not a physical diffusion coefficient until particle identity, front mask, and pixel calibration are manually confirmed",0.0,0.019714153951194,0.2181110106218484,19.046098240382825,negative,positive,negative,positive,2,2,mixed,False,True,False,True,False,False,False,False,False,-2.2077734555019998e-16,3.5984745915784e-19
cycle118_front4_obj1,118.0,13_c2_x6_100723,4,1,-0.4393851171686899,control_balancing,490,136,682,328,586.0,232.0,32,9128.174013853071,-5.7197265625,0.0148111979166666,0.0370008680555555,/scratch/u6hp/nsagar.u6hp/Alek_Jiho/derived/control_balanced_front_tracking/roi_traces/cycle118_front4_obj1_front_tracking.csv,/scratch/u6hp/nsagar.u6hp/Alek_Jiho/derived/control_balanced_front_tracking/plots/cycle118_front4_obj1_front_tracking.png,/scratch/u6hp/nsagar.u6hp/Alek_Jiho/derived/control_balanced_front_tracking/crop_previews/cycle118_front4_obj1_crop_preview.png,1.0,12.92015266418457,5,324.5873264648437,108.19577548828124,-0.2271365266337946,0.234258801723971,32,-0.0567841316584486,0.0376830090548789,0.1779066088292186,-0.2974836689863042,0.0671652576024997,0.2500244143604941,0.096,0.009216,-0.002093290229457,-0.0005233225573642,0.0003472866114497,-0.0027416094933777,0.0240023437786074,56.256,22.272,,,,,,,,,cycle118_front4_obj1,cycle118_rank4_obj1,-0.0005233225573642,-0.002093290229457,0.234258801723971,0.0003472866114497,-0.0027416094933777,4.371260399013301,0.0054909434780012895,control,0,116.0,1.1051828859084512,1.899809183382682e-06,1.899809183382682e-06,1.0,0.0,0.6346153846153846,-4.553225062198349e-06,0.0017517381442471,1.0,0.6634615384615385,synchronized_persistent_drop_low_frame_count,pending,no automatic front-tracking warning,"calibrated apparent front/radius slopes; not a physical diffusion coefficient until particle identity, front mask, and pixel calibration are manually confirmed",0.0,0.1123044965345232,2.1123044965345232,402.1094612703504,negative,positive,negative,positive,2,2,mixed,False,True,False,True,False,False,False,False,False,-5.233225573642e-16,1.899809183382682e-18
cycle118_front1_obj7,118.0,13_c2_x6_100723,1,7,-1.010638192968047,control_balancing,1100,991,1292,1183,1196.1739130434785,1087.3043478260868,32,9128.174013853071,-6.4921875,0.0166558159722222,0.0397135416666666,/scratch/u6hp/nsagar.u6hp/Alek_Jiho/derived/control_balanced_front_tracking/roi_traces/cycle118_front1_obj7_front_tracking.csv,/scratch/u6hp/nsagar.u6hp/Alek_Jiho/derived/control_balanced_front_tracking/plots/cycle118_front1_obj7_front_tracking.png,/scratch/u6hp/nsagar.u6hp/Alek_Jiho/derived/control_balanced_front_tracking/crop_previews/cycle118_front1_obj7_crop_preview.png,1.0,30.66909408569336,5,321.3470346679687,107.11567822265624,-0.1521755062305604,0.3305164674794809,32,-0.0380438765576401,0.0720408823464626,0.1487208725793886,-0.0570328790295917,0.0533010195756062,0.2500244143604941,0.096,0.009216,-0.0014024494654208,-0.0003506123663552,0.0006639287717049,-0.0005256150131367,0.0240023437786074,114.83269565217394,104.38121739130432,,,,,,,,,cycle118_front1_obj7,cycle118_rank1_obj7,-0.0003506123663552,-0.0014024494654208,0.3305164674794809,0.0006639287717049,-0.0005256150131367,3.577960699336464,0.006708386646912767,control,0,116.0,0.5779761010946141,1.197560368428275e-06,1.197560368428275e-06,0.8571428571428571,0.1428571428571428,0.048076923076923,0.0003300695445888,0.0016323285591854,1.0,0.7980769230769231,synchronized_persistent_drop_low_frame_count,pending,no automatic front-tracking warning,"calibrated apparent front/radius slopes; not a physical diffusion coefficient until particle identity, front mask, and pixel calibration are manually confirmed",0.0,0.011851277063235,0.2086720418055889,18.894793415265976,negative,positive,negative,positive,2,2,mixed,False,True,False,True,True,False,False,False,False,-3.506123663552e-16,1.197560368428275e-18
cycle156_front7_obj27,156.0,18_c2_xN_HighHighCOV_170723,7,27,3.3189472209811486,event_comparator,1153,764,1345,956,1249.4246575342463,859.6164383561644,32,19462.05223107338,29.9375,0.0220811631944444,0.2235243055555555,/scratch/u6hp/nsagar.u6hp/Alek_Jiho/derived/control_balanced_front_tracking/roi_traces/cycle156_front7_obj27_front_tracking.csv,/scratch/u6hp/nsagar.u6hp/Alek_Jiho/derived/control_balanced_front_tracking/plots/cycle156_front7_obj27_front_tracking.png,/scratch/u6hp/nsagar.u6hp/Alek_Jiho/derived/control_balanced_front_tracking/crop_previews/cycle156_front7_obj27_crop_preview.png,-1.0,-2.3668620586395264,5,330.40117441406244,110.13372480468747,-0.1219461563455767,0.1938384584023161,32,-0.0304865390863941,0.0813134122323506,0.3812642865257144,-0.1082915930229191,0.0597818929282316,0.1802335506961064,0.096,0.009216,-0.0011238557768808,-0.0002809639442202,0.0007493844071333,-0.0009980153212992,0.0173024208668262,119.94476712328763,82.52317808219178,,,,,,,,,cycle156_front7_obj27,cycle156_rank7_obj27,-0.0002809639442202,-0.0011238557768808,0.1938384584023161,0.0007493844071333,-0.0009980153212992,4.676808722820261,0.003699621235822598,event,1,156.0,1.6668088838929638,1.3083161124387798e-06,1.3083161124387798e-06,1.0,0.0,0.9807692307692308,4.896711484741448e-05,0.000880753238871,1.0,0.701923076923077,single_persistent_drop_needs_roi_qc,pending,no automatic front-tracking warning,"calibrated apparent front/radius slopes; not a physical diffusion coefficient until particle identity, front mask, and pixel calibration are manually confirmed",0.0,0.0483677413583737,0.9884025980993092,90.2433462471298,negative,positive,negative,positive,2,2,mixed,False,True,False,True,True,False,False,False,False,-2.8096394422019996e-16,1.3083161124387799e-18
cycle156_front8_obj10,156.0,18_c2_xN_HighHighCOV_170723,8,10,2.593749351319924,event_comparator,1152,1008,1344,1200,1248.1333333333334,1131.8666666666666,32,19462.05223107338,443.7900390625,0.0125596788194444,0.2448187934027778,/scratch/u6hp/nsagar.u6hp/Alek_Jiho/derived/control_balanced_front_tracking/roi_traces/cycle156_front8_obj10_front_tracking.csv,/scratch/u6hp/nsagar.u6hp/Alek_Jiho/derived/control_balanced_front_tracking/plots/cycle156_front8_obj10_front_tracking.png,/scratch/u6hp/nsagar.u6hp/Alek_Jiho/derived/control_balanced_front_tracking/crop_previews/cycle156_front8_obj10_crop_preview.png,1.0,327.6962890625,5,351.176396484375,117.058798828125,0.0255255173627424,0.0683510943052313,32,0.0063813793406856,0.064998473046664,0.20494043928932,0.0716314476450187,0.2883831472734582,0.1802335506961064,0.096,0.009216,0.000235243168015,5.881079200375849e-05,0.000599025927598,0.0006601554214964,0.0173024208668262,119.82080000000002,108.6592,,,,,,,,,cycle156_front8_obj10,cycle156_rank8_obj10,5.881079200375849e-05,0.000235243168015,0.0683510943052313,0.000599025927598,0.0006601554214964,2.1396997039096632,0.008086378118953415,event,1,156.0,1.5796474218170364,-2.049368662829508e-06,2.049368662829508e-06,0.0,1.0,1.0,-0.0011532569070054,-0.000839568023227,1.0,0.4134615384615384,single_persistent_drop_needs_roi_qc,pending,low radius2 fit R2,"calibrated apparent front/radius slopes; not a physical diffusion coefficient until particle identity, front mask, and pixel calibration are manually confirmed",0.0,0.046486348672493,0.5429244033209359,47.65805324625051,positive,positive,positive,negative,3,1,positive,True,False,False,True,False,True,False,False,False,5.881079200375849e-17,-2.0493686628295082e-18
cycle156_front1_obj1,156.0,18_c2_xN_HighHighCOV_170723,1,1,2.5148246363605105,event_comparator,1249,36,1441,228,1345.2307692307693,131.8041958041958,32,19462.05223107338,151.326171875,0.0173882378472222,0.1655815972222222,/scratch/u6hp/nsagar.u6hp/Alek_Jiho/derived/control_balanced_front_tracking/roi_traces/cycle156_front1_obj1_front_tracking.csv,/scratch/u6hp/nsagar.u6hp/Alek_Jiho/derived/control_balanced_front_tracking/plots/cycle156_front1_obj1_front_tracking.png,/scratch/u6hp/nsagar.u6hp/Alek_Jiho/derived/control_balanced_front_tracking/crop_previews/cycle156_front1_obj1_crop_preview.png,1.0,100.60948944091795,5,335.83496132812496,111.944987109375,-0.1140280517937364,0.1696420000041157,32,-0.0285070129484341,0.053944894486649,0.4405933787371224,-0.201295342196492,0.1482846797337761,0.1802335506961064,0.096,0.009216,-0.001050882525331,-0.0002627206313327,0.0004971561475889,-0.0018551378736828,0.0173024208668262,129.14215384615386,12.653202797202798,,,,,,,,,cycle156_front1_obj1,cycle156_rank1_obj1,-0.0002627206313327,-0.001050882525331,0.1696420000041157,0.0004971561475889,-0.0018551378736828,4.522425300291229,0.0038259163430984654,event,1,156.0,1.5087951450912631,-3.1121066697894616e-06,3.1121066697894616e-06,0.0,1.0,1.3269230769230769,-0.0019021450731169,-0.0008495520709508,1.0,0.7596153846153847,single_persistent_drop_needs_roi_qc,pending,no automatic front-tracking warning,"calibrated apparent front/radius slopes; not a physical diffusion coefficient until particle identity, front mask, and pixel calibration are manually confirmed",0.0,0.0522522111382185,1.841766532147855,171.79337481692508,negative,positive,negative,negative,1,3,negative,False,False,False,True,False,True,False,False,False,-2.6272063133270003e-16,-3.1121066697894617e-18
cycle156_front6_obj3,156.0,18_c2_xN_HighHighCOV_170723,6,3,2.486886060534589,event_comparator,1574,49,1766,241,1669.981981981982,145.04504504504504,32,19462.05223107338,352.220703125,0.0109592013888888,0.2142198350694444,/scratch/u6hp/nsagar.u6hp/Alek_Jiho/derived/control_balanced_front_tracking/roi_traces/cycle156_front6_obj3_front_tracking.csv,/scratch/u6hp/nsagar.u6hp/Alek_Jiho/derived/control_balanced_front_tracking/plots/cycle156_front6_obj3_front_tracking.png,/scratch/u6hp/nsagar.u6hp/Alek_Jiho/derived/control_balanced_front_tracking/crop_previews/cycle156_front6_obj3_crop_preview.png,1.0,269.1195373535156,5,336.1498690429688,112.04995634765623,-0.0446963123997571,0.0844023674508354,32,-0.0111740780999392,0.0642572908464226,0.3025831867313178,-0.0275805177027636,0.0223725762849946,0.1802335506961064,0.096,0.009216,-0.0004119212150761,-0.000102980303769,0.0005921951924406,-0.0002541820511486,0.0173024208668262,160.3182702702703,13.924324324324324,,,,,,,,,cycle156_front6_obj3,cycle156_rank6_obj3,-0.000102980303769,-0.0004119212150761,0.0844023674508354,0.0005921951924406,-0.0002541820511486,2.8314011024399686,0.006110904192244534,event,1,156.0,1.4367926892737708,-1.9010545341489733e-07,1.9010545341489733e-07,0.4285714285714285,0.5714285714285714,-0.1153846153846153,-0.0003017078605711,0.0001204642137331,1.0,0.951923076923077,single_persistent_drop_needs_roi_qc,pending,low radius2 fit R2,"calibrated apparent front/radius slopes; not a physical diffusion coefficient until particle identity, front mask, and pixel calibration are manually confirmed",0.0,0.0197914749572518,0.4621999207790004,42.47121079888786,negative,positive,negative,negative,1,3,negative,False,False,False,True,False,False,False,False,False,-1.02980303769e-16,-1.9010545341489732e-19
cycle156_front2_obj2,156.0,18_c2_xN_HighHighCOV_170723,2,2,2.3492393117140384,event_comparator,1105,958,1297,1150,1201.4545454545455,1053.7662337662337,32,19462.05223107338,518.3515625,0.0113118489583333,0.263916015625,/scratch/u6hp/nsagar.u6hp/Alek_Jiho/derived/control_balanced_front_tracking/roi_traces/cycle156_front2_obj2_front_tracking.csv,/scratch/u6hp/nsagar.u6hp/Alek_Jiho/derived/control_balanced_front_tracking/plots/cycle156_front2_obj2_front_tracking.png,/scratch/u6hp/nsagar.u6hp/Alek_Jiho/derived/control_balanced_front_tracking/crop_previews/cycle156_front2_obj2_crop_preview.png,1.0,388.32037353515625,5,345.20183701171874,115.06727900390624,-0.0735402222350045,0.2692539888489289,32,-0.0183850555587511,0.0722903856038408,0.2134062790296312,-0.1159260238988958,0.5097941258344321,0.1802335506961064,0.096,0.009216,-0.0006777466881178,-0.0001694366720294,0.0006662281937249,-0.0010683742362522,0.0173024208668262,115.33963636363636,101.16155844155844,,,,,,,,,cycle156_front2_obj2,cycle156_rank2_obj2,-0.0001694366720294,-0.0006777466881178,0.2692539888489289,0.0006662281937249,-0.0010683742362522,3.6318509665989356,0.004764077883688365,event,1,156.0,1.2118362385241466,1.924586662072925e-06,1.924586662072925e-06,1.0,0.0,0.6730769230769231,0.0004203839107228,0.0011520193096686,1.0,0.7788461538461539,single_persistent_drop_needs_roi_qc,pending,no automatic front-tracking warning,"calibrated apparent front/radius slopes; not a physical diffusion coefficient until particle identity, front mask, and pixel calibration are manually confirmed",0.0,0.155458827055334,2.155458827055334,197.33733089785372,negative,positive,negative,positive,2,2,mixed,False,True,False,True,True,False,False,False,False,-1.694366720294e-16,1.9245866620729253e-18
cycle156_front5_obj4,156.0,18_c2_xN_HighHighCOV_170723,5,4,2.208197423738849,event_comparator,722,238,914,430,817.5632183908048,333.5632183908046,32,19462.05223107338,392.33984375,0.0119086371527777,0.263671875,/scratch/u6hp/nsagar.u6hp/Alek_Jiho/derived/control_balanced_front_tracking/roi_traces/cycle156_front5_obj4_front_tracking.csv,/scratch/u6hp/nsagar.u6hp/Alek_Jiho/derived/control_balanced_front_tracking/plots/cycle156_front5_obj4_front_tracking.png,/scratch/u6hp/nsagar.u6hp/Alek_Jiho/derived/control_balanced_front_tracking/crop_previews/cycle156_front5_obj4_crop_preview.png,1.0,293.4505310058594,5,337.1271688476562,112.37572294921874,-0.0393093481114367,0.0558785356748627,32,-0.0098273370278591,0.0773453301187596,0.2455216877359211,-0.093796963703419,0.3452087918794037,0.1802335506961064,0.096,0.009216,-0.000362274952195,-9.056873804874948e-05,0.0007128145623744,-0.0008644328174907,0.0173024208668262,78.48606896551726,32.02206896551724,,,,,,,,,cycle156_front5_obj4,cycle156_rank5_obj4,-9.056873804874948e-05,-0.000362274952195,0.0558785356748627,0.0007128145623744,-0.0008644328174907,2.6552992376808873,0.006516184926086887,event,1,156.0,1.3097972948929866,5.231516203009118e-07,5.231516203009118e-07,0.7142857142857143,0.2857142857142857,0.0288461538461538,-3.002248547526628e-05,0.000454327301289,1.0,0.6826923076923077,single_persistent_drop_needs_roi_qc,pending,low radius2 fit R2,"calibrated apparent front/radius slopes; not a physical diffusion coefficient until particle identity, front mask, and pixel calibration are manually confirmed",0.0,0.0334459359080459,0.2149142700839481,17.42096008088662,negative,positive,negative,positive,2,2,mixed,False,True,False,True,False,False,False,False,False,-9.056873804874947e-17,5.231516203009118e-19
cycle157_front1_obj1,157.0,18_c2_xN_HighHighCOV_170723,1,1,-0.1497380647904002,control_balancing,1250,31,1442,223,1346.1146496815286,126.62420382165604,32,19505.17252087593,-116.4794921875,0.0601671006944444,0.0895182291666666,/scratch/u6hp/nsagar.u6hp/Alek_Jiho/derived/control_balanced_front_tracking/roi_traces/cycle157_front1_obj1_front_tracking.csv,/scratch/u6hp/nsagar.u6hp/Alek_Jiho/derived/control_balanced_front_tracking/plots/cycle157_front1_obj1_front_tracking.png,/scratch/u6hp/nsagar.u6hp/Alek_Jiho/derived/control_balanced_front_tracking/crop_previews/cycle157_front1_obj1_crop_preview.png,-1.0,-75.38220977783203,5,406.1896883789062,135.39656279296875,-0.0350538714305608,0.0547334548928688,32,-0.0087634678576402,0.0313285886062782,0.3849953411230359,-0.1308661268199555,0.0610886148430059,0.2236067994159794,0.096,0.009216,-0.000323056479104,-8.07641197760121e-05,0.0002887242725954,-0.0012060622247727,0.021466252743934,129.22700636942676,12.15592356687898,,,,,,,,,cycle157_front1_obj1,cycle157_rank1_obj1,-8.07641197760121e-05,-0.000323056479104,0.0547334548928688,0.0002887242725954,-0.0012060622247727,2.510233526768032,0.008551496311011415,control,0,156.0,0.9462923571539248,1.1382129826953457e-06,1.1382129826953457e-06,0.7142857142857143,0.2857142857142857,0.0865384615384615,1.2210777335393806e-05,0.0011123959178685,0.0,0.701923076923077,single_persistent_drop_needs_roi_qc,pending,low radius2 fit R2,"calibrated apparent front/radius slopes; not a physical diffusion coefficient until particle identity, front mask, and pixel calibration are manually confirmed",0.0,0.0437131237789204,1.2586311869437126,116.63213406382006,negative,positive,negative,positive,2,2,mixed,False,True,False,True,True,False,False,False,False,-8.07641197760121e-17,1.1382129826953456e-18
cycle157_front4_obj8,157.0,18_c2_xN_HighHighCOV_170723,4,8,-0.3359094676715372,control_balancing,484,83,676,275,579.5471698113207,178.9433962264151,32,19505.17252087593,-107.8876953125,0.0601942274305555,0.1054958767361111,/scratch/u6hp/nsagar.u6hp/Alek_Jiho/derived/control_balanced_front_tracking/roi_traces/cycle157_front4_obj8_front_tracking.csv,/scratch/u6hp/nsagar.u6hp/Alek_Jiho/derived/control_balanced_front_tracking/plots/cycle157_front4_obj8_front_tracking.png,/scratch/u6hp/nsagar.u6hp/Alek_Jiho/derived/control_balanced_front_tracking/crop_previews/cycle157_front4_obj8_crop_preview.png,-1.0,-62.40069580078125,5,401.8548208007812,133.95160693359375,-0.0088099945491535,0.0027816991685576,32,-0.0022024986372883,0.039444679501075,0.5137808209459769,0.0989974090373912,0.0598067815890317,0.2236067994159794,0.096,0.009216,-8.119290976499866e-05,-2.029822744124897e-05,0.0003635221662819,0.0009123601216885,0.021466252743934,55.63652830188679,17.178566037735852,,,,,,,,,cycle157_front4_obj8,cycle157_rank4_obj8,-2.029822744124897e-05,-8.119290976499866e-05,0.0027816991685576,0.0003635221662819,0.0009123601216885,1.2584441634169594,0.017057771308381525,control,0,156.0,0.8642722258468417,1.2026280201615871e-06,1.2026280201615871e-06,1.0,0.0,0.8653846153846154,0.0002304516227399,0.0009479157016787,0.0,0.5096153846153847,single_persistent_drop_needs_roi_qc,pending,low radius2 fit R2,"calibrated apparent front/radius slopes; not a physical diffusion coefficient until particle identity, front mask, and pixel calibration are manually confirmed",0.0,0.0703213278675177,1.7206542751524028,158.43196293934895,negative,positive,positive,positive,3,1,positive,False,True,False,True,True,False,False,False,False,-2.029822744124897e-17,1.202628020161587e-18
cycle157_front6_obj3,157.0,18_c2_xN_HighHighCOV_170723,6,3,-0.3399999331406834,control_balancing,1575,49,1767,241,1670.5882352941176,144.57142857142858,32,19505.17252087593,-266.1142578125,0.0413140190972222,0.1155870225694444,/scratch/u6hp/nsagar.u6hp/Alek_Jiho/derived/control_balanced_front_tracking/roi_traces/cycle157_front6_obj3_front_tracking.csv,/scratch/u6hp/nsagar.u6hp/Alek_Jiho/derived/control_balanced_front_tracking/plots/cycle157_front6_obj3_front_tracking.png,/scratch/u6hp/nsagar.u6hp/Alek_Jiho/derived/control_balanced_front_tracking/crop_previews/cycle157_front6_obj3_crop_preview.png,-1.0,-182.5538024902344,5,416.069103515625,138.689701171875,-0.0148445099686031,0.048250462021445,32,-0.0037111274921507,0.0392459232687642,0.3871545265541074,-0.0279409749503212,0.0581802907408475,0.2236067994159794,0.096,0.009216,-0.0001368070038706,-3.420175096766085e-05,0.0003616904288449,-0.0002575040251421,0.021466252743934,160.3764705882353,13.878857142857145,,,,,,,,,cycle157_front6_obj3,cycle157_rank6_obj3,-3.420175096766085e-05,-0.0001368070038706,0.048250462021445,0.0003616904288449,-0.0002575040251421,1.6335373312416812,0.013140962458211539,control,0,156.0,0.7929458469284842,-1.4002260781262924e-08,1.4002260781262924e-08,0.1428571428571428,0.8571428571428571,-0.1634615384615385,-0.0003141759475274,0.0002451846495477,0.0,0.7596153846153847,single_persistent_drop_needs_roi_qc,pending,low radius2 fit R2,"calibrated apparent front/radius slopes; not a physical diffusion coefficient until particle identity, front mask, and pixel calibration are manually confirmed",0.0,0.0177127159648359,0.4437375482722895,40.89838390151555,negative,positive,negative,negative,1,3,negative,False,False,False,True,False,False,False,False,False,-3.420175096766085e-17,-1.4002260781262925e-20
cycle157_front2_obj2,157.0,18_c2_xN_HighHighCOV_170723,2,2,-0.3917239090920952,control_balancing,1100,953,1292,1145,1195.9157894736843,1049.3473684210526,32,19505.17252087593,-398.11328125,0.0559624565972222,0.1538899739583333,/scratch/u6hp/nsagar.u6hp/Alek_Jiho/derived/control_balanced_front_tracking/roi_traces/cycle157_front2_obj2_front_tracking.csv,/scratch/u6hp/nsagar.u6hp/Alek_Jiho/derived/control_balanced_front_tracking/plots/cycle157_front2_obj2_front_tracking.png,/scratch/u6hp/nsagar.u6hp/Alek_Jiho/derived/control_balanced_front_tracking/crop_previews/cycle157_front2_obj2_crop_preview.png,-1.0,-256.1311950683594,5,417.97158046875,139.32386015625,0.0027428431294845,0.0006553264008419,32,0.0006857107823711,0.0424287759503136,0.223395014007213,0.0162298831777451,0.0290612104212719,0.2236067994159794,0.096,0.009216,2.527804228132915e-05,6.319510570332058e-06,0.000391023599158,0.000149574603366,0.021466252743934,114.8079157894737,100.73734736842106,,,,,,,,,cycle157_front2_obj2,cycle157_rank2_obj2,6.319510570332058e-06,2.527804228132915e-05,0.0006553264008419,0.000391023599158,0.000149574603366,0.702177025889712,0.0305709984127359,control,0,156.0,0.6756360226257907,-1.838715828077807e-06,1.838715828077807e-06,0.0,1.0,0.9423076923076924,-0.001512947612012,3.848079155858798e-05,0.0,0.451923076923077,single_persistent_drop_needs_roi_qc,pending,low radius2 fit R2,"calibrated apparent front/radius slopes; not a physical diffusion coefficient until particle identity, front mask, and pixel calibration are manually confirmed",0.0,0.0525490988241826,0.734388922213745,65.45662304539798,positive,positive,positive,negative,3,1,positive,True,False,False,True,False,False,False,False,False,6.3195105703320585e-18,-1.838715828077807e-18
cycle158_front1_obj2,158.0,18_c2_xN_HighHighCOV_170723,1,2,2.069622233331016,control_balancing,1250,32,1442,224,1345.6046511627908,128.41860465116278,32,19531.255056619644,26.7431640625,0.0216742621527777,0.08349609375,/scratch/u6hp/nsagar.u6hp/Alek_Jiho/derived/control_balanced_front_tracking/roi_traces/cycle158_front1_obj2_front_tracking.csv,/scratch/u6hp/nsagar.u6hp/Alek_Jiho/derived/control_balanced_front_tracking/plots/cycle158_front1_obj2_front_tracking.png,/scratch/u6hp/nsagar.u6hp/Alek_Jiho/derived/control_balanced_front_tracking/crop_previews/cycle158_front1_obj2_crop_preview.png,1.0,31.75513458251953,5,384.2351912109375,128.0783970703125,-0.0446322168628883,0.0602685656215089,32,-0.011158054215722,0.0415877027251615,0.372631151364992,-0.1210382135725734,0.0437218365842555,0.1802335506961064,0.096,0.009216,-0.0004113305106083,-0.000102832627652,0.000383272268315,-0.0011154881762848,0.0173024208668262,129.1780465116279,12.328186046511629,,,,,,,,,cycle158_front1_obj2,cycle158_rank1_obj2,-0.000102832627652,-0.0004113305106083,0.0602685656215089,0.000383272268315,-0.0011154881762848,2.8343960759322786,0.006104447086187541,control,0,156.0,0.8210227064111154,-2.6708160871783503e-06,2.6708160871783503e-06,0.0,1.0,0.8846153846153846,-0.0017599621921335,-0.0004010367651332,0.7142857142857143,-0.2307692307692307,single_persistent_drop_needs_roi_qc,pending,low radius2 fit R2,"calibrated apparent front/radius slopes; not a physical diffusion coefficient until particle identity, front mask, and pixel calibration are manually confirmed",0.0,0.0840484243770993,2.0840484243771,239.5821553895552,negative,positive,negative,negative,1,3,negative,False,False,False,True,False,True,False,False,False,-1.02832627652e-16,-2.67081608717835e-18
cycle158_front6_obj3,158.0,18_c2_xN_HighHighCOV_170723,6,3,1.6709359668358303,control_balancing,1574,49,1766,241,1670.0884955752213,145.4513274336283,32,19531.255056619644,74.400390625,0.0099283854166666,0.0908745659722222,/scratch/u6hp/nsagar.u6hp/Alek_Jiho/derived/control_balanced_front_tracking/roi_traces/cycle158_front6_obj3_front_tracking.csv,/scratch/u6hp/nsagar.u6hp/Alek_Jiho/derived/control_balanced_front_tracking/plots/cycle158_front6_obj3_front_tracking.png,/scratch/u6hp/nsagar.u6hp/Alek_Jiho/derived/control_balanced_front_tracking/crop_previews/cycle158_front6_obj3_crop_preview.png,1.0,96.69841766357422,5,392.2403625,130.74678749999998,-0.023307997730383,0.0970463514936256,32,-0.0058269994325957,0.0480872254804738,0.2291437068568126,-0.0025246971803626,0.0002605126987381,0.1802335506961064,0.096,0.009216,-0.0002148065070832,-5.370162677080197e-05,0.000443171870028,-2.326760921422172e-05,0.0173024208668262,160.32849557522124,13.96332743362832,,,,,,,,,cycle158_front6_obj3,cycle158_rank6_obj3,-5.370162677080197e-05,-0.0002148065070832,0.0970463514936256,0.000443171870028,-2.326760921422172e-05,2.048277490396151,0.00844730313541638,control,0,156.0,1.5361833653905674,-1.3885535501791292e-06,1.3885535501791292e-06,0.0,1.0,0.923076923076923,-0.0013463743362875,-0.0004286030182991,1.0,0.4903846153846154,single_persistent_drop_needs_roi_qc,pending,low radius2 fit R2,"calibrated apparent front/radius slopes; not a physical diffusion coefficient until particle identity, front mask, and pixel calibration are manually confirmed",0.0,0.015395745229422,0.344819211445321,31.624652756726302,negative,positive,negative,negative,1,3,negative,False,False,False,True,False,True,False,False,False,-5.370162677080197e-17,-1.3885535501791293e-18
cycle158_front4_obj8,158.0,18_c2_xN_HighHighCOV_170723,4,8,0.2823149947463765,control_balancing,485,83,677,275,581.010101010101,179.07070707070707,32,19531.255056619644,21.162109375,0.0171440972222222,0.08447265625,/scratch/u6hp/nsagar.u6hp/Alek_Jiho/derived/control_balanced_front_tracking/roi_traces/cycle158_front4_obj8_front_tracking.csv,/scratch/u6hp/nsagar.u6hp/Alek_Jiho/derived/control_balanced_front_tracking/plots/cycle158_front4_obj8_front_tracking.png,/scratch/u6hp/nsagar.u6hp/Alek_Jiho/derived/control_balanced_front_tracking/crop_previews/cycle158_front4_obj8_crop_preview.png,1.0,31.08450698852539,5,375.830412890625,125.276804296875,-0.021068070051729,0.0124993743975924,32,-0.0052670175129322,0.0457305036223446,0.3246051968184793,0.0080186214220911,0.0008926384850227,0.1802335506961064,0.096,0.009216,-0.0001941633335967,-4.854083339918315e-05,0.0004214523213835,7.389961502599158e-05,0.0173024208668262,55.7769696969697,17.19078787878788,,,,,,,,,cycle158_front4_obj8,cycle158_rank4_obj8,-4.854083339918315e-05,-0.0001941633335967,0.0124993743975924,0.0004214523213835,7.389961502599158e-05,1.9473709433799904,0.008885015423304474,control,0,156.0,1.010899066972006,-2.256372448977836e-06,2.256372448977836e-06,0.0,1.0,0.6346153846153846,-0.0012815556559797,-0.0005808645961241,1.0,0.5288461538461539,single_persistent_drop_needs_roi_qc,pending,low radius2 fit R2,"calibrated apparent front/radius slopes; not a physical diffusion coefficient until particle identity, front mask, and pixel calibration are manually confirmed",0.0,0.0696135975201809,1.777789730669837,163.98490878236697,negative,positive,positive,negative,2,2,mixed,False,False,False,True,False,True,False,False,False,-4.854083339918315e-17,-2.256372448977836e-18
cycle158_front2_obj1,158.0,18_c2_xN_HighHighCOV_170723,2,1,-0.3203267666187472,control_balancing,1101,953,1293,1145,1196.9032258064517,1048.9032258064517,32,19531.255056619644,143.1650390625,0.0110405815972222,0.1094021267361111,/scratch/u6hp/nsagar.u6hp/Alek_Jiho/derived/control_balanced_front_tracking/roi_traces/cycle158_front2_obj1_front_tracking.csv,/scratch/u6hp/nsagar.u6hp/Alek_Jiho/derived/control_balanced_front_tracking/plots/cycle158_front2_obj1_front_tracking.png,/scratch/u6hp/nsagar.u6hp/Alek_Jiho/derived/control_balanced_front_tracking/crop_previews/cycle158_front2_obj1_crop_preview.png,1.0,179.29603576660156,5,400.7928216796875,133.5976072265625,-0.0152032685953015,0.0302994613498016,32,-0.0038008171488253,0.0500150692578284,0.1572394348495822,0.0279328483175003,0.0450066127076552,0.1802335506961064,0.096,0.009216,-0.0001401133233742,-3.502833084357396e-05,0.0004609388782801,0.000257429130094,0.0173024208668262,114.90270967741937,100.69470967741935,,,,,,,,,cycle158_front2_obj1,cycle158_rank2_obj1,-3.502833084357396e-05,-0.0001401133233742,0.0302994613498016,0.0004609388782801,0.000257429130094,1.6542639014534917,0.010459286968435759,control,0,156.0,0.7788033639340246,3.3202011670318365e-08,3.3202011670318365e-08,0.7142857142857143,0.2857142857142857,0.2403846153846154,-0.0004729346789207,0.0004455340370035,1.0,0.6057692307692308,single_persistent_drop_needs_roi_qc,pending,low radius2 fit R2,"calibrated apparent front/radius slopes; not a physical diffusion coefficient until particle identity, front mask, and pixel calibration are manually confirmed",0.0,0.0131354725266501,0.1782870825506991,15.854554562308705,negative,positive,positive,positive,3,1,positive,False,True,False,True,False,False,False,False,False,-3.502833084357396e-17,3.320201167031836e-20
