roi_id,cycleNo,source_stem,cohort_role,is_event_roi,event_reference_cycle,validation_score,front_quality_score,front_radius_slope_r2,apparent_diffusion_proxy_ds_px2_per_frame,n_event_particles,mean_drop_frac,evidence_score,degradation_mode_hypothesis,roi_mean_delta,timing_elapsed_s,seconds_per_sample,low_threshold,high_threshold,mid_threshold,high_fraction_first,high_fraction_last,high_fraction_delta,high_fraction_slope_per_frame,high_fraction_slope_r2,low_fraction_delta,low_fraction_slope_per_frame,mid_fraction_delta,mid_fraction_slope_per_frame,high_radius2_delta_px2,high_radius2_slope_px2_per_frame,high_radius2_slope_r2,low_radius2_delta_px2,low_radius2_slope_px2_per_frame,interface_density_mean,interface_density_delta,interface_density_slope_per_frame,centroid_path_px,centroid_net_px,temporal_diff_energy,first_last_corr,cumulative_abs_first_last,high_fraction_slope_per_s,low_fraction_slope_per_s,mid_fraction_slope_per_s,high_radius2_slope_px2_per_s,low_radius2_slope_px2_per_s,interface_density_slope_per_s,validation_score_rollout,low_rank_dmd_mse,low_rank_dmd_mae,low_rank_dmd_psnr,low_rank_dmd_ssim,persistence_mse,persistence_mae,persistence_psnr,persistence_ssim,velocity_mse,velocity_mae,velocity_psnr,velocity_ssim,velocity_mse_ratio_vs_persistence,dmd_mse_ratio_vs_persistence,latent_path_length,latent_mean_step,latent_net_displacement,latent_component0_delta,latent_component1_delta,latent_component0_first,latent_component0_last
cycle58_rank6_obj29,58.0,7_c2_x10_290623,control,0,60.0,,1.6155277307729818,0.5355133694368999,0.0003492805402585,1.0,0.1707317073170731,5.37722440775176,single_persistent_drop_needs_roi_qc,0.0001609325408935,9250.204203328,97.37057056134736,0.057907085865736,0.1286580666899681,0.093282576277852,0.2905931695626123,0.2910425404433793,0.0004493708807669,0.0001932055025297,0.0323804504537873,-0.0011983223487118,-0.0001606151415148,-0.0002995805871779,0.0002519593838295,-6.115486732706927,0.0014022868734571,4.060487837076465e-06,6.84578430657848,0.104792625939754,0.1812634187138007,0.0049430796884361,-1.550427068950831e-05,17.31302398149852,0.3845718411844492,0.0002939786936622,0.9707466068408068,0.0224153436720371,1.984228924776045e-06,-1.6495244978938756e-06,2.5876338443636558e-06,1.4401547257788812e-05,0.001076224831955,-1.592295351678154e-07,4.995734664947042,0.0026638595700205,0.0336531223147176,25.930087593690374,0.7631442938831543,0.0003359078732501,0.0130251364898867,35.5839446698016,0.931807892439703,0.0009004953153635,0.0218410589732229,31.03650326930329,0.8384515098920616,2.6807806159787058,7.930327873074667,17.378150939941406,0.1829279065132141,0.960981011390686,0.0238394737243652,0.2176094949245453,-2.253015518188477,-2.2291760444641118
cycle58_rank4_obj2,58.0,7_c2_x10_290623,control,0,60.0,,1.1091514494562902,0.2533090934767632,-0.0004637138116359,1.0,0.1707317073170731,5.37722440775176,single_persistent_drop_needs_roi_qc,2.7194619178771973e-06,9250.204203328,97.37057056134736,0.0471499156206846,0.0955252319574356,0.0713375737890601,0.2934391851408028,0.2946375074895146,0.0011983223487118,0.0001411741006974,0.0209712216619007,0.0014979029358897,-0.0002874035222094,0.0034451767525464,0.0002074571183631,3.7592268343959176,0.1492263573379494,0.0463407216075675,-7.789150219309704,0.0213282880753923,0.2093054099261034,0.0044937088076692,2.704332491213375e-05,18.168419645964555,0.1776862231504928,0.0001312042732024,0.9775682648340418,0.0155639443546533,1.4498641620724077e-06,-2.95164668906156e-06,2.1305936400198004e-06,0.0015325611884335,0.0002190424473476,2.7773612454181285e-07,4.914744204591446,0.0011775178263633,0.0221476855222135,29.479756408944457,0.8287720522560568,0.000146795786577,0.0085757102351635,39.139146433240825,0.9623391170350168,0.0003992754691353,0.0145263978047296,34.531250428696495,0.9016611700225622,2.719938211073005,8.021468829731342,13.285588264465332,0.1398482918739318,0.7766522765159607,0.1833696365356445,0.1705983877182006,-0.3477603495121002,-0.1643907129764557
cycle58_rank1_obj1,58.0,7_c2_x10_290623,control,0,60.0,,0.7330214581610461,0.0116381616728487,-3.551275259375952e-05,1.0,0.1707317073170731,5.37722440775176,single_persistent_drop_needs_roi_qc,-0.000137373805046,9250.204203328,97.37057056134736,0.0375905215740203,0.0753799021244049,0.0564852118492126,0.2932893948472139,0.2940383463151588,0.0007489514679449,7.200276368374754e-05,0.0087217322853244,0.0025464349910125,-5.549067984149128e-05,0.0,5.819105016406288e-05,-4.31197428213568,-0.1393291741556181,0.2220963382345709,1.8963621105840505,0.045316260079001,0.1869117610345516,-0.0049430796884362,-1.5114149469092066e-05,15.515338684593956,0.2760301077913332,5.24935639987234e-05,0.9835700286614136,0.011886497028172,7.394715186390216e-07,-5.698916985038095e-07,5.976246193134935e-07,-0.0014309166861442,0.000465399964463,-1.5522297324497598e-07,4.759075493154626,0.0005076756733615,0.0128022286517079,33.06320804893692,0.917164437031592,5.8548513379719225e-05,0.0054298640025081,43.08337268748421,0.9772535194003564,0.000157101557761,0.0091273409198038,38.56606114261218,0.9388819238111192,2.683271507546404,8.67102585626632,9.919602394104004,0.1044168695807457,1.1493642330169678,0.4538221359252929,-0.025086760520935,3.8288307189941406,4.282652854919434
cycle58_rank3_obj9,58.0,7_c2_x10_290623,control,0,60.0,,0.8161872484866202,0.0982345201052843,0.0002580614020299,1.0,0.1707317073170731,5.37722440775176,single_persistent_drop_needs_roi_qc,-0.0001225546002388,9250.204203328,97.37057056134736,0.0311814531683921,0.0675616219639778,0.0493715375661849,0.2965847813061714,0.2971839424805272,0.0005991611743558,0.000354826425316,0.0755889291825141,0.0053924505692031,-0.0004250848188553,0.0020970641102456,0.0004890890815798,-8.420081867057661,-0.1279147094939237,0.2291132816109663,12.04401091650675,0.2744959940332658,0.2024993134611543,0.0011983223487118,5.083462371345509e-05,23.477281878289432,0.127232584883695,0.0001333668478764,0.9791821792309802,0.0161265470087528,3.644082840127265e-06,-4.3656396014185445e-06,5.022966166884381e-06,-0.0013136896369866,0.0028190858125897,5.22073799304968e-07,4.475129312169529,0.0020956602420483,0.0250968188047409,27.035858765194824,0.8039526847608238,0.0001574423124566,0.0080464938364457,39.463740635050485,0.9625156517469404,0.000403045690291,0.0134376922214869,35.00069609644864,0.903166978109145,2.5599578918920045,13.310654609611266,25.56525230407715,0.2691079080104828,1.8161002397537231,0.0930852890014648,-0.1431903839111328,4.97590970993042,5.068994998931885
cycle60_rank3_obj9,60.0,7_c2_x10_290623,event,1,60.0,,2.4945534720369364,0.6768568396840542,0.0004867846454059,1.0,0.1707317073170731,5.37722440775176,single_persistent_drop_needs_roi_qc,0.0001199692487716,9244.36053955,97.30905831105262,0.0318552713841199,0.0684328444302082,0.0501440579071641,0.2874475733972438,0.292540443379269,0.0050928699820251,0.0003471895992382,0.0721998833272673,0.0001497902935889,-0.0004350329099759,0.0,0.0004598045915317,-8.011047527260644,-0.2663244295747791,0.6495584561780495,-5.223214297798677,0.3211669166596207,0.2033528060714999,-0.0026962252846015,3.356668000664527e-05,18.31740583349784,0.3057892894611326,0.0001116131752496,0.8693920360382953,0.03590939193964,3.56790626961385e-06,-4.470631177884269e-06,4.725198244770987e-06,-0.0027368924763762,0.003300483246205,3.449491813942739e-07,6.866497919843912,0.001943252125784,0.0237513482570648,27.36218308898764,0.8229424789639328,0.0001236483637967,0.0078099050442688,39.54921388168831,0.9650335176424756,0.000322759653045,0.0129239688685629,35.285987774065255,0.9086497895848464,2.610302660985264,15.715955036647745,22.6298942565918,0.2382094115018844,4.303770542144775,0.7857608795166016,0.9693689346313475,4.090205669403076,4.875966548919678
cycle60_rank1_obj1,60.0,7_c2_x10_290623,event,1,60.0,,1.990971834925495,0.4067763558179186,0.0002043384224409,1.0,0.1707317073170731,5.37722440775176,single_persistent_drop_needs_roi_qc,-4.567205905914307e-06,9244.36053955,97.30905831105262,0.0371991209685802,0.0757032066583633,0.0564511638134717,0.2937387657279808,0.292240862792091,-0.0014979029358897,4.582298834805568e-05,0.0039338651424268,-0.0068903535050928,-0.0001029168225796,-0.0004493708807669,8.119601088048343e-05,0.7067566391377795,-0.1714708062577933,0.2242073231091265,-0.3267330699900412,0.0353314352740064,0.1919874675454363,0.0,-1.2518421036374686e-05,15.224074761708977,0.2770224581442401,4.6774617658229545e-05,0.884558694761182,0.0280496031045913,4.7090157014551014e-07,-1.0576283890315524e-06,8.344136947758436e-07,-0.0017621258414574,0.0003630847516894,-1.2864599918703366e-07,6.474067665989688,0.0023131534035201,0.0262955502839759,26.380078155826453,0.7098164207510818,4.967451945958601e-05,0.0052665203111246,43.23898125667127,0.9797657462108282,0.0001333218240233,0.0087641644349787,38.90696523990594,0.9446729021146894,2.6839076748747903,46.56619588241866,9.724720001220703,0.1023654714226722,3.890202283859253,0.1629605293273925,0.025762915611267,4.2158284187316895,4.378788948059082
cycle60_rank2_obj2,60.0,7_c2_x10_290623,event,1,60.0,,1.3721660201122636,0.2123705939250706,-0.0003672763036167,1.0,0.1707317073170731,5.37722440775176,single_persistent_drop_needs_roi_qc,0.0013901814818382,9244.36053955,97.30905831105262,0.0364975184202194,0.0767027631402015,0.0566001407802104,0.286848412222888,0.292240862792091,0.005392450569203,0.0001866526851555,0.0267871604422542,-0.0002995805871779,-0.0001550528663018,0.0053924505692031,0.0002194248995519,19.82137780317521,0.1714045385125117,0.4659159279986633,15.903305808024925,0.1850605530389557,0.1679773317355701,0.0001497902935889,-2.92062626159498e-05,18.63219132505973,0.2442245506840225,0.0001017940376186,0.9042864481677793,0.0284551549702882,1.9181429601235163e-06,-1.5934062973484608e-06,2.2549277874061183e-06,0.0017614448386152,0.0019017813577786,-3.0013919693468533e-07,5.384766191610338,0.0021632542266161,0.0266344168921932,26.66557487342609,0.717942619720815,0.0001112566010306,0.0074595763289835,39.96372800072683,0.9626921640472188,0.0002971688777506,0.0124307224468793,35.658929623428136,0.9018459594183038,2.6710224382000196,19.443828110667507,19.44740295410156,0.2047095000743866,2.731466293334961,0.3889734148979187,0.694211483001709,-0.2322756648063659,0.1566977351903915
cycle60_rank4_obj5,60.0,7_c2_x10_290623,event,1,60.0,,1.5337954930279185,0.2649429907887313,-0.000649790520133,1.0,0.1707317073170731,5.37722440775176,single_persistent_drop_needs_roi_qc,-0.0002883002161979,9244.36053955,97.30905831105262,0.0485888544470071,0.0988836795091628,0.073736266978085,0.2886458957459556,0.2880467345715997,-0.0005991611743559,7.20515288362995e-05,0.0064143891150633,-0.0065907729179149,-0.0002092197754397,-0.0029958058717795,0.0001249901656942,4.862304590782514,0.0428512364504858,0.0051055376311337,-7.025303029662837,-0.0765608130698532,0.2098624425803874,0.0047932893948472,4.414059058501223e-05,18.5578694782659,0.2356356769851371,0.0001228025066666,0.843922762808349,0.036674365401268,7.404400996871604e-07,-2.150054466367793e-06,1.2844658849200134e-06,0.0004403622560348,-0.000786779919554,4.536123496737058e-07,5.355307596954036,0.0028950763007742,0.0336495288647711,25.38409473168952,0.6658964511759113,0.0001316549019065,0.0085581937455572,39.05624366760874,0.9649204211417632,0.0003613668077377,0.0143692755373194,34.59963632115711,0.9071762087934272,2.744803288785549,21.989886125396644,14.73573112487793,0.1551129519939422,4.038924217224121,0.6281644105911255,0.3593976497650146,-1.7439497709274292,-1.1157853603363037
cycle60_rank6_obj26,60.0,7_c2_x10_290623,event,1,60.0,,1.320031653911962,0.1540931493512387,-0.0002687203200089,1.0,0.1707317073170731,5.37722440775176,single_persistent_drop_needs_roi_qc,-0.0003844499588012,9244.36053955,97.30905831105262,0.0577715449035167,0.1308587417006492,0.094315143302083,0.2911923307369682,0.2874475733972438,-0.0037447573397244,0.0001471529115884,0.019801685380678,-0.0035949670461354,-6.933185564084262e-05,-0.0037447573397243,0.0001126231198189,-13.615508334459264,-0.0779463401362384,0.0110585060421721,5.367380815209572,0.1260423858394744,0.1788605327541442,-0.0004493708807669,-3.7454684981990885e-05,17.708546514885768,0.5920211228448706,0.000271154101938,0.8344286417451272,0.0480567663908004,1.5122221316547535e-06,-7.12491281327791e-07,1.1573754979613969e-06,-0.0008010183377489,0.0012952790626806,-3.849044028590366e-07,4.590869322464719,0.0027637045786832,0.0330774242756888,25.750540474288997,0.7525480456484653,0.0002904538964685,0.012828209582949,35.5998912346971,0.934548032499252,0.0007888973632361,0.0213146640453487,31.208615166334827,0.843443234630136,2.7160846276395425,9.515123096249894,16.147092819213867,0.1699693948030471,2.149290084838867,0.7461602687835693,0.1955482959747314,-2.5114729404449463,-1.765312671661377
cycle60_rank5_obj18,60.0,7_c2_x10_290623,event,1,60.0,,1.236404564188312,0.0135792364150086,7.914396233751553e-05,1.0,0.1707317073170731,5.37722440775176,single_persistent_drop_needs_roi_qc,0.0001413077116012,9244.36053955,97.30905831105262,0.0382134635001421,0.0727572739124298,0.0554853687062859,0.2855002995805872,0.2756141402037148,-0.0098861593768724,-4.760901206027212e-05,0.0020954270394288,-0.00584182144997,-3.829994762622328e-05,-0.0017974835230676,4.482330272079021e-06,-8.90935147588857,-0.1588673073684552,0.3896033601686282,-0.6756267648272569,0.1052560563070592,0.2216615488316357,0.0035949670461354,9.470599001875166e-06,17.10714176044822,0.0851131969134797,5.0494541937951e-05,0.8976056754686801,0.0300665665417909,-4.892557063710127e-07,-3.935907744970241e-07,4.6062826522799744e-08,-0.0016326055366873,0.0010816676076609,9.732494760767273e-08,4.517043565680912,0.0023813786810933,0.023718568496406,26.77706060144433,0.829129413679748,5.507545063210273e-05,0.0053321769519243,42.97085580603476,0.9816332224551818,0.0001429853430181,0.008802456446574,38.74494233053099,0.9498156333512362,2.596172003625074,43.23847837397861,12.238980293273926,0.1288313716650009,1.6123532056808472,0.2518925666809082,-0.1363824158906936,-4.740033149719238,-4.48814058303833
cycle62_rank2_obj2,62.0,7_c2_x10_290623,control,0,60.0,,2.079343177314194,0.6851130808604106,0.0004230040251199,1.0,0.1707317073170731,5.37722440775176,single_persistent_drop_needs_roi_qc,-0.0006430745124816,9242.521957436,97.28970481511578,0.0372838720679283,0.0752947285771369,0.0562893003225326,0.2869982025164769,0.2932893948472139,0.0062911923307369,4.321506862720087e-05,0.0031326517930988,0.0094367884961054,-7.105997073440594e-05,-0.0016476932294787,7.889795306647025e-05,-37.32084846494547,-0.1461786639937227,0.3491323809149319,23.08081156340222,0.0408189578635973,0.1878853979428799,0.0004493708807669,-1.0934569519113688e-05,17.238929496162278,0.4655267087622531,3.990031109424308e-05,0.8894790053959069,0.0283939689397811,4.441895338188609e-07,-7.303955836791217e-07,8.109589109803936e-07,-0.0015025090709393,0.000419560917994,-1.1239184598096137e-07,6.583976584591412,0.0005930880311098,0.0114178178628208,33.56075256526857,0.933838886312945,4.02554512675124e-05,0.0048930149787338,43.966314562137256,0.9812814074345392,0.0001108207025026,0.0082177997392136,39.559046683564304,0.9476004403811178,2.7529365343877363,14.733110980883314,8.230844497680664,0.0866404697299003,3.336265087127685,0.5350139141082764,-0.1732424199581146,3.966236352920532,4.501250267028809
cycle62_rank1_obj4,62.0,7_c2_x10_290623,control,0,60.0,,1.9750338827400629,0.7803581370594694,-0.0010294590858875,1.0,0.1707317073170731,5.37722440775176,single_persistent_drop_needs_roi_qc,0.0020438283681869,9242.521957436,97.28970481511578,0.0327484790235757,0.0718645438551902,0.052306511439383,0.2847513481126423,0.2941881366087477,0.0094367884961054,0.0001394195711462,0.0166731827000735,-0.0170760934691431,-0.0001834951415278,0.0272618334331934,0.0002009022691075,31.89118922295154,0.0921097087977977,0.1321243219278082,6.157580324976152,0.1321031837292115,0.1694939584581586,0.0002995805871779,-6.1322179334164286e-06,18.38081405167292,0.7128287583423727,7.554845069535077e-05,0.9197271010614656,0.0273020323365926,1.4330351953599909e-06,-1.8860694651767492e-06,2.0649900160490245e-06,0.000946756997288,0.0013578331230447,-6.303049171615611e-08,6.282223708699526,0.0015560709762212,0.0218614744371734,28.26144308988034,0.8027613877622054,7.48517250031e-05,0.0066677836584858,41.276321481252,0.9650646078388816,0.0002110246555275,0.0112751366687007,36.77098748440631,0.90712879176815,2.8192357025674473,20.788712299639787,10.918184280395508,0.1149282529950141,2.969611883163452,0.0593303442001342,-0.3098268508911133,-0.4835247695446014,-0.4241944253444671
cycle62_rank3_obj9,62.0,7_c2_x10_290623,control,0,60.0,,1.5226033969557806,0.4351365854209194,0.0009999913697182,1.0,0.1707317073170731,5.37722440775176,single_persistent_drop_needs_roi_qc,0.0019223168492317,9242.521957436,97.28970481511578,0.0316753774881362,0.0685444675385951,0.0501099225133657,0.2823547034152187,0.2934391851408028,0.0110844817255841,0.0003162359186558,0.0547248526976659,-0.018124625524266,-0.0004295610534833,0.0226183343319352,0.0004349414753149,5.417711358715792,-0.2021032242654954,0.4986445586842692,6.169565694471885,0.1697398762474333,0.1975156655682045,0.0107849011384062,4.5614720509031867e-05,19.72176073112985,0.073117891503601,8.644965419080108e-05,0.8235944518090812,0.0394897200167179,3.250456142885664e-06,-4.415277590775479e-06,4.470580686224283e-06,-0.0020773341295418,0.0017446848725669,4.688545473101771e-07,5.445827812460037,0.0038428737898357,0.0314842638908885,24.33908439039066,0.7218667527143486,8.728122452339449e-05,0.0071508973196614,40.634992381839375,0.9666349833955368,0.0002372989938521,0.0119459273118991,36.27056005342548,0.9117822003194396,2.7187862584179876,44.02864202261132,14.523822784423828,0.1528823524713516,5.199330806732178,0.8398087024688721,0.3486356735229492,3.819324254989624,4.659132957458496
cycle62_rank4_obj1,62.0,7_c2_x10_290623,control,0,60.0,,1.1137010944495138,0.2855718058002995,-0.0004830536672512,1.0,0.1707317073170731,5.37722440775176,single_persistent_drop_needs_roi_qc,0.0005490258336067,9242.521957436,97.28970481511578,0.0514090716838836,0.1019207723438739,0.0766649220138788,0.2869982025164769,0.2881965248651887,0.0011983223487118,3.980658765195075e-05,0.0017808702048729,0.0125823846614739,-0.0001563278718529,-0.0082384661473936,7.851799125283245e-05,-34.95757360057996,-0.0436737012925547,0.0039014884048093,-33.19223940063239,-0.0090388071808566,0.2067121654683443,0.0005991611743559,-1.0310781942717215e-05,19.35715540643079,0.4233200734149677,0.0001046862962539,0.8175055906243376,0.039314366877079,4.091551899309088e-07,-1.606828514384496e-06,8.070534431371119e-07,-0.0004489036262937,-9.290610140130988e-05,-1.0598019556448737e-07,4.911685287617786,0.0013746815275226,0.0230433314573019,29.147437769868574,0.8203644901389662,0.0001053045614298,0.0079614987334935,39.7922574376941,0.9669985685895348,0.0002992940635522,0.013509104901459,35.246243671529875,0.9107817883502094,2.8421756806016494,13.054339801215683,9.103812217712402,0.0958295986056327,3.134448528289795,1.283997654914856,0.9460313320159912,-1.0874698162078855,0.1965277940034866
cycle86_rank2_obj6,86.0,10_c2_x10_030723,event,1,86.0,,2.198397308847956,0.5428245893496153,-0.0003828212075766,3.0,0.1420951480652973,12.399287527913966,synchronized_persistent_drop_low_frame_count,0.0001316592097282,9098.537893392,95.77408308833684,0.0370190571993589,0.0748231269419193,0.0559210920706391,0.2967345715997603,0.2982324745356501,0.0014979029358897,0.0001965956965728,0.0344696517993536,0.0032953864589574,-0.0002841240657003,0.0034451767525464,0.0002748048418594,6.473404930972833,-0.0813105797109616,0.0495521611557819,6.05951835567862,0.2752781452278216,0.177688735769922,0.0047932893948472,-4.745662095854685e-05,13.230823180733385,0.0246781014604048,4.831897240364924e-05,0.981420580032312,0.0129603138193488,2.052702466401991e-06,-2.9666070040916224e-06,2.869302769581444e-06,-0.0008489831182822,0.0028742446427173,-4.955058762063578e-07,6.600365262271105,0.0005674881449522,0.0135777234681881,32.62739414565832,0.8984130004366837,5.044132399234513e-05,0.0052146978850942,43.45724187367276,0.9772174341406352,0.0001352120441424,0.0088160780433099,38.8655738986427,0.9381177713418448,2.680580790522459,11.250460932356193,9.129712104797363,0.0961022302508354,1.6746985912322998,0.1503949165344238,0.0616589188575744,5.131002426147461,5.281397342681885
cycle86_rank5_obj8,86.0,10_c2_x10_030723,event,1,86.0,,1.9606669965442456,0.4585768175560307,0.000766356757609,3.0,0.1420951480652973,12.399287527913966,synchronized_persistent_drop_low_frame_count,0.0003325119614601,9098.537893392,95.77408308833684,0.0437227375805377,0.0772898942232132,0.0605063159018754,0.2937387657279808,0.3033253445176752,0.0095865787896944,0.0002593899739496,0.0230609401768991,0.00584182144997,-0.0003952781352985,-0.0043439185140802,0.0004034168360713,16.67665955263442,-0.0220789871403082,0.0041237165930309,-0.4166062078102186,0.1659692526450974,0.2079370131815458,0.0010485320551228,-2.3892892869135507e-05,15.492939511230466,0.3884467698161647,5.278667595121078e-05,0.976481740106244,0.0149396443739533,2.7083524643134087e-06,-4.127193104360045e-06,4.212171216500188e-06,-0.000230531960509,0.0017329244749022,-2.494713820136288e-07,5.911487633945073,0.0014296222525445,0.0198027433361858,28.82253479858812,0.8634565727669676,5.611572828456701e-05,0.005407384931459,43.12374789161584,0.978203665373364,0.0001461320912312,0.0091140287695452,38.57289539804965,0.9406870062978088,2.604120015874219,25.476320030897217,10.073579788208008,0.1060376837849617,1.483196496963501,0.3276090621948242,-0.3396656513214111,-10.129913330078123,-9.8023042678833
cycle86_rank3_obj5,86.0,10_c2_x10_030723,event,1,86.0,,1.456577760966197,0.1376679351873487,-0.0004042854948111,3.0,0.1420951480652973,12.399287527913966,synchronized_persistent_drop_low_frame_count,0.000612773001194,9098.537893392,95.77408308833684,0.0254464253783226,0.0676283948123454,0.046537410095334,0.3013780707010186,0.3084182144997004,0.0070401437986818,0.0003532659404343,0.0856633427596599,-0.005991611743559,-0.0004400130511803,0.0065907729179149,0.0004176867388369,23.19464273127619,0.0803919255921714,0.0932558401389427,7.194468534869884,0.3842845908047395,0.1578680472338725,0.0038945476333133,-4.241247549144604e-05,20.305278789786904,0.0048906408018248,9.460682485951112e-05,0.9832854610654862,0.0139014227315783,3.688533777018879e-06,-4.59428100997306e-06,4.361166668144212e-06,0.0008393912319476,0.0040124068893491,-4.428387526542757e-07,5.394256624475365,0.0010727598255471,0.0180194517888594,30.083209271885195,0.8748263364189224,0.0001005372455438,0.007223655557027,40.5922048849668,0.9607380558979226,0.0002615187372612,0.0120992373267654,36.07680405685988,0.9001970340974951,2.601212474507936,10.670272690927682,12.458833694458008,0.1311456114053726,1.0630582571029663,0.2506885528564453,-0.6289963722229004,-0.7626823782920837,-0.5119938254356384
cycle86_rank4_obj9,86.0,10_c2_x10_030723,event,1,86.0,,1.1156177975150214,0.000744874142998,0.0001313458507198,3.0,0.1420951480652973,12.399287527913966,synchronized_persistent_drop_low_frame_count,-0.0006619244813919,9098.537893392,95.77408308833684,0.026035513728857,0.067326733469963,0.04668112359941,0.3081186339125225,0.3102156980227681,0.0020970641102456,0.000515961728458,0.0950791952203982,-0.0022468544038345,-0.000800411911116,0.0005991611743559,0.0007663931375076,11.124187596991304,0.0175056916833415,0.0016159986196523,-8.14563836424486,0.2028762186439543,0.1902414744357898,0.0082384661473936,9.409540967117087e-05,23.08782386139515,0.2639021249688285,0.0001216511300299,0.9761626362204234,0.0187912229448556,5.387279228579849e-06,-8.357291297456988e-06,8.002093184236246e-06,0.0001827810939959,0.0021182788923892,9.8247257125273e-07,4.6612934650376046,0.0017838974054029,0.0209186919673811,29.69525433011134,0.8783116837297433,0.0001307200993778,0.0081300857273163,39.58817500265376,0.959751041777386,0.0003315138437756,0.0136149553291033,35.07299437321634,0.8974440703917019,2.536058688400144,13.646695603001175,18.20458030700684,0.1916271597146988,1.5880976915359497,-0.4181232452392578,-0.5664563179016113,5.409761428833008,4.99163818359375
cycle86_rank6_obj78,86.0,10_c2_x10_030723,event,1,86.0,,1.85813722649508,0.4228746509426062,-0.000538995063536,3.0,0.1420951480652973,12.399287527913966,synchronized_persistent_drop_low_frame_count,0.0003233179450035,9098.537893392,95.77408308833684,0.0420399025082588,0.0947958394885063,0.0684178709983825,0.2995805871779509,0.3030257639304973,0.0034451767525464,0.0002411507909545,0.0449668334802252,0.00584182144997,-0.0004714178094238,0.0128819652486518,0.0004140130973446,7.846877409787453,0.0489831851572811,0.0102797635132863,4.046161314210394,0.3417317672942677,0.1977887207908927,0.0031455961653684,8.940277967872538e-06,16.281372471749982,0.1786550234792114,0.0001341141323791,0.9731810239885106,0.0176862869411706,2.5179128129276577e-06,-4.922185566517223e-06,4.3228093028341525e-06,0.0005114450963952,0.0035681027296191,9.334757044477795e-08,4.564274022953415,0.0009274622962038,0.0190581094939261,30.836632859943016,0.870502292484298,0.0001389394576563,0.0088958046690095,38.88231542989743,0.958109478721694,0.0003771430883716,0.0149878209340386,34.33174095685715,0.8926302485534761,2.714441921203937,6.675298089172768,8.31127643585205,0.0874871239066124,0.6624271869659424,-0.1629416942596435,-0.0813643336296081,-2.7623682022094727,-2.925309896469116
cycle86_rank8_obj17,86.0,10_c2_x10_030723,event,1,86.0,,1.248393377128957,0.0505274760438475,0.0002578172714733,3.0,0.1420951480652973,12.399287527913966,synchronized_persistent_drop_low_frame_count,0.0004057213664054,9098.537893392,95.77408308833684,0.0686196848750114,0.1091850996017456,0.0889023922383785,0.304973037747154,0.3024266027561414,-0.0025464349910125,0.000204032382337,0.1222553310147508,-0.0011983223487118,-0.000255130134686,0.005542240862792,0.0002431867360735,3.892501588543496,-0.0502564747284463,0.0152819066964741,-6.786659070868154,0.2733884509003282,0.2218113391252247,0.0031455961653684,-7.848344926977237e-05,17.2157252804701,0.4873290362637293,0.0001039573398884,0.9595343557809408,0.0183719638735055,2.130350672726507e-06,-2.663874468532177e-06,2.539170600560781e-06,-0.0005247398159071,0.002854513894413,-8.19464376363525e-07,4.404672825684108,0.0014586938896172,0.0204392834857571,29.597184516157185,0.882231157995512,0.0001132411862272,0.0074900943145621,40.283982554305545,0.9703628235314916,0.000294598288292,0.0126997685292735,35.644023967144136,0.9209558159329088,2.601511853654875,12.8813017437893,11.313231468200684,0.1190866455435752,0.9409472942352296,0.112049400806427,0.1521126627922058,0.5295165181159973,0.6415659189224243
cycle88_rank2_obj4,88.0,10_c2_x10_030723,control,0,86.0,,0.6746893715851342,0.0311247701866334,9.537964091090544e-05,3.0,0.1420951480652973,12.399287527913966,synchronized_persistent_drop_low_frame_count,0.0001411363482475,9106.526124716,95.85816973385263,0.0364512540400028,0.0754225634038448,0.0559369087219238,0.2932893948472139,0.2962852007189934,0.0029958058717795,0.0002698795614517,0.0629384261932385,-0.0016476932294787,-0.0005581964143308,0.0007489514679449,0.0004716931293476,-0.1523747948579057,-0.3006406489087662,0.5922487934080365,-5.448139947910022,-0.0099831645496947,0.1701149640503295,-0.0043439185140802,-0.0002316385383848,14.319556688927662,0.1340588277789706,5.650892853736877e-05,0.9966883622618068,0.0069057950749993,2.8154049070731158e-06,-5.823149094966644e-06,4.920739991773913e-06,-0.0031363070017243,-0.0001041451613087,-2.4164715331825763e-06,4.505572339544418,0.0005338262308214,0.0142925056861713,32.76885777395148,0.8743338241025713,6.305429633357562e-05,0.0055144131329143,43.10142051027696,0.972331180755095,0.0001519690031273,0.0091970509674865,38.56091434677582,0.9281125829422294,2.4101292372424497,8.466135725269275,10.460606575012209,0.1101116463541984,0.6835139989852905,0.0423669815063476,0.0065629482269287,5.351622581481934,5.393989562988281
cycle88_rank5_obj9,88.0,10_c2_x10_030723,control,0,86.0,,0.9442061661567512,0.2274164862712965,-0.0013073852692188,3.0,0.1420951480652973,12.399287527913966,synchronized_persistent_drop_low_frame_count,-0.0014096051454544,9106.526124716,95.85816973385263,0.0263161635026335,0.0709574326872825,0.048636798094958,0.3031755542240862,0.2994307968843619,-0.0037447573397243,0.0004994059591666,0.0842029562301893,-0.0020970641102456,-0.001022286243643,0.0,0.0008973326518132,4.190283382798157,-0.1023479891975085,0.0425418712422385,11.338602674899905,0.181844593525747,0.1828081311164369,-0.0029958058717795,-4.154283027093495e-05,20.34250209979313,0.0486839144658855,0.0001559628726681,0.9964242866045212,0.0100427977740764,5.209842421916149e-06,-1.0664570860067548e-05,9.36104511805988e-06,-0.0010677023093772,0.0018970171664098,-4.333780875044598e-07,4.333685300200534,0.0010940666761598,0.0188376843871083,30.39714747245188,0.8938412376797854,0.0001799567621674,0.0088996081613004,38.91229448469236,0.9493380918513616,0.0004073869713465,0.0147285373532213,34.44406266717037,0.8756218022709988,2.263804740871805,6.079608584767009,21.97732925415039,0.2313403040170669,0.4411919713020324,-0.253753662109375,-0.1839675903320312,5.16865873336792,4.914905071258545
cycle88_rank3_obj6,88.0,10_c2_x10_030723,control,0,86.0,,0.7769960856294926,0.162018890975065,-0.0005971468921385,3.0,0.1420951480652973,12.399287527913966,synchronized_persistent_drop_low_frame_count,-2.919882535934448e-05,9106.526124716,95.85816973385263,0.0257445437833666,0.0693201497197151,0.0475323467515409,0.2982324745356501,0.3013780707010186,0.0031455961653684,0.0002271054110788,0.0319654354582612,-0.0028460155781905,-0.0005531868108467,-0.0043439185140802,0.0003495272787386,1.3326564969800074,-0.2994085336856261,0.6642437482560485,-7.899093425327919,0.7295506807798157,0.156621355102856,-0.0010485320551228,-8.297187518591638e-05,19.984207963153477,0.3085393905686657,0.0001153186021838,0.994766934984919,0.0091487113386392,2.3691815909839377e-06,-5.770888515634157e-06,3.6462961864297854e-06,-0.0031234534783725,0.0076107303405165,-8.655691571859272e-07,4.328278429709984,0.0013608981280412,0.0209701040876097,28.725165670993505,0.837935477190329,0.0001314565433858,0.0076675807940773,40.1702761433261,0.9554050756824622,0.0003004520922331,0.0126687076699454,35.72765162844473,0.8901903213679871,2.285562091430703,10.352456355460545,15.046319961547852,0.158382311463356,0.3406366109848022,0.1493685245513916,-0.1504969596862793,-0.8495164513587952,-0.7001479268074036
cycle88_rank4_obj8,88.0,10_c2_x10_030723,control,0,86.0,,0.5810432952277503,0.0002072789419745,4.176205234778402e-06,3.0,0.1420951480652973,12.399287527913966,synchronized_persistent_drop_low_frame_count,5.126744508743286e-05,9106.526124716,95.85816973385263,0.0436925034970045,0.0790148437023162,0.0613536735996603,0.292840023966447,0.2943379269023367,0.0014979029358897,0.0003131139329518,0.0316666544532963,-0.0019472738166567,-0.0009535832552819,0.0032953864589574,0.0008365153949961,0.1666477941989796,-0.4336428171024945,0.7138230190028445,1.9004454682606136,0.4241114445455693,0.2023744882164969,-0.0014979029358897,-0.0001168118432349,15.449847581210756,0.1034571753570185,6.432311056414619e-05,0.9975351601254318,0.0068697333335876,3.266429286321349e-06,-9.947855857561144e-06,8.7265946900371e-06,-0.0045237961282433,0.0044243640966972,-1.218590377422323e-06,4.122451717220647,0.0015808060234121,0.0215621532988734,28.0897152280912,0.8435682995921076,7.311938202292367e-05,0.0057909245078917,42.652861822704935,0.9729605989823876,0.0001718434223221,0.0096191657648887,38.126543405558245,0.9298332614374611,2.35017607599891,21.6195211129725,11.523117065429688,0.1212959662079811,0.3282954096794128,0.1883649826049804,-0.0623083114624023,-9.907764434814451,-9.719399452209473
cycle90_rank6_obj3,90.0,10_c2_x10_030723,control,0,86.0,,1.289483423927142,0.3354195324071516,0.0008126134183213,3.0,0.1420951480652973,12.399287527913966,synchronized_persistent_drop_low_frame_count,-0.0006375983357429,9100.682447876,95.79665734606316,0.0496303848922252,0.1033883832395076,0.0765093840658664,0.2947872977831036,0.2847513481126423,-0.0100359496704613,0.0001213023010324,0.0101979666826026,-0.0041941282204913,-0.0003854265585424,0.0,0.0002613822336195,-6.991558785919324,-0.0917123562301709,0.0499927902600968,10.394854334333786,0.3346839721136304,0.1849114364889155,-0.0035949670461354,-6.5660246029939e-06,16.620116388448288,0.5124549512429287,0.0001437627506675,0.992749536208364,0.0114260716363787,1.2662477417587517e-06,-4.023382122301596e-06,2.7285110030019782e-06,-0.0009573648890363,0.0034936915481778,-6.854127048790742e-08,4.681975244797292,0.0019071601636824,0.0253963795257732,27.220948770333894,0.7934135611511711,0.0001423079825144,0.0093567812291439,38.469753143084006,0.9489697530941554,0.0004098598910786,0.0159136849688366,33.875807169545205,0.8688019759689722,2.8800906585625072,13.40163868523269,9.050925254821776,0.0952728986740112,0.3995950818061828,-0.1154598891735076,-0.0066299438476562,0.5412923693656921,0.4258324801921844
cycle90_rank3_obj4,90.0,10_c2_x10_030723,control,0,86.0,,0.8739415527028875,0.1634641746582569,0.0003002383650249,3.0,0.1420951480652973,12.399287527913966,synchronized_persistent_drop_low_frame_count,-0.0001276656985282,9100.682447876,95.79665734606316,0.0403296239674091,0.0783768266439437,0.0593532253056764,0.292240862792091,0.2869982025164769,-0.005242660275614,4.41466862290793e-05,0.0021835743634084,-0.0005991611743559,-0.0001641780454731,0.0025464349910125,0.0001032845931051,-13.543449159951138,-0.2073128553671115,0.3919495476283583,1.2547087394175378,0.1968529362315345,0.1595126198322348,-0.0020970641102456,-6.556779542823344e-05,17.04216491097469,0.1538911790626168,4.91481987410225e-05,0.996387052083939,0.0073904846794903,4.608374389265007e-07,-1.7138181020250917e-06,1.0781648960055398e-06,-0.0021640927889393,0.0020549040194628,-6.844476336097128e-07,4.637619571135867,0.0005962881114101,0.0146713776921387,32.25728000555174,0.8760394561376974,4.864983065999695e-05,0.0054314716835506,43.13392179415357,0.9723811084181532,0.0001412155024809,0.0092650280275847,38.505522557976754,0.9235388520286408,2.9026925801206653,12.256735600529169,8.128881454467773,0.0855671763420105,0.6079822182655334,-0.0812211036682128,-0.0503570437431335,5.170364856719971,5.089143753051758
cycle90_rank4_obj6,90.0,10_c2_x10_030723,control,0,86.0,,0.6170181321033799,0.0180472572232937,-4.182761907343454e-05,3.0,0.1420951480652973,12.399287527913966,synchronized_persistent_drop_low_frame_count,-0.0002948641777038,9100.682447876,95.79665734606316,0.0491605028510093,0.0802519932389259,0.0647062480449676,0.2846015578190533,0.2840023966446974,-0.0005991611743559,9.856758053646304e-05,0.0040875632875728,-0.0098861593768723,-0.0002739788820881,0.0026962252846015,0.0002249536487225,-18.466313568731948,-0.2143806707010344,0.1880720644027763,14.018457809537496,0.1734392550242715,0.1978168064709407,0.0005991611743559,-3.4964614379801685e-05,17.97908385124972,0.3151690859414188,5.370757935452275e-05,0.9952852927440214,0.0083540817722678,1.0289250509064212e-06,-2.8600046147580404e-06,2.3482411073057136e-06,-0.0022378721412646,0.0018104938087529,-3.649878330670019e-07,4.14051848376339,0.0009056281924131,0.0188205298618413,30.446024350124095,0.8552223797537815,5.313079532243137e-05,0.005658553156536,42.75220377854107,0.9729622920464588,0.0001535938677079,0.0096535973716527,38.14247257746944,0.9251852461840544,2.8908633265471555,17.045259475548477,9.511003494262695,0.1001158282160759,0.6489240527153015,0.0783653259277343,0.0902462005615234,-10.129923820495604,-10.051558494567873
cycle90_rank5_obj10,90.0,10_c2_x10_030723,control,0,86.0,,0.764701860494445,0.1880492848485385,-0.0004634247695328,3.0,0.1420951480652973,12.399287527913966,synchronized_persistent_drop_low_frame_count,-0.0006289631128311,9100.682447876,95.79665734606316,0.0293406868353486,0.0739812739193439,0.0516609803773462,0.2949370880766926,0.2934391851408028,-0.0014979029358897,0.0003740236403706,0.0485578080896883,0.0019472738166567,-0.0005716881065369,-0.0004493708807669,0.00054552153843,-5.305673363370147,0.0150618150316196,0.000603654135141,-1.4386779989333718,0.0964688112297238,0.1734446774515678,-0.0047932893948472,4.075344436400024e-05,19.0548978293098,0.5138294238045586,0.0001309513463638,0.9938667255075492,0.0115258758887648,3.904349595617978e-06,-5.967724995577795e-06,5.694578010789551e-06,0.0001572269372323,0.0010070164648984,4.254161417843567e-07,4.077663353790309,0.0009109161201195,0.0191144791897386,30.481909873409244,0.878872022532605,0.0001292271672355,0.0088718815241009,38.89300910382392,0.9458328131218384,0.000365113589396,0.014934755192371,34.38260092488281,0.8640791694503738,2.825362477617629,7.048952163901199,15.490260124206545,0.1630553752183914,0.7525526881217957,-0.0729861259460449,0.0169992446899414,4.05565357208252,3.9826674461364746
cycle116_rank2_obj2,116.0,13_c2_x6_100723,event,1,116.0,,1.2552609026042028,0.0067482661996501,2.589131439578409e-05,3.0,0.1917019578422557,12.929917335181958,synchronized_persistent_drop_low_frame_count,-0.0001923888921737,9126.745852742,96.07100897623158,0.0386231243610382,0.0747949309647083,0.0567090276628732,0.3022768124625524,0.3031755542240862,0.0008987417615338,0.0002021782905993,0.0737547990493707,-0.0023966446974236,-0.0002368056126739,0.0011983223487118,0.0002577553253984,-4.206643175844306,-0.069372027945607,0.0782253445188629,-9.451907481842,0.2518844490153144,0.1750237167964849,-0.0014979029358897,-7.13393544208965e-06,16.406409544484355,0.2966148244047228,4.295408871257678e-05,0.9979419838015748,0.0062709297053515,2.1044672347447515e-06,-2.4649019011821272e-06,2.6829667778575968e-06,-0.0007220911769831,0.0026218570170074,-7.425690141189857e-08,5.324312767584873,0.0002801262453431,0.0101192469883244,35.62954854428155,0.9392058247028862,4.219313711928408e-05,0.0050517315103206,43.75125698339132,0.9771075759648724,0.0001228923733833,0.0086392576922662,39.1088126301807,0.9358995832006136,2.9126152207140077,6.639142393018941,6.978207111358643,0.073454812169075,0.4253008663654327,0.0313467979431152,0.0053635239601135,4.122920036315918,4.154266834259033
cycle116_rank3_obj9,116.0,13_c2_x6_100723,event,1,116.0,,1.2773770940661642,0.0980448466492269,-0.0001916121872806,3.0,0.1917019578422557,12.929917335181958,synchronized_persistent_drop_low_frame_count,-0.0010579004883766,9126.745852742,96.07100897623158,0.0238483753055334,0.0600238587707281,0.0419361170381307,0.317106051527861,0.3117136009586578,-0.0053924505692031,0.0005622540813994,0.1511026165724628,0.005991611743559,-0.0008299453066304,-0.0073397243858597,0.000777879362815,0.2052535968296069,0.0892127817585114,0.025593848746915,-5.528605994550389,-0.0082862810855859,0.1959319452766127,-0.0077890952666267,0.0001084313485807,20.383372424920296,0.1103916498606366,8.857985812937841e-05,0.9963839696037506,0.0088714817538857,5.852484400768086e-06,-8.638873636017859e-06,8.096920924474368e-06,0.0009286129365059,-8.625162964236209e-05,1.128658371930023e-06,5.098809654631046,0.0009781945482245,0.0198917243978939,30.170368741246424,0.8463355631480729,8.672821081745496e-05,0.0072484849370084,40.62484055399078,0.9617422180427352,0.0002484714777892,0.0122900790884159,36.05444303026676,0.9000348521143566,2.864944121955673,11.278850779977443,12.730328559875488,0.134003460407257,0.6409928202629089,-0.2780232429504394,-0.2225580215454101,4.712380409240723,4.434357166290283
cycle116_rank1_obj6,116.0,13_c2_x6_100723,event,1,116.0,,1.108391242725916,0.0141586709219611,-4.8077049369703184e-05,3.0,0.1917019578422557,12.929917335181958,synchronized_persistent_drop_low_frame_count,-0.0011647343635559,9126.745852742,96.07100897623158,0.0271782018244266,0.0679924376308918,0.0475853197276592,0.3090173756740563,0.3043738765727981,-0.0046434991012582,0.0004100214664201,0.1085968152593653,0.0019472738166566,-0.0005062127617103,-0.005542240862792,0.0004369388146881,-1.7897236079251115,-0.0128899557041893,0.0033197074109759,0.9874376621346528,0.3572308756497142,0.1571549830237667,0.005542240862792,-5.674028687563849e-05,17.381656510646216,0.1382942347338847,7.897186151240021e-05,0.9977167421514356,0.0074749970808625,4.267900075053808e-06,-5.269152131374207e-06,4.548081875524964e-06,-0.0001341711286427,0.0037184045369825,-5.906077960488195e-07,5.030580641918212,0.0019868600538757,0.0250879052910022,27.032096627736188,0.7780417908486669,7.79044924001937e-05,0.0068466277880361,41.09124223544062,0.96306262259774,0.0002210542238572,0.0115609453350771,36.56298043794301,0.90371716066873,2.8375029096094893,25.503793076132794,11.402716636657717,0.1200285926461219,0.4047080278396606,-0.0003882944583892,0.199317455291748,0.4235025346279144,0.4231142401695251
cycle116_rank5_obj43,116.0,13_c2_x6_100723,event,1,116.0,,1.1308900021649042,0.0417755545969269,4.206349207174184e-05,3.0,0.1917019578422557,12.929917335181958,synchronized_persistent_drop_low_frame_count,-0.0012446269392967,9126.745852742,96.07100897623158,0.0332106295973062,0.0776838831603527,0.0554472563788294,0.3075194727381665,0.3034751348112642,-0.0040443379269022,0.0003260549853103,0.0910757998633828,0.0086878370281605,-0.0004264929126352,-0.0068903535050928,0.0004397296037311,2.168164566913447,-0.1954805452931238,0.1131069149983944,-5.047506943078361,0.4719287247847714,0.1744729254044338,-0.0025464349910125,5.517065852787152e-05,14.507729083125852,0.2100804870276588,8.277245797216892e-05,0.9973963297632928,0.008251535706222,3.3938957109420884e-06,-4.439350821648964e-06,4.577131107678022e-06,-0.0020347506222349,0.0049122907088602,5.742695857552719e-07,4.3043625905483625,0.0005391328777477,0.0136385590594727,33.55833338761574,0.9231149180442738,8.158118953360827e-05,0.0070101489691296,40.89127452195975,0.9691098892164453,0.0002336872553314,0.0118844625249039,36.32204919145057,0.9176682674618049,2.8644747234916204,6.60854396497367,8.830548286437988,0.0929531380534172,0.238384336233139,0.0164041519165039,0.008998692035675,-2.9863216876983643,-2.9699175357818604
cycle116_rank7_obj37,116.0,13_c2_x6_100723,event,1,116.0,,1.32518717317117,0.1052743096934696,0.0003295309914747,3.0,0.1917019578422557,12.929917335181958,synchronized_persistent_drop_low_frame_count,-0.0010032206773757,9126.745852742,96.07100897623158,0.0700617283582687,0.1410840988159179,0.1055729135870933,0.3103654883163571,0.3057219892150988,-0.0046434991012582,0.00042378847855,0.1188523360785702,0.0026962252846015,-0.0002455762285486,0.0,0.0004086123566995,5.653709476957943,0.2063052053072484,0.1218504490037827,-3.748145716072486,0.0804449049046073,0.1744588825644098,-0.0049430796884362,-8.005815732093365e-05,15.238804575009734,0.2740301534751753,0.0002336800971534,0.992595935657166,0.0134140457957983,4.411200455434452e-06,-2.5561949558515826e-06,4.2532326979165e-06,0.0021474241553795,0.0008373483922138,-8.333227492254236e-07,4.274566215478122,0.0021813608836964,0.0308268098160624,26.615063446115343,0.7858091691777507,0.0002327208612769,0.0119285153632517,36.33263408846872,0.9373687259323988,0.0006795939116273,0.0204181606532074,31.67856896051362,0.8464483618320047,2.9202105384901174,9.373293273871719,8.89575481414795,0.0936395227909088,0.305964857339859,-0.043210744857788,-0.0565834641456604,-2.3023149967193604,-2.3455257415771484
cycle116_rank8_obj20,116.0,13_c2_x6_100723,event,1,116.0,,1.0844116535413544,0.001721147227614,5.145228727107179e-05,3.0,0.1917019578422557,12.929917335181958,synchronized_persistent_drop_low_frame_count,0.0002583116292953,9126.745852742,96.07100897623158,0.0607717689126729,0.1193235389888286,0.0900476539507508,0.304973037747154,0.3024266027561414,-0.0025464349910125,0.0001384076942307,0.0462965245562481,0.0070401437986818,-0.0001341773172468,-0.0049430796884362,0.0001211306070578,6.833890418236933,-0.2321455952264551,0.2094961783294779,0.9606750538207508,0.1128447592861745,0.1832184941082484,0.0022468544038346,-2.273472049602538e-05,14.317076352739592,0.0624678907235589,8.303269714815542e-05,0.9932072276720704,0.0091048860922455,1.4406811764101898e-06,-1.396647320317994e-06,1.2608445393536887e-06,-0.0024163959315123,0.0011745974200613,-2.3664496436849185e-07,4.20806016995098,0.0003702758090184,0.0126913317653816,34.51372718398482,0.951733790491995,8.027114972719573e-05,0.0069050170714035,40.96910827649999,0.9776629739169628,0.0002374139839957,0.0119069647917058,36.26076974161469,0.9376126005123429,2.957650224302998,4.612813075143374,7.290661334991455,0.0767438039183616,0.2808773815631866,-0.0088599920272827,-0.0992678627371788,-1.569733738899231,-1.5785937309265137
cycle118_rank4_obj1,118.0,13_c2_x6_100723,control,0,116.0,,1.1051828859084512,0.165564476508863,-0.0001242756586803,3.0,0.1917019578422557,12.929917335181958,synchronized_persistent_drop_low_frame_count,-0.0010294690728187,9129.33806254,96.0982953951579,0.0464085169136524,0.098567821085453,0.0724881689995527,0.3018274415817855,0.2911923307369682,-0.0106351108448172,0.0001643558350918,0.0254875636120118,0.0092869982025164,-0.000327590071675,-0.0050928699820251,0.00025524087222,-1.8624110324827825,0.0793221362370852,0.0309362221413282,-0.0308817268701204,0.198239109191955,0.1980633363291392,0.0013481126423007,3.377596378634774e-05,16.56600346728816,0.1334943161085615,0.0001226103340741,0.9937550490401094,0.010170754045248,1.7102887664763117e-06,-3.408906165587664e-06,2.6560395392079093e-06,0.0008254270891165,0.0020628785180506,3.514730791785679e-07,5.013327036600357,0.0009674851116869,0.019481929950416,30.210051264170225,0.8661761903672559,0.0001220415913394,0.0086437135469168,39.13930746071372,0.9600254030109464,0.0003541749820215,0.0147435993712861,34.5133627081254,0.8941335554161097,2.902084265982181,7.927503247612573,8.4025239944458,0.0884476229548454,0.4087950587272644,0.163620188832283,0.1252703666687011,-0.3042744398117065,-0.1406542509794235
cycle118_rank1_obj7,118.0,13_c2_x6_100723,control,0,116.0,,0.5779761010946141,0.0644627430127087,-0.0001603300240653,3.0,0.1917019578422557,12.929917335181958,synchronized_persistent_drop_low_frame_count,-0.0009625628590583,9129.33806254,96.0982953951579,0.0268440840765833,0.0663386881351471,0.0465913861058652,0.2989814260035949,0.2944877171959257,-0.0044937088076692,0.0002988653649405,0.0532454579831147,0.0095865787896943,-0.000351795874273,-0.0064409826243259,0.0003173981547916,8.22382710487102,0.0919107224512313,0.069857434156245,-6.218995023040634,0.2213173671676958,0.1566260360495306,0.0013481126423007,-1.3653226773889183e-05,17.189379024016034,0.4172219790661374,7.762988389004022e-05,0.9964277245030142,0.0079921763390302,3.109996527114078e-06,-3.6607920340984255e-06,3.302848957793757e-06,0.0009564240663509,0.0023030311438682,-1.420756395079317e-07,4.326672628497259,0.001187518289953,0.0190358920372091,29.399169879717693,0.8596999670839639,7.777382484164264e-05,0.0068330430367495,41.10340181587653,0.963077330443732,0.0002200137960244,0.0115331866254564,36.58682821129581,0.9037071986776996,2.8288925801498896,15.268868316183983,10.875532150268556,0.1144792884588241,0.5088667869567871,0.0278493706136941,0.0480666160583496,-0.0334108881652355,-0.0055615175515413
cycle118_rank2_obj2,118.0,13_c2_x6_100723,control,0,116.0,,0.5518909744846521,0.0017931207731328,1.8527124616517745e-05,3.0,0.1917019578422557,12.929917335181958,synchronized_persistent_drop_low_frame_count,-0.0006678476929664,9129.33806254,96.0982953951579,0.0394793935120105,0.0756311185657978,0.0575552560389041,0.2974835230677052,0.2967345715997603,-0.0007489514679448,0.0001072823196737,0.0217402415154231,0.0023966446974235,-0.0001211824200324,-0.0019472738166567,0.00013316340845,-3.5319635225478123,-0.0483729018210226,0.0346416826113178,-4.366891681844663,0.2254145110891921,0.1753903909526662,-0.0031455961653684,1.0474348391917983e-06,16.950424437287452,0.1794035993016195,4.301892840885557e-05,0.9968853181414664,0.0067896996624767,1.1163810890987485e-06,-1.261025698053854e-06,1.3857000054217784e-06,-0.0005033689892428,0.0023456660720388,1.0899619341682678e-08,4.2813394428335565,0.0005581024543062,0.0127009372517932,32.67488966675905,0.9153654865869952,4.3143111952304025e-05,0.0050913022860186,43.65980087846827,0.9769326960339132,0.0001250097579941,0.0086999006744008,39.0376450610809,0.9354573115363808,2.8975600585396335,12.936073200356956,6.73250150680542,0.0708684399724006,0.4318374693393707,-0.3186790943145752,0.0071834921836853,3.506587505340576,3.187908411026001
cycle118_rank3_obj9,118.0,13_c2_x6_100723,control,0,116.0,,0.6340187053993103,0.0444269030021075,0.0002160601566223,3.0,0.1917019578422557,12.929917335181958,synchronized_persistent_drop_low_frame_count,-0.0016678720712661,9129.33806254,96.0982953951579,0.023579278960824,0.0588141940534114,0.0411967365071177,0.3040742959856201,0.2950868783702816,-0.0089874176153385,0.0004108433624287,0.0775165150489473,0.0073397243858598,-0.0005992180670338,-0.0155781905332534,0.0005704242763332,5.036373183966475,-0.0091976229296884,0.0003271572167209,-4.493422637230424,0.1006374702581115,0.1947648292390652,-0.0044937088076692,7.600658589640247e-05,21.589543685451105,0.1375657344713698,8.544885349692777e-05,0.9958886765089028,0.0089970650151371,4.2752408951625735e-06,-6.235470302255449e-06,5.935841775212275e-06,-9.571057313626306e-05,0.0010472347073825,7.909254330044257e-07,4.255431422335417,0.0009717589746287,0.0192096980754286,30.31135276865171,0.8566971612234174,8.593408324486518e-05,0.007183296198491,40.672534497438896,0.9621453276984854,0.0002442161921862,0.0121430345170665,36.13644441817375,0.9011890144567982,2.841901408202812,11.308190393556862,12.38547134399414,0.1303733885288238,0.6875506043434143,0.0314598083496093,0.0162653923034667,4.237678527832031,4.269138336181641
cycle156_rank1_obj1,156.0,18_c2_xN_HighHighCOV_170723,event,1,156.0,,1.5087951450912631,0.2139814615761585,8.666220301022266e-05,1.0,0.1656050955414012,4.816527810967591,single_persistent_drop_needs_roi_qc,0.0162402987480163,19462.04443982,204.8636256823158,0.0357451193034648,0.0703042596578598,0.0530246894806623,0.2817555422408628,0.3602456560814859,0.0784901138406231,0.0002615082102636,0.0570503827821126,-0.0784901138406231,-0.0002244141842223,0.0723487118034751,0.0002270292155279,-65.85333010596173,-0.296067789296002,0.1340029455142301,120.6955279365975,0.3802933700209112,0.1900105477331735,0.0086878370281605,5.143809247628647e-05,17.418066381441257,1.247527462799207,4.687406544690021e-05,0.9503947941838355,0.0293597988784313,1.2764989850817188e-06,-1.0954320635249905e-06,1.108196805420477e-06,-0.0014451945205495,0.0018563245122422,2.510845559086808e-07,5.881512080209022,0.0020570110864355,0.0237274185637943,27.017033457861576,0.7578146087791034,5.150665617748018e-05,0.005083966825623,43.34269316052536,0.9808422737497332,0.0001146234908446,0.0080953725846484,39.568327876904746,0.9494091613140004,2.2254112254857628,39.93680116502825,14.464882850646973,0.1522619277238845,3.290290355682373,1.575700759887695,-0.4765617549419403,3.755360126495361,5.331060886383057
cycle156_rank6_obj3,156.0,18_c2_xN_HighHighCOV_170723,event,1,156.0,,1.4367926892737708,0.1127484924863965,4.9933181466435456e-05,1.0,0.1656050955414012,4.816527810967591,single_persistent_drop_needs_roi_qc,0.0234959349036216,19462.04443982,204.8636256823158,0.0367114730179309,0.0670057266950607,0.0518585998564958,0.2787597363690833,0.3854104254044337,0.1066506890353504,0.000342581292322,0.0507745599936207,-0.1051527860994607,-0.0002272019254432,0.1184841222288795,0.0003253773528779,-20.800620171486912,-0.0174128981293633,0.0039389406378539,60.53205153677686,0.1507728851929556,0.2131859147193928,0.0193229478729778,4.5166690669959966e-05,16.030372647254303,1.7919718874556907,5.0920578360091895e-05,0.940030108095686,0.0347965992987155,1.672240697591191e-06,-1.1090398536419825e-06,1.5882631765120788e-06,-8.499751027723042e-05,0.0007359670839115,2.2047198725263427e-07,5.14793840443715,0.0021229291414783,0.0239059868035838,27.11320059572303,0.8305348044823867,5.79726806790859e-05,0.0051827243441948,43.0132940992457,0.9828641082369436,0.0001175146805962,0.0080370542418677,39.59758492257448,0.9549292063379636,2.0270699788183912,36.61947518400962,16.511253356933594,0.1738026738166809,4.805828094482422,-2.835005760192871,0.98815655708313,-8.413466453552246,-11.248472213745115
cycle156_rank8_obj10,156.0,18_c2_xN_HighHighCOV_170723,event,1,156.0,,1.5796474218170364,0.2168786212239604,0.0001345364546228,1.0,0.1656050955414012,4.816527810967591,single_persistent_drop_needs_roi_qc,0.0318076461553573,19462.04443982,204.8636256823158,0.0296942517161369,0.0638047754764556,0.0467495135962963,0.2786099460754943,0.4230077890952666,0.1443978430197723,0.0004226963423209,0.0513604402924509,-0.1815458358298382,-0.0005311784879356,0.2044637507489515,0.0005938833625328,-30.08462792043622,-0.2077793513597511,0.45321652631968,199.51241738260387,0.6950979677919402,0.1914663221489914,0.0113840623127621,2.4382576276014173e-06,20.555810569792406,2.9250162786746574,8.442490798188373e-05,0.902474052423648,0.0451687537133693,2.0633059720247663e-06,-2.5928394372916536e-06,2.8989204918874515e-06,-0.0010142325201349,0.0033929789413657,1.1901857245182457e-08,5.095436512452073,0.0020590926087606,0.0209846307989209,27.89824600742688,0.8729680230786857,9.961399871372124e-05,0.0063542876014253,41.11825691068371,0.9748640765321016,0.0001821913783714,0.0096693698724266,37.91010085049077,0.9370202739017062,1.8289736455113734,20.670715314603388,19.65669822692871,0.2069126069545745,4.554489612579346,0.0394539833068847,-0.3021541535854339,-2.763579845428467,-2.724125862121582
cycle156_rank2_obj2,156.0,18_c2_xN_HighHighCOV_170723,event,1,156.0,,1.2118362385241466,0.0501288312147426,0.0002177126664658,1.0,0.1656050955414012,4.816527810967591,single_persistent_drop_needs_roi_qc,0.0345103815197944,19462.04443982,204.8636256823158,0.0278336456045508,0.0626696959137916,0.0452516707591712,0.2750149790293589,0.4841222288795686,0.2091072498502097,0.000664956540496,0.0720046167863774,-0.1514379868184541,-0.0004713812355594,0.2168963451168364,0.0006923625562302,36.018494251385846,0.1712715470308404,0.1073638076711942,34.956928991406585,0.054625836978719,0.172318129618534,-0.0271120431396045,-0.000100005136596,18.863558725145808,3.808794955408751,8.142126898746938e-05,0.911386155315358,0.0451105311512947,3.2458497123701337e-06,-2.300951347460744e-06,3.379626587805983e-06,0.0008360271202874,0.0002666448804505,-4.881546749111342e-07,5.093610228639238,0.0045668972015846,0.0339074452058412,23.657369778934694,0.6790379949588139,9.607309118564444e-05,0.0062033161957515,41.27518447087764,0.9755382493710903,0.000174000942934,0.0094223202031571,38.12178578898038,0.9385798921748812,1.8111308878130465,47.53565379467046,19.32914924621582,0.2034647315740585,4.170186996459961,0.3432187139987945,-1.929992198944092,-0.091125763952732,0.252092957496643
cycle156_rank5_obj4,156.0,18_c2_xN_HighHighCOV_170723,event,1,156.0,,1.3097972948929866,0.0889944199786116,0.0003479716831246,1.0,0.1656050955414012,4.816527810967591,single_persistent_drop_needs_roi_qc,0.0349957980215549,19462.04443982,204.8636256823158,0.0233238164335489,0.0549692474305629,0.0391465319320559,0.2774116237267825,0.481725584182145,0.2043139604553625,0.0006749188547861,0.0687939235273676,-0.2204913121629718,-0.000677769584329,0.2550928699820252,0.0008421071324887,22.88790389306166,0.0465799390057471,0.0187449181059166,-17.316277642779824,-0.0401978513958135,0.204003457659277,0.0106351108448172,1.7789121274726527e-06,20.3080285530234,1.867809276013888,8.92886528163217e-05,0.8783012282705677,0.0476934053003788,3.2944787174310696e-06,-3.3083939721935484e-06,4.110574191411647e-06,0.0002273704707246,-0.0001962176118963,8.683396681806415e-09,5.045443781614695,0.0029440823709592,0.0301477225148119,25.583293351426462,0.726525796913797,0.0001043279169152,0.0067286432022228,40.80100358012918,0.9735752521465636,0.0002057212327599,0.0104258574137929,37.27197925504144,0.9331435033939434,1.9718713729050557,28.219506897201967,19.836877822875977,0.2088092416524887,4.641040802001953,2.677000045776367,2.0403871536254883,3.0173134803771973,5.6943135261535645
cycle156_rank7_obj27,156.0,18_c2_xN_HighHighCOV_170723,event,1,156.0,,1.6668088838929638,0.2829357844464547,0.000361101057353,1.0,0.1656050955414012,4.816527810967591,single_persistent_drop_needs_roi_qc,0.0392726510763168,19462.04443982,204.8636256823158,0.0608018811792135,0.1368897259235382,0.0988458035513758,0.2777112043139604,0.4457759137207909,0.1680647094068304,0.0003879725058818,0.0325631944718177,-0.121779508687837,-0.0003694254928612,0.1789994008388257,0.0004595313034892,36.19686510422105,0.1013548036374041,0.0319889228765527,53.60394165961157,0.1086582406683048,0.1640999475733972,-0.0260635110844817,-2.114477333469386e-05,17.930935826925293,1.9893960725849935,0.000259122782154,0.8532744525665208,0.060945488512516,1.8938086475318184e-06,-1.8032751867534624e-06,2.2431083212491537e-06,0.0004947427992638,0.0005303930373506,-1.032138978516532e-07,4.90045527121776,0.0050170989125035,0.042748408159241,23.24392989025109,0.6550532466129717,0.0002836388389368,0.0125045497552491,35.86776942759705,0.939129270768184,0.0006734259677614,0.0200003317440859,31.838004844774343,0.85753898977417,2.3742374996516324,17.688335389151,22.510934829711918,0.2369572073221206,3.542245864868164,0.1022238731384277,0.5746428370475769,-2.1608965396881104,-2.0586726665496826
cycle157_rank1_obj1,157.0,18_c2_xN_HighHighCOV_170723,control,0,156.0,,0.9462923571539248,0.2001716955075119,9.42143912560918e-05,1.0,0.1656050955414012,4.816527810967591,single_persistent_drop_needs_roi_qc,-0.0106445774435997,19505.143994464,205.3173052048842,0.0386388808488845,0.0767021834850311,0.0576705321669578,0.3139604553624925,0.2648292390653086,-0.0491312162971839,-0.0001755636926533,0.0305260206261922,0.0405931695626123,8.361699751655598e-05,-0.0413421210305572,-0.0001446049323676,62.119011433111154,0.1103749968797376,0.0206845592792869,-79.68812844534136,-0.2616599163803117,0.1855059167165967,-0.0053924505692031,-1.1039211408963978e-05,21.515046424376933,0.4411397103292093,4.597676525008865e-05,0.9304208044339694,0.0254690218716859,-8.550847308180111e-07,4.072574273908152e-07,-7.042997774751966e-07,0.0005375825324104,-0.0012744172544014,-5.376659019534692e-08,5.056884750693399,0.0005587476607615,0.0121756340377032,32.71701066966785,0.9287417084688644,4.258484125330142e-05,0.0049263426917605,43.77026925775584,0.9814329069489498,0.0001110202854306,0.0081521835090825,39.58469224508818,0.948491489155517,2.607037672636459,13.12081116935437,13.399641036987305,0.1410488486289978,2.2648887634277344,-0.3211350440979004,0.2721683084964752,5.27946138381958,4.95832633972168
cycle157_rank4_obj8,157.0,18_c2_xN_HighHighCOV_170723,control,0,156.0,,0.8642722258468417,0.121542488368027,-0.0001783003742465,1.0,0.1656050955414012,4.816527810967591,single_persistent_drop_needs_roi_qc,-0.0194393545389175,19505.143994464,205.3173052048842,0.0535451967269182,0.1044937305152416,0.0790194636210799,0.3196524865188735,0.2571899340922708,-0.0624625524266027,-0.0001688401972452,0.019230872933887,0.1003594967046135,0.0002547857307962,-0.0723487118034751,-0.0002169774984582,6.808118713630051,0.131286882266295,0.0659340405635907,-57.53147931049443,-0.1324762353236549,0.1966840173756741,-0.0065907729179149,-4.3002737025461873e-05,18.19581820175818,0.1823872159373093,0.0001148307637777,0.8972502479229767,0.0358449518680572,-8.223378788105824e-07,1.2409364643762317e-06,-1.0567910885138797e-06,0.0006394340805091,-0.000645226836537,-2.0944526318689918e-07,4.446061746000481,0.0012521339504019,0.0210262188338674,29.127715972211977,0.8633716094958899,0.0001044129392084,0.0078266558411996,39.88338137069556,0.9690502845049824,0.0002812449056364,0.013048072985839,35.53504406040436,0.9173527467701538,2.693582881285023,11.992133924156079,16.701753616333008,0.1758079379796981,2.8492655754089355,-0.766016960144043,0.3030931949615478,-2.721702814102173,-3.487719774246216
cycle157_rank2_obj2,157.0,18_c2_xN_HighHighCOV_170723,control,0,156.0,,0.6756360226257907,0.0962036075274915,-0.0003688747242856,1.0,0.1656050955414012,4.816527810967591,single_persistent_drop_needs_roi_qc,-0.0244262740015983,19505.143994464,205.3173052048842,0.0351001631468534,0.0779275819659233,0.0565138725563883,0.3385260635110845,0.2168963451168364,-0.121629718394248,-0.0003413906098472,0.0343759524872825,0.1129418813660874,0.0003470758138822,-0.1488915518274416,-0.0004205598190747,-49.42678580159395,-0.1637758617439597,0.0230009673466792,-30.850035718585787,-0.1283065321793856,0.1642388156580787,0.01168364289994,-8.06250522193472e-06,21.736207879404656,2.120684530464602,7.400158938253298e-05,0.889086857718422,0.0363945141434669,-1.6627463988316578e-06,1.6904362422637664e-06,-2.0483408286267225e-06,-0.0007976719818162,-0.0006249182554356,-3.9268512772896675e-08,4.370068954195929,0.0020318849892646,0.0237544063129462,27.106193888755275,0.7664366657256413,6.415887264665798e-05,0.0057307693932671,42.15273822224083,0.9760330540518978,0.0001509139945028,0.0092500978498719,38.29569278695654,0.9364801967776392,2.3521921174321174,31.669586846620504,19.71229362487793,0.2074978202581405,3.989521026611328,0.1971363723278045,2.6886210441589355,-0.4758031964302063,-0.2786668241024017
cycle157_rank6_obj3,157.0,18_c2_xN_HighHighCOV_170723,control,0,156.0,,0.7929458469284842,0.1735557213037184,-0.0001588091189099,1.0,0.1656050955414012,4.816527810967591,single_persistent_drop_needs_roi_qc,-0.0156968012452125,19505.143994464,205.3173052048842,0.0411871273070573,0.0753002934157848,0.0582437103614211,0.3260934691431995,0.2505991611743559,-0.0754943079688436,-0.0002412320662087,0.0321289993880861,0.0575194727381666,0.0001875822708761,-0.0684541641701617,-0.0002632728992216,18.545770445298217,-0.0001634584491848,1.6624887688720946e-07,-49.0351616291548,-0.0791303995728805,0.2021763281406031,-0.0139304973037747,-5.106727412875195e-05,18.75062821961599,1.4036774747198415,4.911438372801058e-05,0.942660407108382,0.0280471630394458,-1.174923204685785e-06,9.13621336929844e-07,-1.2822733035527303e-06,-7.961260207545617e-07,-0.0003854054069817,-2.4872367225837295e-07,4.265081182236891,0.0011813086239271,0.0186127265915274,29.451409568372732,0.8879444499198853,4.4747345555151696e-05,0.0049360010161763,43.58605838727196,0.9830498720291588,0.000109559427301,0.008041840075748,39.65335831138685,0.952774341409727,2.4484005909572124,26.399524022517078,16.670387268066406,0.1754777580499649,2.68511962890625,1.141688346862793,0.0085954666137695,-11.310749053955078,-10.169060707092283
cycle158_rank6_obj3,158.0,18_c2_xN_HighHighCOV_170723,control,0,156.0,,1.5361833653905674,0.4758044760525971,-0.00018406116264,1.0,0.1656050955414012,4.816527810967591,single_persistent_drop_needs_roi_qc,0.0051128789782524,19531.183546792,205.59140575570527,0.0368839807808399,0.0675110951066017,0.0521975379437208,0.2787597363690833,0.2944877171959257,0.0157279808268424,4.5043761847902414e-05,0.0011411130073025,-0.0014979029358898,-5.015800722179294e-05,0.0154284002396644,5.806100975726275e-05,-31.18963759516282,-0.1917505462612343,0.1287842285211962,16.91354721254629,0.1116566020477445,0.2096705237667266,0.005542240862792,4.107448161830732e-06,19.14820842565528,0.7360958022044121,0.0001094640756491,0.9775182009068324,0.0169107988476753,2.190936030732035e-07,-2.439693772092466e-07,2.824097123313314e-07,-0.0009326778303616,0.0005430995602044,1.997869583474429e-08,5.3452399511153725,0.0025926572234311,0.0276801561121828,25.93449354637257,0.7809419049536473,0.0001648223635584,0.0062587858265032,41.63534291064441,0.9751848185350716,0.0002858145182926,0.0092678412620443,38.66285542209471,0.9448691722171568,1.7340760811947096,15.730008764935999,23.117168426513672,0.2433386147022247,1.414961338043213,-0.5401935577392578,0.2327332496643066,-9.532721519470217,-10.072915077209473
cycle158_rank1_obj2,158.0,18_c2_xN_HighHighCOV_170723,control,0,156.0,,0.8210227064111154,0.0881757294531837,4.313350247664821e-05,1.0,0.1656050955414012,4.816527810967591,single_persistent_drop_needs_roi_qc,0.0033425316214561,19531.183546792,205.59140575570527,0.03630774281919,0.0715687200427055,0.0539382314309477,0.2823547034152187,0.3012282804074296,0.0188735769922109,1.6119930740481546e-05,0.0002913866191182,-0.0020970641102456,-3.910762046536723e-05,0.0067405632115039,-1.238533280753484e-05,-51.457694088349626,-0.238308215026947,0.0677589276463297,44.039796560536615,0.2107178434177362,0.1863781331136409,-0.0031455961653684,-2.685435994599381e-05,22.076581692589272,0.457623241571744,9.545286593493074e-05,0.9689371661183168,0.0166026204824447,7.840760989608736e-08,-1.9022011314926762e-07,-6.02424637450641e-08,-0.0011591351017372,0.0010249350776273,-1.306200511995312e-07,4.934436160019414,0.001060962147676,0.0181302704440895,30.067610343589536,0.8337101210875867,0.0001406461511805,0.0060694893763866,41.85271015159002,0.9716123134912464,0.00024923778642,0.0091924214066239,38.64022320668033,0.9368473972807376,1.772091054949222,7.543485113321025,20.067161560058597,0.2112332731485366,2.030465841293335,0.0821471214294433,0.0092741250991821,4.7596211433410645,4.841768264770508
cycle158_rank4_obj8,158.0,18_c2_xN_HighHighCOV_170723,control,0,156.0,,1.010899066972006,0.2139154958256834,0.0001401779046497,1.0,0.1656050955414012,4.816527810967591,single_persistent_drop_needs_roi_qc,0.0053990706801414,19531.183546792,205.59140575570527,0.0468093603849411,0.0957015752792358,0.0712554678320884,0.2786099460754943,0.298831635710006,0.0202216896345116,2.0618516063403685e-05,0.0003040312944553,-0.0266626722588376,-0.0001721481000934,0.0160275614140203,6.87639448017489e-05,-31.32131942760134,-0.2013208205853183,0.1684924199309863,16.632923067759066,0.1892190374340481,0.2037288421210305,0.0028460155781905,-3.633715023600625e-05,18.50291533913848,0.1545773183767219,0.0002392072929069,0.9579235778561224,0.0207217503339052,1.0028880335544625e-07,-8.373312077935577e-07,3.3446896551433625e-07,-0.0009792278030558,0.0009203645295313,-1.7674450010417266e-07,4.680398202469608,0.0020237407843524,0.0240086218109354,27.55455730853582,0.8286645977046009,0.0003484135547751,0.0098361480195308,37.967953320285424,0.9510372862429324,0.0006214074655872,0.0149177321291062,34.570966384246546,0.8963039870110696,1.783534127965592,5.8084444666876385,28.14414405822754,0.2962541580200195,1.2180750370025637,-0.0775225162506103,0.0718247890472412,-3.2241692543029785,-3.301691770553589
cycle158_rank2_obj1,158.0,18_c2_xN_HighHighCOV_170723,control,0,156.0,,0.7788033639340246,0.082196944878801,0.0002693341677908,1.0,0.1656050955414012,4.816527810967591,single_persistent_drop_needs_roi_qc,0.0088784024119377,19531.183546792,205.59140575570527,0.0288187183439731,0.0648705214262008,0.046844619885087,0.2631815458358298,0.310964649490713,0.0477831036548832,0.0001781634848488,0.0075644104337934,-0.0419412822049131,-0.0001199592274559,0.054973037747154,0.000241082722929,13.363156238245551,0.0029538270797041,1.3583960909557824e-05,11.585873885364665,0.000632129320852,0.1659832484521669,-0.0046434991012582,-7.175792198030696e-05,21.843716056944505,1.464065100442131,0.0001914405002025,0.9618005353006592,0.0186169259250164,8.665901387946903e-07,-5.834836675930401e-07,1.1726303540895858e-06,1.4367463799600848e-05,3.07468747795428e-06,-3.490317200592206e-07,4.565168403238116,0.0025905270777002,0.0252209362806752,26.23650354103025,0.7854767649243868,0.0002912686506988,0.0073902931326301,39.70015472671735,0.9657781806463692,0.0004585671251788,0.0105944609676953,37.32170549578086,0.9268747776479478,1.5743785816929639,8.893944032373934,26.110675811767575,0.2748492062091827,1.984431266784668,-0.1465176045894622,-1.2254962921142578,-0.3277167677879333,-0.4742343723773956
