persistence_mse,model_mse,mse_improvement,relative_mse_improvement,persistence_mae,model_mae,residual_mse_zero,residual_mse_model,relative_residual_mse_improvement,persistence_ssim,model_ssim,residual_sign_accuracy_top_quartile,truth_residual_energy,pred_residual_energy,roi_id,cycleNo,pair_index,validation_score,fold_id
4.6348472096724436e-05,5.189392322790809e-05,-5.545451131183654e-06,-0.11964690269855875,0.005240858066827059,0.005523936357349157,4.6348472096724436e-05,5.197314021643251e-05,-0.12135606343117372,0.9807604425409694,0.9802073737353454,0.4973958333333333,4.6348472096724436e-05,6.190709427755792e-06,cycle86_rank5_obj8,86.0,0,5.377963073534964,cycle_86
4.293490928830579e-05,4.842428461415693e-05,-5.489375325851142e-06,-0.12785342782466963,0.005068435333669186,0.005343851633369923,4.293490928830579e-05,4.851202902500518e-05,-0.12989708908546435,0.9804530661415171,0.9799615123463266,0.5169270833333334,4.293490928830579e-05,6.184332960401662e-06,cycle86_rank5_obj8,86.0,8,5.377963073534964,cycle_86
4.627615271601826e-05,5.169464566279203e-05,-5.4184929467737675e-06,-0.11709039383687105,0.005285021383315325,0.005527219735085964,4.627615271601826e-05,5.173568206373602e-05,-0.1179771659329833,0.9794091662948514,0.978986785956371,0.5707465277777778,4.627615271601826e-05,6.182149263622705e-06,cycle86_rank5_obj8,86.0,16,5.377963073534964,cycle_86
4.35126967204269e-05,5.017341754864901e-05,-6.660720828222111e-06,-0.15307533961909686,0.005129676777869463,0.005420202389359474,4.35126967204269e-05,5.027807492297143e-05,-0.1554805542394374,0.9799669540664296,0.9794138284597868,0.5186631944444444,4.35126967204269e-05,6.181817752803909e-06,cycle86_rank5_obj8,86.0,24,5.377963073534964,cycle_86
4.419930337462574e-05,4.966465348843485e-05,-5.465350113809109e-06,-0.12365240391880694,0.005197216756641865,0.005438440013676882,4.419930337462574e-05,4.969361543771811e-05,-0.12430766196750921,0.9785943204164504,0.9781112882310962,0.5329861111111112,4.419930337462574e-05,6.1734231167065445e-06,cycle86_rank5_obj8,86.0,32,5.377963073534964,cycle_86
4.4161071855342016e-05,5.094945663586259e-05,-6.788384780520573e-06,-0.1537187503681346,0.005128897726535797,0.005427885334938765,4.4161071855342016e-05,5.1050119509454817e-05,-0.15599819851925664,0.9795026120138757,0.9789393064048555,0.4900173611111111,4.4161071855342016e-05,6.182453944347799e-06,cycle86_rank5_obj8,86.0,40,5.377963073534964,cycle_86
4.43805729446467e-05,4.93619627377484e-05,-4.981389793101698e-06,-0.11224257513112089,0.005194219294935465,0.005413026083260775,4.43805729446467e-05,4.9428479542257264e-05,-0.11374135714531046,0.9765499409996433,0.9761080489482409,0.5598958333333334,4.43805729446467e-05,6.1265932345122565e-06,cycle86_rank5_obj8,86.0,48,5.377963073534964,cycle_86
4.261411595507525e-05,4.9412465159548447e-05,-6.7983492044731975e-06,-0.15953279921705213,0.005098572466522455,0.005428887438029051,4.261411595507525e-05,4.947255365550518e-05,-0.16094286005276395,0.9773354310165216,0.9766482008239369,0.4722222222222222,4.261411595507525e-05,6.135779585747514e-06,cycle86_rank5_obj8,86.0,56,5.377963073534964,cycle_86
5.537756078410894e-05,6.212046719156206e-05,-6.74290640745312e-06,-0.1217624307025826,0.005638969596475363,0.005958613473922014,5.537756078410894e-05,6.217448390088975e-05,-0.12273785664339432,0.9763461051605365,0.9757125862292302,0.4592013888888889,5.537756078410894e-05,6.148703050712356e-06,cycle86_rank5_obj8,86.0,64,5.377963073534964,cycle_86
4.3273095798213035e-05,5.016177237848751e-05,-6.888676580274478e-06,-0.15919075012328898,0.005123445298522711,0.005454822909086943,4.3273095798213035e-05,5.019275704398751e-05,-0.159906776211288,0.9780867350763744,0.9774440022603965,0.4561631944444444,4.3273095798213035e-05,6.144002327346243e-06,cycle86_rank5_obj8,86.0,72,5.377963073534964,cycle_86
5.293687354424037e-05,5.8829537010751665e-05,-5.892663466511294e-06,-0.11131491287611991,0.005518252495676279,0.0058154878206551075,5.293687354424037e-05,5.887759107281454e-05,-0.11222267449567826,0.9791227061145099,0.9785459155948074,0.4787326388888889,5.293687354424037e-05,6.19908587395912e-06,cycle86_rank5_obj8,86.0,80,5.377963073534964,cycle_86
4.841421832679771e-05,5.39631255378481e-05,-5.548907211050391e-06,-0.11461317362587718,0.00533514516428113,0.005587552208453417,4.841421832679771e-05,5.403811519499868e-05,-0.11616209168636096,0.9801538791994989,0.9796362632513046,0.5082465277777778,4.841421832679771e-05,6.201589712873101e-06,cycle86_rank5_obj8,86.0,88,5.377963073534964,cycle_86
4.159804666414857e-05,4.709869244834408e-05,-5.5006457841955125e-06,-0.1322332711582889,0.004982939455658197,0.005264914594590664,4.159804666414857e-05,4.7199671826092526e-05,-0.13466077403032817,0.9800479844028567,0.9793912119409185,0.5223621363438993,4.159804666414857e-05,6.154586571938125e-06,cycle86_rank2_obj6,86.0,0,5.344092852173012,cycle_86
3.970495527028106e-05,4.5623812184203416e-05,-5.918856913922355e-06,-0.14907098808275415,0.0049384888261556625,0.0052064042538404465,3.970495527028106e-05,4.57702117273584e-05,-0.15275817377931036,0.9799861084311097,0.9794200238695852,0.5247395833333334,3.970495527028106e-05,6.147286967461696e-06,cycle86_rank2_obj6,86.0,8,5.344092852173012,cycle_86
4.4378881284501404e-05,5.0106315029552206e-05,-5.727433745050803e-06,-0.12905764136625533,0.005183110479265451,0.005421800538897514,4.4378881284501404e-05,5.019753734814003e-05,-0.13111317579946968,0.9787601767645941,0.9782648941984883,0.5672743055555556,4.4378881284501404e-05,6.142932761576958e-06,cycle86_rank2_obj6,86.0,16,5.344092852173012,cycle_86
4.1063904063776135e-05,4.727169653051533e-05,-6.207792466739193e-06,-0.15117394724812094,0.005007384344935417,0.005286964122205973,4.1063904063776135e-05,4.749276922666468e-05,-0.1565575731158904,0.9792167028159271,0.9786016154289245,0.5199652777777778,4.1063904063776135e-05,6.145861334516667e-06,cycle86_rank2_obj6,86.0,24,5.344092852173012,cycle_86
4.175465437583625e-05,4.716869443655014e-05,-5.414040060713887e-06,-0.12966315112997404,0.0050435736775398254,0.00529659865424037,4.175465437583625e-05,4.7268134949263185e-05,-0.13204469431838062,0.9779709965358546,0.9773816605408986,0.5260416666666666,4.175465437583625e-05,6.137151558505138e-06,cycle86_rank2_obj6,86.0,32,5.344092852173012,cycle_86
4.311806333134882e-05,4.9704238335834816e-05,-6.586175004485995e-06,-0.15274746812892084,0.005089380778372288,0.005387570708990097,4.311806333134882e-05,4.980900848750025e-05,-0.15517731176220995,0.9778089130071946,0.9772404225152216,0.5,4.311806333134882e-05,6.143343853182159e-06,cycle86_rank2_obj6,86.0,40,5.344092852173012,cycle_86
4.19440730183851e-05,4.8013826017268e-05,-6.069752998882905e-06,-0.144710624459918,0.005043091718107462,0.005303706508129835,4.19440730183851e-05,4.8193262045970187e-05,-0.14898860739742464,0.9757927597746437,0.9751757703151231,0.5386284722222222,4.19440730183851e-05,6.110178674134659e-06,cycle86_rank2_obj6,86.0,48,5.344092852173012,cycle_86
4.21278273279313e-05,4.85056298202835e-05,-6.3778024923522025e-06,-0.1513916785384191,0.00504363514482975,0.005360075738281012,4.21278273279313e-05,4.855298902839422e-05,-0.1525158572847396,0.9754793705469297,0.974771186069206,0.4739583333333333,4.21278273279313e-05,6.114222287578741e-06,cycle86_rank2_obj6,86.0,56,5.344092852173012,cycle_86
4.8920188419288024e-05,5.53740028408356e-05,-6.453814421547577e-06,-0.13192537948204217,0.005345088895410299,0.0056524076499044895,4.8920188419288024e-05,5.544026862480678e-05,-0.13327994875318275,0.9758547258745005,0.9750813308027055,0.4552951388888889,4.8920188419288024e-05,6.122558261267841e-06,cycle86_rank2_obj6,86.0,64,5.344092852173012,cycle_86
4.149610685999505e-05,4.805319622391835e-05,-6.557089363923296e-06,-0.1580169770153729,0.00504649942740798,0.005346772726625204,4.149610685999505e-05,4.8137848352780566e-05,-0.1600569787231916,0.9769033701331528,0.9762035025564241,0.4796006944444444,4.149610685999505e-05,6.119234967627563e-06,cycle86_rank2_obj6,86.0,72,5.344092852173012,cycle_86
4.716162584372796e-05,5.304287697072141e-05,-5.8812511269934475e-06,-0.12470416406934785,0.005290269386023283,0.005585197824984789,4.716162584372796e-05,5.313607834978029e-05,-0.1266803762416701,0.9778460613665757,0.9771703653055944,0.4613715277777778,4.716162584372796e-05,6.167213996377541e-06,cycle86_rank2_obj6,86.0,80,5.344092852173012,cycle_86
4.3101423216285184e-05,4.875793092651293e-05,-5.656507710227743e-06,-0.13123714457972985,0.005057821981608868,0.0053521557711064816,4.3101423216285184e-05,4.900311978417449e-05,-0.13692579333805946,0.9796498120493359,0.979041620588597,0.5065104166666666,4.3101423216285184e-05,6.172856956254691e-06,cycle86_rank2_obj6,86.0,88,5.344092852173012,cycle_86
7.61480478104204e-05,8.210002852138132e-05,-5.951980710960925e-06,-0.07816327380813606,0.00677601620554924,0.007000823970884085,7.61480478104204e-05,8.250110840890557e-05,-0.08343038043866693,0.9623814567960339,0.9616558371944192,0.4661458333333333,7.61480478104204e-05,6.244450560188852e-06,cycle86_rank3_obj5,86.0,0,4.595016519669338,cycle_86
7.428864773828536e-05,7.958336209412664e-05,-5.294714355841279e-06,-0.07127218649199611,0.006730654276907444,0.006941977888345718,7.428864773828536e-05,8.024692942854017e-05,-0.0802044709609669,0.9623054398430718,0.9617641473625913,0.5243055555555556,7.428864773828536e-05,6.24235644863802e-06,cycle86_rank3_obj5,86.0,8,4.595016519669338,cycle_86
8.596848783781752e-05,9.007578046293929e-05,-4.107292625121772e-06,-0.047776722941437796,0.007112149614840746,0.007267923094332218,8.596848783781752e-05,9.050281369127333e-05,-0.052744045725335684,0.9617691423422025,0.9614358178333,0.5403645833333334,8.596848783781752e-05,6.240883067221148e-06,cycle86_rank3_obj5,86.0,16,4.595016519669338,cycle_86
7.771948003210127e-05,8.35421378724277e-05,-5.822657840326428e-06,-0.0749188985556959,0.006828064564615488,0.007046130020171404,7.771948003210127e-05,8.402403182117268e-05,-0.08111932537978093,0.9630026070644826,0.9625757847965499,0.5282118055555556,7.771948003210127e-05,6.245412805583328e-06,cycle86_rank3_obj5,86.0,24,4.595016519669338,cycle_86
8.184497710317373e-05,8.82748790900223e-05,-6.429901986848563e-06,-0.07856196207059882,0.0070288460701704025,0.00726316450163722,8.184497710317373e-05,8.874017657944933e-05,-0.08424706952490815,0.9624984932755246,0.9619817428382826,0.5308159722222222,8.184497710317373e-05,6.242507879505865e-06,cycle86_rank3_obj5,86.0,32,4.595016519669338,cycle_86
7.880450721131638e-05,8.47864430397749e-05,-5.981935828458518e-06,-0.07590854939829518,0.006901337765157223,0.007124194875359535,7.880450721131638e-05,8.497208182234317e-05,-0.07826423677123288,0.9629306413067712,0.962308016066198,0.4895833333333333,7.880450721131638e-05,6.253177616599714e-06,cycle86_rank3_obj5,86.0,40,4.595016519669338,cycle_86
7.941217336338013e-05,8.559028356103227e-05,-6.178110197652131e-06,-0.07779802435807763,0.006975064519792795,0.007191752549260855,7.941217336338013e-05,8.574331150157377e-05,-0.0797250329521035,0.9617157292807543,0.9612429584176452,0.5551215277777778,7.941217336338013e-05,6.205620138644008e-06,cycle86_rank3_obj5,86.0,48,4.595016519669338,cycle_86
7.683885633014143e-05,8.288134995382279e-05,-6.0424936236813664e-06,-0.07863851587951198,0.006859103217720985,0.007095206994563341,7.683885633014143e-05,8.316556341014802e-05,-0.08233734053541392,0.9608531106842889,0.960310336307243,0.4765625,7.683885633014143e-05,6.212574135133764e-06,cycle86_rank3_obj5,86.0,56,4.595016519669338,cycle_86
9.956535359378904e-05,0.00010487279359949753,-5.307440005708486e-06,-0.053306093074926494,0.007546966429799795,0.007737417239695787,9.956535359378904e-05,0.00010513242159504443,-0.05591370693030583,0.9597287199894587,0.959193696519475,0.4622395833333333,9.956535359378904e-05,6.22506331637851e-06,cycle86_rank3_obj5,86.0,64,4.595016519669338,cycle_86
7.92661085142754e-05,8.556840475648642e-05,-6.302296242211014e-06,-0.07950808183141732,0.006960487924516201,0.007205250207334757,7.92661085142754e-05,8.603419701103121e-05,-0.08538439218997249,0.9605551551300803,0.9598344786005255,0.4700520833333333,7.92661085142754e-05,6.221593594091246e-06,cycle86_rank3_obj5,86.0,72,4.595016519669338,cycle_86
9.269182191928849e-05,9.81773337116465e-05,-5.485511792358011e-06,-0.05918010541571323,0.007339464966207743,0.00753819290548563,9.269182191928849e-05,9.857778059085831e-05,-0.06350030185721271,0.9616844153845752,0.9610589264130887,0.4848090277777778,9.269182191928849e-05,6.26016753813019e-06,cycle86_rank3_obj5,86.0,80,4.595016519669338,cycle_86
9.090263483813033e-05,9.699031215859577e-05,-6.0876773204654455e-06,-0.06696920646255997,0.007242504972964525,0.007480130530893803,9.090263483813033e-05,9.747667354531586e-05,-0.0723195616814835,0.9620508393976424,0.9614286454371465,0.5008680555555556,9.090263483813033e-05,6.253866558836307e-06,cycle86_rank3_obj5,86.0,88,4.595016519669338,cycle_86
7.997287320904434e-05,8.605417679063976e-05,-6.081303581595421e-06,-0.0760420794898697,0.0069493683986365795,0.0071876016445457935,7.997287320904434e-05,8.606709889136255e-05,-0.07620366053859622,0.971851682935232,0.9715574321113987,0.4895833333333333,7.997287320904434e-05,6.089394446462393e-06,cycle86_rank8_obj17,86.0,0,3.8991914755100505,cycle_86
7.716767868259922e-05,8.44558744574897e-05,-7.2881957748904824e-06,-0.09444622281392949,0.00686560058966279,0.0071325344033539295,7.716767868259922e-05,8.449959568679333e-05,-0.09501279718872,0.9728127211553079,0.9724051090596635,0.4887152777777778,7.716767868259922e-05,6.083064363338053e-06,cycle86_rank8_obj17,86.0,8,3.8991914755100505,cycle_86
8.776674803812057e-05,9.350253094453365e-05,-5.735782906413078e-06,-0.06535257411977713,0.007212628144770861,0.007419994100928307,8.776674803812057e-05,9.350795153295621e-05,-0.06541433541940067,0.9725930196561932,0.972286657617416,0.5217013888888888,8.776674803812057e-05,6.094062882766593e-06,cycle86_rank8_obj17,86.0,16,3.8991914755100505,cycle_86
8.346762479050085e-05,9.014184615807608e-05,-6.674221367575228e-06,-0.07996179817416821,0.007072389125823975,0.007299433927983046,8.346762479050085e-05,9.015051909955218e-05,-0.08006570602464168,0.9728231285236499,0.972473622325026,0.4943576388888889,8.346762479050085e-05,6.0993929764663335e-06,cycle86_rank8_obj17,86.0,24,3.8991914755100505,cycle_86
8.834648906486109e-05,9.531935211271048e-05,-6.972863047849387e-06,-0.07892631752157282,0.0072675347328186035,0.007508694194257259,8.834648906486109e-05,9.532469266559929e-05,-0.0789867676078789,0.9719842522306207,0.9715752960943881,0.4908854166666667,8.834648906486109e-05,6.108063189458335e-06,cycle86_rank8_obj17,86.0,32,3.8991914755100505,cycle_86
8.08051772764884e-05,8.624546171631664e-05,-5.440284439828247e-06,-0.06732593904488825,0.006944124586880207,0.007143104914575815,8.08051772764884e-05,8.625194459455088e-05,-0.06740616754574352,0.9740560428963767,0.9737428500696464,0.5260416666666666,8.08051772764884e-05,6.123818820924498e-06,cycle86_rank8_obj17,86.0,40,3.8991914755100505,cycle_86
8.673943375470117e-05,9.33077244553715e-05,-6.568290700670332e-06,-0.07572438989220792,0.007192859426140785,0.007423250935971737,8.673943375470117e-05,9.331070759799331e-05,-0.07575878189239381,0.9708565713005302,0.9705346067304964,0.5164930555555556,8.673943375470117e-05,6.091497652960243e-06,cycle86_rank8_obj17,86.0,48,3.8991914755100505,cycle_86
7.838833698770031e-05,8.437399810645729e-05,-5.98566111875698e-06,-0.07635907775025477,0.006849066819995642,0.007093506399542093,7.838833698770031e-05,8.437848737230524e-05,-0.07641634731382078,0.9725482329395082,0.9722230397624734,0.4973958333333333,7.838833698770031e-05,6.107165518187685e-06,cycle86_rank8_obj17,86.0,56,3.8991914755100505,cycle_86
0.00011103977885795757,0.00011504789290484041,-4.008114046882838e-06,-0.03609619983132378,0.007786432281136513,0.007979770191013813,0.00011103977885795757,0.00011505392467370257,-0.03615052062450434,0.9702273195393292,0.9699903652182332,0.515625,0.00011103977885795757,6.117342309153173e-06,cycle86_rank8_obj17,86.0,64,3.8991914755100505,cycle_86
8.26117757242173e-05,8.749143307795748e-05,-4.8796573537401855e-06,-0.059067334056950124,0.007025719620287418,0.007237690035253763,8.26117757242173e-05,8.749678818276152e-05,-0.05913215659292751,0.9726190303210859,0.9724170717045113,0.49609375,8.26117757242173e-05,6.104500243964139e-06,cycle86_rank8_obj17,86.0,72,3.8991914755100505,cycle_86
0.00011139140406157821,0.00011658422590699047,-5.192821845412254e-06,-0.04661779685029927,0.007826443761587143,0.008037476800382137,0.00011139140406157821,0.00011659097799565643,-0.04667841273644278,0.9705372531325729,0.9702973260114223,0.5190972222222222,0.00011139140406157821,6.116890290286392e-06,cycle86_rank8_obj17,86.0,80,3.8991914755100505,cycle_86
9.130232501775026e-05,9.769372991286218e-05,-6.3914048951119184e-06,-0.07000265211065931,0.007313841953873634,0.007545250002294779,9.130232501775026e-05,9.771288023330271e-05,-0.07021239836232167,0.9720546251756174,0.9717616635045887,0.4852430555555556,9.130232501775026e-05,6.1088217080396134e-06,cycle86_rank8_obj17,86.0,88,3.8991914755100505,cycle_86
9.59480821620673e-05,0.00010167622531298548,-5.728143150918186e-06,-0.05970044446790188,0.007642547134310007,0.007829563692212105,9.59480821620673e-05,0.0001023908334900625,-0.0671483075306567,0.9638268016885828,0.9631278338844393,0.4427083333333333,9.59480821620673e-05,6.23811911282246e-06,cycle86_rank4_obj9,86.0,0,3.518927813373632,cycle_86
9.1739151685033e-05,9.71839326666668e-05,-5.444780981633812e-06,-0.059350679416867926,0.007537946105003357,0.007737264968454838,9.1739151685033e-05,9.785054135136306e-05,-0.06661702832518264,0.9624183560006413,0.9620628283274026,0.5047743055555556,9.1739151685033e-05,6.219998340384336e-06,cycle86_rank4_obj9,86.0,8,3.518927813373632,cycle_86
0.00010094115714309737,0.00010775949340313673,-6.818336260039359e-06,-0.06754763322530047,0.007799435872584581,0.008017943240702152,0.00010094115714309737,0.00010828216909430921,-0.07272565679829675,0.9629601860193558,0.9625485582778484,0.5221354166666666,0.00010094115714309737,6.210017090779729e-06,cycle86_rank4_obj9,86.0,16,3.518927813373632,cycle_86
9.873241651803255e-05,0.00010436756565468386,-5.635149136651307e-06,-0.05707496418485919,0.00776716647669673,0.007949333637952805,9.873241651803255e-05,0.00010472793655935675,-0.060724939718549004,0.9625496994124518,0.9621758785291954,0.5112847222222222,9.873241651803255e-05,6.203265456861118e-06,cycle86_rank4_obj9,86.0,24,3.518927813373632,cycle_86
0.00010310035577276722,0.00010918042971752584,-6.080073944758624e-06,-0.058972385683703006,0.007914266549050808,0.008115719072520733,0.00010310035577276722,0.00010950893192784861,-0.06215862309152326,0.9604905089110504,0.9601646155413286,0.5221354166666666,0.00010310035577276722,6.192799901327817e-06,cycle86_rank4_obj9,86.0,32,3.518927813373632,cycle_86
9.865726315183565e-05,0.00010494433081476018,-6.287067662924528e-06,-0.06372635386457656,0.00770768104121089,0.007907120510935783,9.865726315183565e-05,0.00010526961705181748,-0.06702348807107361,0.9623200927840339,0.961933827812289,0.5308159722222222,9.865726315183565e-05,6.201386440807255e-06,cycle86_rank4_obj9,86.0,40,3.518927813373632,cycle_86
9.899876022245735e-05,0.0001051269136951305,-6.128153472673148e-06,-0.06190131531852263,0.007781959138810635,0.007979321293532848,9.899876022245735e-05,0.00010534863395150751,-0.06414094191464151,0.9572212360449779,0.9567892459439643,0.5290798611111112,9.899876022245735e-05,6.13912243352388e-06,cycle86_rank4_obj9,86.0,48,3.518927813373632,cycle_86
9.691350715002045e-05,0.00010278780246153474,-5.874295311514288e-06,-0.06061379351818297,0.007727601565420628,0.007931864820420742,9.691350715002045e-05,0.00010293009836459532,-0.06208207082281413,0.9574072374605839,0.9568794712019555,0.4852430555555556,9.691350715002045e-05,6.14886903349543e-06,cycle86_rank4_obj9,86.0,56,3.518927813373632,cycle_86
0.00013026372471358627,0.00013667733583133668,-6.413611117750406e-06,-0.04923558827948575,0.008582005277276039,0.008801664225757122,0.00013026372471358627,0.00013701360148843378,-0.05181701037405932,0.9577759431836046,0.9571566066109104,0.48046875,0.00013026372471358627,6.155803021101747e-06,cycle86_rank4_obj9,86.0,64,3.518927813373632,cycle_86
0.0001013204237096943,0.00010736544209066778,-6.045018380973488e-06,-0.05966238749942281,0.007880890741944313,0.008081115782260895,0.0001013204237096943,0.00010761788144009188,-0.062153882700305405,0.9573355940021114,0.9566880462787769,0.4796006944444444,0.0001013204237096943,6.15434782957891e-06,cycle86_rank4_obj9,86.0,72,3.518927813373632,cycle_86
0.00011798561899922788,0.00012247836275491863,-4.4927437556907535e-06,-0.03807874039055688,0.008209549821913242,0.008384459652006626,0.00011798561899922788,0.00012293393956497312,-0.04194003140143391,0.961959177851677,0.9613869213469235,0.5151909722222222,0.00011798561899922788,6.2193121266318485e-06,cycle86_rank4_obj9,86.0,80,3.518927813373632,cycle_86
0.000109196211269591,0.00011543162690941244,-6.23541563982144e-06,-0.05710285702520414,0.007978212088346481,0.008205410093069077,0.000109196211269591,0.000115986964374315,-0.06218854139507202,0.963094337347113,0.962423925752993,0.4496527777777778,0.000109196211269591,6.233191470528254e-06,cycle86_rank4_obj9,86.0,88,3.518927813373632,cycle_86
0.0001012035645544529,0.0008218998555094004,-0.0007206962909549475,-7.121254020328252,0.007573084905743599,0.017695026472210884,0.0001012035645544529,0.001561276614665985,-14.427091145845315,0.961536090719847,0.8601380246656912,0.4895833333333333,0.0001012035645544529,0.0013634812785312533,cycle116_rank3_obj9,116.0,0,4.261017170280639,cycle_116
8.256827277364209e-05,0.0007435601437464356,-0.0006609918709727935,-8.005397821326342,0.007111730054020882,0.017734041437506676,8.256827277364209e-05,0.0013067201944068074,-14.825935925644625,0.9611874440054835,0.8420131779158557,0.4787326388888889,8.256827277364209e-05,0.0012391816126182675,cycle116_rank3_obj9,116.0,8,4.261017170280639,cycle_116
8.236858411692083e-05,0.0007436168962158263,-0.0006612483120989054,-8.027918886650697,0.007092922925949097,0.017620481550693512,8.236858411692083e-05,0.0013331774389371276,-15.18550874984939,0.9613896906081542,0.8548851640651256,0.4930555555555556,8.236858411692083e-05,0.0012786551378667355,cycle116_rank3_obj9,116.0,16,4.261017170280639,cycle_116
9.265948028769344e-05,0.0007220407715067267,-0.0006293812912190333,-6.792411194892321,0.007424785755574703,0.017589731141924858,9.265948028769344e-05,0.0013617622898891568,-13.696416229198505,0.9603604104783799,0.8618333767520057,0.5060763888888888,9.265948028769344e-05,0.0013428254751488566,cycle116_rank3_obj9,116.0,24,4.261017170280639,cycle_116
8.395776967518032e-05,0.0007311710505746305,-0.0006472132808994502,-7.708795545706118,0.00719123100861907,0.0175551138818264,8.395776967518032e-05,0.001484243548475206,-16.678453753804032,0.9626872798616504,0.875614839784893,0.4991319444444444,8.395776967518032e-05,0.0014373783487826586,cycle116_rank3_obj9,116.0,32,4.261017170280639,cycle_116
8.675484423292801e-05,0.0007139539229683578,-0.0006271990787354298,-7.229556853925799,0.007266194559633732,0.017597028985619545,8.675484423292801e-05,0.0015950363595038652,-17.385559603119724,0.9622842849183966,0.8827940645850735,0.4943576388888889,8.675484423292801e-05,0.0015654654707759619,cycle116_rank3_obj9,116.0,40,4.261017170280639,cycle_116
8.782156510278583e-05,0.0007496387115679681,-0.0006618171464651823,-7.535929764979656,0.007277198135852814,0.01753033883869648,8.782156510278583e-05,0.0017229528166353703,-18.618789697255302,0.9643042946008988,0.8962941201711878,0.5121527777777778,8.782156510278583e-05,0.0016730434726923704,cycle116_rank3_obj9,116.0,48,4.261017170280639,cycle_116
0.00011995406384812668,0.0008977680699899793,-0.0007778140061418526,-6.484265569582032,0.008113794960081577,0.018222622573375702,0.00011995406384812668,0.0019305790774524212,-15.094319904798882,0.9622268860649179,0.8987795383841903,0.4848090277777778,0.00011995406384812668,0.0017310441471636295,cycle116_rank3_obj9,116.0,56,4.261017170280639,cycle_116
8.277877350337803e-05,0.0008109179325401783,-0.0007281391590368003,-8.796206179680668,0.007114393170922995,0.01779591664671898,8.277877350337803e-05,0.001771186594851315,-20.396627660580602,0.9634305210393153,0.889804216928688,0.4978298611111111,8.277877350337803e-05,0.0016423070337623358,cycle116_rank3_obj9,116.0,64,4.261017170280639,cycle_116
8.658316073706374e-05,0.0007850607507862151,-0.0006984775900491513,-8.067129729420392,0.007226563990116119,0.01771405339241028,8.658316073706374e-05,0.0016865897923707962,-18.47942045558538,0.9623005306647148,0.8802276904605053,0.4900173611111111,8.658316073706374e-05,0.0015584093052893877,cycle116_rank3_obj9,116.0,72,4.261017170280639,cycle_116
8.271563274320215e-05,0.0007709022611379623,-0.0006881866283947602,-8.319910101289985,0.007122693117707968,0.01756300777196884,8.271563274320215e-05,0.001607918064109981,-18.439107346272767,0.9622707586082412,0.8757020137523427,0.5121527777777778,8.271563274320215e-05,0.0014902198454365134,cycle116_rank3_obj9,116.0,80,4.261017170280639,cycle_116
8.418099605478346e-05,0.0007775456178933382,-0.0006933646218385547,-8.236593225712436,0.0071900878101587296,0.017482711002230644,8.418099605478346e-05,0.0015645860694348812,-17.58597715352141,0.9612635261997764,0.8680970692413824,0.5125868055555556,8.418099605478346e-05,0.0014321786584332585,cycle116_rank3_obj9,116.0,88,4.261017170280639,cycle_116
4.9481317546451464e-05,0.0006590924458578229,-0.0006096111283113714,-12.320026194514488,0.005325855687260628,0.015231096185743809,4.9481317546451464e-05,0.001425276743248105,-27.80434099011412,0.9768116616098969,0.9092669417865482,0.4613715277777778,4.9481317546451464e-05,0.0012902211165055633,cycle116_rank2_obj2,116.0,0,4.159234021974196,cycle_116
4.084186002728529e-05,0.0006067201611585915,-0.0005658783011313062,-13.855350876606964,0.0050075664184987545,0.01511247269809246,4.084186002728529e-05,0.0012054328108206391,-28.51464037179804,0.9778372040427761,0.9099897072528615,0.4841511072514112,4.084186002728529e-05,0.0011942024575546384,cycle116_rank2_obj2,116.0,8,4.159234021974196,cycle_116
4.012668796349317e-05,0.0005910510662943125,-0.0005509243783308193,-13.729625002493213,0.004948392976075411,0.014900929294526577,4.012668796349317e-05,0.0012783434940502048,-30.857687711809856,0.9777205437716142,0.9124719233829298,0.5004340277777778,4.012668796349317e-05,0.001264417078346014,cycle116_rank2_obj2,116.0,16,4.159234021974196,cycle_116
4.5354958274401724e-05,0.0005762579385191202,-0.0005309029802447185,-11.70551138053542,0.005184391513466835,0.014661740511655807,4.5354958274401724e-05,0.0013299217680469155,-28.322522137508425,0.9771230594537876,0.9153280286509313,0.5017361111111112,4.5354958274401724e-05,0.0013342886231839657,cycle116_rank2_obj2,116.0,24,4.159234021974196,cycle_116
4.276719846529886e-05,0.0005899273091927171,-0.0005471601107274182,-12.793919881644383,0.005101399961858988,0.014603810384869576,4.276719846529886e-05,0.0014254755806177855,-32.33104883581306,0.9768409404195385,0.9192134649702061,0.5049934867564047,4.276719846529886e-05,0.0014096223749220371,cycle116_rank2_obj2,116.0,32,4.159234021974196,cycle_116
4.1295046685263515e-05,0.0005983288865536451,-0.0005570338398683816,-13.489119993346899,0.005015053786337376,0.014656445942819118,4.1295046685263515e-05,0.0015082709724083543,-35.524258802850404,0.9778664416810613,0.9209596338868141,0.4748263888888889,4.1295046685263515e-05,0.0014814502792432904,cycle116_rank2_obj2,116.0,40,4.159234021974196,cycle_116
4.207608799333684e-05,0.0005713445716537535,-0.0005292684836604167,-12.578842494678486,0.005049291532486677,0.014270042069256306,4.207608799333684e-05,0.0015601776540279388,-36.07991233108478,0.9784912122988406,0.9257979097852,0.5164930555555556,4.207608799333684e-05,0.0015466422773897648,cycle116_rank2_obj2,116.0,48,4.159234021974196,cycle_116
5.195477569941431e-05,0.0006175439339131117,-0.0005655891582136974,-10.886182272943067,0.005439897999167442,0.01456036139279604,5.195477569941431e-05,0.001657191663980484,-30.896811056758455,0.9761422059050313,0.92254990230004,0.5008680555555556,5.195477569941431e-05,0.001580414013005793,cycle116_rank2_obj2,116.0,56,4.159234021974196,cycle_116
4.071873991051689e-05,0.0006186588434502482,-0.0005779401035397314,-14.19346730301102,0.00496053509414196,0.01442603301256895,4.071873991051689e-05,0.001571080763824284,-37.58372747479112,0.9779074531940767,0.9226098017596904,0.5258358662613982,4.071873991051689e-05,0.0015118620358407497,cycle116_rank2_obj2,116.0,64,4.159234021974196,cycle_116
4.268832708476111e-05,0.0006314455531537533,-0.0005887572260689922,-13.791995757996496,0.005081030074506998,0.014769160188734531,4.268832708476111e-05,0.001517638098448515,-34.551594594820315,0.9767778028308609,0.9160327749083071,0.5004340277777778,4.268832708476111e-05,0.0014510182663798332,cycle116_rank2_obj2,116.0,72,4.159234021974196,cycle_116
4.074060416314751e-05,0.0006259710062295198,-0.0005852304020663723,-14.364794388487512,0.0049741086550056934,0.014669451862573624,4.074060416314751e-05,0.0014754754956811666,-35.216338122345,0.9775815113827034,0.9166003857350644,0.5091145833333334,4.074060416314751e-05,0.001403821399435401,cycle116_rank2_obj2,116.0,80,4.159234021974196,cycle_116
4.0520211769035086e-05,0.0006199694471433759,-0.0005794492353743408,-14.300251900883373,0.004967336542904377,0.014822926372289658,4.0520211769035086e-05,0.0014190752990543842,-34.02141862296039,0.9776668599579069,0.9142784322522305,0.4878472222222222,4.0520211769035086e-05,0.0013470061821863055,cycle116_rank2_obj2,116.0,88,4.159234021974196,cycle_116
8.863178663887084e-05,0.0007555590127594769,-0.0006669272261206061,-7.5246957261280665,0.007101634982973337,0.01695253700017929,8.863178663887084e-05,0.001572527107782662,-16.742247645191956,0.9634331359024401,0.8349634431633685,0.4691840277777778,8.863178663887084e-05,0.0013876068405807018,cycle116_rank1_obj6,116.0,0,4.033089505345082,cycle_116
7.191475015133619e-05,0.0006636303733102977,-0.0005917156231589615,-8.228014724569926,0.006649863440543413,0.016667071729898453,7.191475015133619e-05,0.0013222356792539358,-17.3861541126326,0.9637600395414564,0.8278351796648384,0.4965277777777778,7.191475015133619e-05,0.0012771787587553263,cycle116_rank1_obj6,116.0,8,4.033089505345082,cycle_116
7.33725682948716e-05,0.0006755759241059422,-0.0006022033558110707,-8.207472762721348,0.0066861496306955814,0.01679508201777935,7.33725682948716e-05,0.0013701458228752017,-17.673815769523344,0.9634872353444864,0.8330748482324459,0.4826388888888889,7.33725682948716e-05,0.0013233671197667718,cycle116_rank1_obj6,116.0,16,4.033089505345082,cycle_116
8.391401206608862e-05,0.00066340621560812,-0.0005794922035420313,-6.905785926260295,0.007037172559648752,0.01653841882944107,8.391401206608862e-05,0.0014196588890627027,-15.918019459546448,0.9622348547496914,0.8483911916981509,0.5334201388888888,8.391401206608862e-05,0.0014099003747105598,cycle116_rank1_obj6,116.0,24,4.033089505345082,cycle_116
7.603809353895485e-05,0.0006968516390770674,-0.0006208135455381125,-8.16450698122863,0.006781071424484253,0.016924329102039337,7.603809353895485e-05,0.0015565172070637345,-19.470229257738026,0.9635973346306954,0.8541432004247183,0.5217013888888888,7.603809353895485e-05,0.0015230694552883506,cycle116_rank1_obj6,116.0,32,4.033089505345082,cycle_116
7.743827882222831e-05,0.0007031369605101645,-0.0006256986816879362,-8.079966280298216,0.0068248542957007885,0.017089642584323883,7.743827882222831e-05,0.0016771748196333647,-20.658214065986435,0.9642225597964392,0.8652418223280965,0.5099826388888888,7.743827882222831e-05,0.0016490417765453458,cycle116_rank1_obj6,116.0,40,4.033089505345082,cycle_116
8.01882051746361e-05,0.0007230034680105746,-0.0006428152628359385,-8.0163318462609,0.006949687376618385,0.017189601436257362,8.01882051746361e-05,0.0017963139107450843,-21.40122355691865,0.9651621720673126,0.875561089515686,0.5143229166666666,8.01882051746361e-05,0.0017682951875030994,cycle116_rank1_obj6,116.0,48,4.033089505345082,cycle_116
0.0001045620083459653,0.0008829124271869659,-0.0007783504188410006,-7.443912288540455,0.00759032042697072,0.017876993864774704,0.0001045620083459653,0.002010791329666972,-18.230611208364017,0.9618505685123396,0.8746248821675041,0.4813368055555556,0.0001045620083459653,0.0018256292678415775,cycle116_rank1_obj6,116.0,56,4.033089505345082,cycle_116
7.537155761383474e-05,0.0007690410711802542,-0.0006936695135664195,-9.203332603532314,0.00674973800778389,0.017262598499655724,7.537155761383474e-05,0.001820564502850175,-23.15452938066923,0.9639998506175147,0.8676953078015351,0.4969618055555556,7.537155761383474e-05,0.001707433257251978,cycle116_rank1_obj6,116.0,64,4.033089505345082,cycle_116
7.591505709569901e-05,0.0007712776423431933,-0.0006953625852474943,-9.159745271230129,0.006776467431336641,0.01718095690011978,7.591505709569901e-05,0.0017509390600025654,-22.064450281520834,0.9637612448945457,0.8575507696947934,0.4809027777777778,7.591505709569901e-05,0.0016125140246003866,cycle116_rank1_obj6,116.0,72,4.033089505345082,cycle_116
7.633020868524909e-05,0.0007559036021120846,-0.0006795733934268355,-8.903072651472574,0.006827281787991524,0.017176873981952667,7.633020868524909e-05,0.0016435212455689907,-20.53172739702732,0.9633056089318829,0.8521324443780346,0.4900173611111111,7.633020868524909e-05,0.0015253968304023147,cycle116_rank1_obj6,116.0,80,4.033089505345082,cycle_116
7.60858238209039e-05,0.0007316309493035078,-0.0006555451254826039,-8.615864198640624,0.006828845478594303,0.01690715365111828,7.60858238209039e-05,0.0015507364878430963,-19.381411542488227,0.9625011484269742,0.8434851754889077,0.4900173611111111,7.60858238209039e-05,0.0014427180867642164,cycle116_rank1_obj6,116.0,88,4.033089505345082,cycle_116
9.588881948729977e-05,0.0006675275508314371,-0.0005716387313441373,-5.961474282409426,0.007389318663626909,0.015864986926317215,9.588881948729977e-05,0.001067193690687418,-10.12949034510499,0.9761998362452896,0.9495103623175327,0.484375,9.588881948729977e-05,0.0009554410353302956,cycle116_rank8_obj20,116.0,0,3.987079460919189,cycle_116
7.456438470399007e-05,0.0005997649859637022,-0.0005252006012597121,-7.043585263188093,0.0067226942628622055,0.015335019677877426,7.456438470399007e-05,0.0009423029841855168,-11.63744062163625,0.9780334744850795,0.951457552343239,0.49674337820234477,7.456438470399007e-05,0.0008908695308491588,cycle116_rank8_obj20,116.0,8,3.987079460919189,cycle_116
7.440151239279658e-05,0.0006223574746400118,-0.0005479559622472152,-7.364849780933584,0.006748070474714041,0.015552707947790623,7.440151239279658e-05,0.0009954058332368731,-12.378838698623639,0.9780618549276281,0.9522201462034826,0.5004340277777778,7.440151239279658e-05,0.0009403700823895633,cycle116_rank8_obj20,116.0,16,3.987079460919189,cycle_116
8.37361512822099e-05,0.0006676288321614265,-0.0005838926808792166,-6.9730059471131565,0.00704048341140151,0.015875335782766342,8.37361512822099e-05,0.0010794918052852154,-11.891586116097958,0.977490897031478,0.9529869183603629,0.4874131944444444,8.37361512822099e-05,0.0009905522456392646,cycle116_rank8_obj20,116.0,24,3.987079460919189,cycle_116
7.425357034662738e-05,0.0006623740191571414,-0.0005881204488105141,-7.920433267586663,0.006713329814374447,0.015792595222592354,7.425357034662738e-05,0.001113377627916634,-13.994263881443164,0.9787852440572079,0.9547938432884805,0.5130208333333334,7.425357034662738e-05,0.0010617562802508473,cycle116_rank8_obj20,116.0,32,3.987079460919189,cycle_116
7.684081356273964e-05,0.0006941723404452205,-0.0006173315268824808,-8.033901494007957,0.0067790113389492035,0.016146237030625343,7.684081356273964e-05,0.0011981523130089045,-14.592655223914656,0.9788025431279783,0.9557874574926164,0.5030381944444444,7.684081356273964e-05,0.0011489432072266936,cycle116_rank8_obj20,116.0,40,3.987079460919189,cycle_116
8.226089994423091e-05,0.0007264003506861627,-0.0006441394507419318,-7.830444976636878,0.0069862911477684975,0.016440557315945625,8.226089994423091e-05,0.0012718868674710393,-14.461621114445864,0.97755529416932,0.9554848276906543,0.5112847222222222,8.226089994423091e-05,0.001230563153512776,cycle116_rank8_obj20,116.0,48,3.987079460919189,cycle_116
0.00013063561345916241,0.0008470518514513969,-0.0007164162379922345,-5.484080634843049,0.008125091902911663,0.01752445288002491,0.00013063561345916241,0.0014312596758827567,-9.956121672978389,0.97519301759608,0.9506673534269686,0.4644097222222222,0.00013063561345916241,0.0012853216612711549,cycle116_rank8_obj20,116.0,56,3.987079460919189,cycle_116
7.73305946495384e-05,0.0007711731013841927,-0.0006938425067346543,-8.972419129571454,0.0068136537447571754,0.016625145450234413,7.73305946495384e-05,0.001342295785434544,-16.35788780000745,0.9774211897452673,0.9535545393199096,0.4735243055555556,7.73305946495384e-05,0.0012253564782440662,cycle116_rank8_obj20,116.0,64,3.987079460919189,cycle_116
7.749910582788289e-05,0.0007313934038393199,-0.0006538942980114371,-8.4374431295203,0.006797106936573982,0.016373151913285255,7.749910582788289e-05,0.0012542048934847116,-15.183475668353706,0.9779503620701072,0.9534062590569625,0.4704861111111111,7.749910582788289e-05,0.001153943594545126,cycle116_rank8_obj20,116.0,72,3.987079460919189,cycle_116
7.570168236270547e-05,0.0007052863948047161,-0.0006295847124420106,-8.316654171904855,0.006725473329424858,0.016166940331459045,7.570168236270547e-05,0.0012007281184196472,-14.861313526252456,0.978073475073885,0.9530714645944995,0.4735243055555556,7.570168236270547e-05,0.0011019653175026178,cycle116_rank8_obj20,116.0,80,3.987079460919189,cycle_116
7.395338616333902e-05,0.0006896345294080675,-0.0006156811432447284,-8.325259669447572,0.006725868210196495,0.015947507694363594,7.395338616333902e-05,0.0011370196007192135,-14.374814592098682,0.9780398225931474,0.9531512864945847,0.4874131944444444,7.395338616333902e-05,0.0010377679718658328,cycle116_rank8_obj20,116.0,88,3.987079460919189,cycle_116
0.00024399896210525185,0.0011526822345331311,-0.0009086832724278793,-3.7241276134441423,0.01219414547085762,0.022252580150961876,0.00024399896210525185,0.0016764471074566245,-5.870714092355316,0.936181444282885,0.9072348798130765,0.4618055555555556,0.00024399896210525185,0.0013633762719109654,cycle116_rank7_obj37,116.0,0,3.780379242324946,cycle_116
0.0002278104511788115,0.0010514624882489443,-0.0008236520370701328,-3.615514708864859,0.011775786988437176,0.02138826623558998,0.0002278104511788115,0.001550722518004477,-5.8070736438131805,0.936337338200322,0.9080854065440319,0.4895833333333333,0.0002278104511788115,0.0013142983661964536,cycle116_rank7_obj37,116.0,8,3.780379242324946,cycle_116
0.00022573326714336872,0.0010524996323511004,-0.0008267663652077317,-3.6625809552591653,0.01179482787847519,0.021517448127269745,0.00022573326714336872,0.00155286630615592,-5.87920892568155,0.9374357422560822,0.9107883368082988,0.4869791666666667,0.00022573326714336872,0.0013407185906544328,cycle116_rank7_obj37,116.0,16,3.780379242324946,cycle_116
0.00023800853523425758,0.001080028130672872,-0.0008420195954386145,-3.5377705871340495,0.012027589604258537,0.02194972150027752,0.00023800853523425758,0.0015750160673633218,-5.617477250608377,0.9375457480880949,0.9140566978226473,0.49609375,0.00023800853523425758,0.001375674270093441,cycle116_rank7_obj37,116.0,24,3.780379242324946,cycle_116
0.00023439220967702568,0.0011331390123814344,-0.0008987468027044088,-3.834371474814851,0.01197947096079588,0.022336546331644058,0.00023439220967702568,0.0016512947622686625,-6.045007018552446,0.9382752080758413,0.9146492556988457,0.4917534722222222,0.00023439220967702568,0.0014339060289785266,cycle116_rank7_obj37,116.0,32,3.780379242324946,cycle_116
0.00022575522598344833,0.0011532208882272243,-0.000927465662243776,-4.108279922218832,0.011710774153470993,0.02267410047352314,0.00022575522598344833,0.001711955526843667,-6.583237638845102,0.9417213506021618,0.9199205341751193,0.5004340277777778,0.00022575522598344833,0.0015129317762330174,cycle116_rank7_obj37,116.0,40,3.780379242324946,cycle_116
0.00023788731778040528,0.001180058578029275,-0.0009421712602488697,-3.960577928406388,0.012029450386762619,0.022933529689908028,0.00023788731778040528,0.0017771899001672864,-6.4707215027234755,0.9421607671770049,0.9225815776248038,0.5316840277777778,0.00023788731778040528,0.0015956568531692028,cycle116_rank7_obj37,116.0,48,3.780379242324946,cycle_116
0.00025969077250920236,0.0013363470789045095,-0.0010766563063953072,-4.145916683878919,0.012499803677201271,0.02435927838087082,0.00025969077250920236,0.0019601446110755205,-6.547994840694854,0.9405280005048823,0.9183636085523499,0.4626736111111111,0.00025969077250920236,0.0016158532816916704,cycle116_rank7_obj37,116.0,56,3.780379242324946,cycle_116
0.00023132236674427986,0.0012334816856309772,-0.0010021593188866973,-4.33230617943035,0.011928882449865341,0.023288527503609657,0.00023132236674427986,0.0018118582665920258,-6.832611658322614,0.939903966460699,0.9174120753488423,0.4722222222222222,0.00023132236674427986,0.0015414186054840684,cycle116_rank7_obj37,116.0,64,3.780379242324946,cycle_116
0.00023687809880357236,0.0011988576734438539,-0.0009619795746402815,-4.061074364827577,0.012092556804418564,0.0229802168905735,0.00023687809880357236,0.0017600791761651635,-6.4303162050649645,0.9377794745012565,0.9134449979294965,0.4713541666666667,0.00023687809880357236,0.001487367320805788,cycle116_rank7_obj37,116.0,72,3.780379242324946,cycle_116
0.00022585340775549412,0.001162950647994876,-0.0009370972402393818,-4.149139256087164,0.011751321144402027,0.022552406415343285,0.00022585340775549412,0.0016941153444349766,-6.500950998574275,0.9392832315777555,0.9147337988718056,0.4822048611111111,0.00022585340775549412,0.0014415034092962742,cycle116_rank7_obj37,116.0,80,3.780379242324946,cycle_116
0.00023061505635268986,0.0011358531191945076,-0.0009052380628418177,-3.9253207364630907,0.01185754593461752,0.022257808595895767,0.00023061505635268986,0.0016592303290963173,-6.1948048637326725,0.9374219716625449,0.9136420261271206,0.4787326388888889,0.00023061505635268986,0.0014000775991007686,cycle116_rank7_obj37,116.0,88,3.780379242324946,cycle_116
0.00011130763596156612,0.0007001098711043596,-0.0005888022351427935,-5.2898638090391525,0.008139010518789291,0.016150077804923058,0.00011130763596156612,0.001220102421939373,-9.96153387320765,0.9641695634376856,0.9422002817340839,0.4422743055555556,0.00011130763596156612,0.0010371922980993986,cycle116_rank4_obj58,116.0,0,3.625239010614535,cycle_116
9.595632582204416e-05,0.0005773676093667746,-0.0004814112835447304,-5.016983293394662,0.007649647071957588,0.014917507767677307,9.595632582204416e-05,0.0010431869886815548,-9.871476994817387,0.9662710481146235,0.9471757749679648,0.5243055555555556,9.595632582204416e-05,0.000978474854491651,cycle116_rank4_obj58,116.0,8,3.625239010614535,cycle_116
9.840403799898922e-05,0.0006088593509048223,-0.0005104553129058331,-5.18734112223196,0.007739247754216194,0.015471852384507656,9.840403799898922e-05,0.0011081029660999775,-10.260746902595193,0.9650882795857795,0.9448157438010345,0.4848090277777778,9.840403799898922e-05,0.0010252351639792323,cycle116_rank4_obj58,116.0,16,3.625239010614535,cycle_116
0.00010046206443803385,0.0005917393136769533,-0.0004912772492389195,-4.890176724786945,0.007787234149873257,0.015221784822642803,0.00010046206443803385,0.0011423361720517278,-10.370821199442242,0.9665028673851932,0.9478279490382583,0.5212673611111112,0.00010046206443803385,0.0010852153645828366,cycle116_rank4_obj58,116.0,24,3.625239010614535,cycle_116
9.854054951574653e-05,0.000633860589005053,-0.0005353200394893065,-5.432484820918963,0.007751846686005592,0.015801304951310158,9.854054951574653e-05,0.0012230431893840432,-11.411572650998906,0.9667860221200519,0.9470087919264664,0.5095486111111112,9.854054951574653e-05,0.001151008065789938,cycle116_rank4_obj58,116.0,32,3.625239010614535,cycle_116
0.0001007213577395305,0.00067469960777089,-0.0005739782500313595,-5.698674669534245,0.007838787510991096,0.016200128942728043,0.0001007213577395305,0.0012981104664504528,-11.888135104447448,0.9670756165112978,0.9474004495585406,0.5104166666666666,0.0001007213577395305,0.0012261358788236976,cycle116_rank4_obj58,116.0,40,3.625239010614535,cycle_116
0.00010332004603696987,0.0006779953837394714,-0.0005746753377025016,-5.562089446774654,0.007904548197984695,0.016448436304926872,0.00010332004603696987,0.0013437980087473989,-12.006169279740375,0.9684587854146958,0.9500554127126564,0.53515625,0.00010332004603696987,0.001303989440202713,cycle116_rank4_obj58,116.0,48,3.625239010614535,cycle_116
0.00013548354036174715,0.0008510382031090558,-0.0007155546627473086,-5.2814877795246975,0.00872437097132206,0.0179164856672287,0.00013548354036174715,0.0015574907884001732,-10.495793394840456,0.9645829920415525,0.9423986352961741,0.4418402777777778,0.00013548354036174715,0.001332567073404789,cycle116_rank4_obj58,116.0,56,3.625239010614535,cycle_116
0.00010167314758291468,0.0007379465387202799,-0.0006362733911373653,-6.258027869339669,0.007839910686016083,0.016860589385032654,0.00010167314758291468,0.0013851606054231524,-12.623662081411917,0.9657295799844059,0.9447459633114897,0.4717881944444444,0.00010167314758291468,0.0012479251017794013,cycle116_rank4_obj58,116.0,64,3.625239010614535,cycle_116
9.755537030287087e-05,0.000703248311765492,-0.0006056929414626211,-6.208709367635876,0.00768992630764842,0.016431637108325958,9.755537030287087e-05,0.0013162270188331604,-12.492102123612423,0.9656947487445525,0.9441197981878563,0.4618055555555556,9.755537030287087e-05,0.0011833187891170382,cycle116_rank4_obj58,116.0,72,3.625239010614535,cycle_116
9.730182500788942e-05,0.0006722083780914545,-0.0005749065530835651,-5.908486845307892,0.007642085198312998,0.015988171100616455,9.730182500788942e-05,0.001264335005544126,-11.99394955276133,0.965982014676671,0.9452499132465433,0.4722222222222222,9.730182500788942e-05,0.0011337207397446036,cycle116_rank4_obj58,116.0,80,3.625239010614535,cycle_116
0.00010061604552902281,0.0006610087584704161,-0.0005603927129413933,-5.569615760537392,0.007807847578078508,0.01587497442960739,0.00010061604552902281,0.001227398170158267,-11.198831346479649,0.9649967860292505,0.9441580132533003,0.4796006944444444,0.00010061604552902281,0.001085278345271945,cycle116_rank4_obj58,116.0,88,3.625239010614535,cycle_116
