roi_id,cycleNo,source_stem,local_cycle_index,front_candidate_rank,object_candidate_rank,validation_score,validation_label,object_x_full_approx,object_y_full_approx,crop_x0,crop_y0,crop_x1,crop_y1,crop_size_full,output_size,n_frames_x,first_frame_index,last_frame_index,roi_mean_first,roi_mean_last,roi_mean_delta_last_minus_first,roi_norm_mean_first,roi_norm_mean_last,roi_norm_mean_delta_last_minus_first,stage_drift_xy_sampled,npz_path,preview_png,roi_norm_mean_delta,roi_norm_mean_slope,roi_norm_mean_slope_r2,high_fraction_delta,high_fraction_slope,low_fraction_delta,low_fraction_slope,high_radius2_delta_px2,high_radius2_slope_px2_per_frame,high_radius2_slope_um2_per_frame,centroid_path_px,first_last_corr,cumulative_abs_norm_change,temporal_diff_energy,cohort_role,event_reference_cycle,event_particles,n_event_particles,mean_drop_frac,global_frame_percentile,evidence_score,degradation_mode_hypothesis,front_quality_score,apparent_diffusion_proxy_ds_px2_per_frame,is_synchronized_reference,latent_path_length,latent_mean_step,latent_net_displacement,latent_component0_delta,latent_component1_delta,latent_component0_first,latent_component0_last,low_rank_dmd_mse,persistence_mse,velocity_mse,dmd_minus_persistence_mse,n_frames_y,n_frames_percentile,echem_points,duration_s,V_min,V_max,V_range,V_mean,I_mean_mA,I_abs_mean_mA,I_pos_fraction,I_neg_fraction,V_mean_delta,I_mean_delta,V_range_delta,cycles_from_block_start,cycles_to_block_end,block_fraction_elapsed,block_mode,protocol_block_segment,near_block_boundary_10cycles,physics_no_qc_rf_event_probability,predicted_event_roi,phase_slope_median_per_s,phase_slope_iqr_per_s,phase_slope_positive_fraction,phase_slope_negative_fraction,phase_slope_abs_median_per_s,radius2_slope_median_px2_per_s,radius2_slope_iqr_px2_per_s,radius2_slope_positive_fraction,radius2_slope_negative_fraction,diffusion_proxy_median_um2_per_s,diffusion_proxy_iqr_um2_per_s,default_q70_diffusion_proxy_um2_per_s,diffusion_proxy_abs_median_um2_per_s,q70_phase_slope_bootstrap_p50,q70_radius2_slope_bootstrap_p50_px2_per_s,threshold_robust_phase_score,threshold_robust_diffusion_score,timing_elapsed_s
cycle58_rank6_obj29,58.0,7_c2_x10_290623,3,6,29,4.995734664947042,control_multicycle_roi_candidate,1236.076923076923,846.9230769230769,1140,751,1332,943,192,96,64,2761,3681,8088.73681640625,8089.982421875,1.24560546875,0.1193166598677635,0.1194778978824615,0.000161238014698,0.2236067977500298,/scratch/u6hp/nsagar.u6hp/Alek_Jiho/derived/multi_cycle_roi_sequences/cycle58_rank6_obj29.npz,/scratch/u6hp/nsagar.u6hp/Alek_Jiho/derived/multi_cycle_roi_sequences/previews/cycle58_rank6_obj29.png,0.000161238014698,7.880005777400779e-05,0.0421649938687431,0.0008987417615338,0.0003044329971007,-0.0010485320551228,-0.0002347743379049,-3.930498662891296,0.0415448244868187,0.0003828771024705,14.941565014320046,0.9707391341919096,0.0224304478615522,0.000304836052237,control,60.0,particle3,1.0,0.1707317073170731,0.3707865168539326,5.37722440775176,single_persistent_drop_needs_roi_qc,1.6155277307729818,0.0003492805402585,0,17.378150939941406,0.1829279065132141,0.960981011390686,0.0238394737243652,0.2176094949245453,-2.253015518188477,-2.229176044464112,0.0026638595700205,0.0003359078732501,0.0009004953153635,0.0023279516967704,919.0,0.3539325842696629,71886.0,9246.054083347328,2.991089,4.201038,1.2099489999999995,3.828237694919734,0.0163604508805609,0.500889,0.5163314136271319,0.4836685863728681,-0.0018390119177569,-0.0043871655077833,-0.0177590000000003,0.0,0.0,,galvanostatic_6,24,1,0.4590769915637779,0,1.9836635442909093e-06,5.655940475679968e-07,1.0,0.0,1.9836635442909093e-06,1.4017061977103122e-05,0.0009407987921738,0.5714285714285714,0.4285714285714285,3.22953107952456e-08,2.1676004171685104e-06,3.22953107952456e-08,3.22953107952456e-08,1.8334734415386308e-06,3.204604745569074e-05,0.6057692307692308,-0.5961538461538463,9250.204203328
cycle58_rank4_obj2,58.0,7_c2_x10_290623,3,4,2,4.914744204591446,control_multicycle_roi_candidate,568.421052631579,176.8421052631579,472,81,664,273,192,96,64,2761,3681,8476.3818359375,8475.8076171875,-0.57421875,0.0878511443734169,0.0878535881638526,2.443790435791016e-06,0.2236067977500298,/scratch/u6hp/nsagar.u6hp/Alek_Jiho/derived/multi_cycle_roi_sequences/cycle58_rank4_obj2.npz,/scratch/u6hp/nsagar.u6hp/Alek_Jiho/derived/multi_cycle_roi_sequences/previews/cycle58_rank4_obj2.png,2.443790435791016e-06,5.4117082703462667e-05,0.0398275410874648,0.0010485320551228,0.0002032833977486,0.0010485320551227,-0.0003965327662152,2.997070802371468,0.1923723858461132,0.0017729039079577,16.87151138873078,0.977566244044376,0.0155611932277679,0.0001362958864774,control,60.0,particle3,1.0,0.1707317073170731,0.3707865168539326,5.37722440775176,single_persistent_drop_needs_roi_qc,1.1091514494562902,-0.0004637138116359,0,13.285588264465332,0.1398482918739318,0.7766522765159607,0.1833696365356445,0.1705983877182006,-0.3477603495121002,-0.1643907129764557,0.0011775178263633,0.000146795786577,0.0003992754691353,0.0010307220397862,919.0,0.3539325842696629,71886.0,9246.054083347328,2.991089,4.201038,1.2099489999999995,3.828237694919734,0.0163604508805609,0.500889,0.5163314136271319,0.4836685863728681,-0.0018390119177569,-0.0043871655077833,-0.0177590000000003,0.0,0.0,,galvanostatic_6,24,1,0.2622735212274157,0,1.4356315587278615e-06,1.5641645422174546e-07,1.0,0.0,1.4356315587278615e-06,0.0012434623424348,0.0004285938811164,1.0,0.0,2.864937236969792e-06,9.874803020924022e-07,3.532320969673908e-06,2.864937236969792e-06,1.399408288690715e-06,0.0015230106996567,0.7403846153846154,0.9807692307692308,9250.204203328
cycle58_rank1_obj1,58.0,7_c2_x10_290623,3,1,1,4.759075493154626,control_multicycle_roi_candidate,1326.2222222222222,117.88888888888889,1230,22,1422,214,192,96,64,2761,3681,8721.216796875,8718.95703125,-2.259765625,0.0734227523207664,0.0732854008674621,-0.0001373514533042,0.2236067977500298,/scratch/u6hp/nsagar.u6hp/Alek_Jiho/derived/multi_cycle_roi_sequences/cycle58_rank1_obj1.npz,/scratch/u6hp/nsagar.u6hp/Alek_Jiho/derived/multi_cycle_roi_sequences/previews/cycle58_rank1_obj1.png,-0.0001373514533042,2.7305927919053448e-05,0.0180118185357598,0.0001497902935889,9.991506396539384e-05,0.0026962252846015,-6.372603080961446e-05,-6.451802622634887,-0.2084865551543176,-0.0019214120923021,17.130788609101,0.9835698918782796,0.0118882227689027,5.518575926544145e-05,control,60.0,particle3,1.0,0.1707317073170731,0.3707865168539326,5.37722440775176,single_persistent_drop_needs_roi_qc,0.7330214581610461,-3.551275259375952e-05,0,9.919602394104004,0.1044168695807457,1.1493642330169678,0.4538221359252929,-0.025086760520935,3.8288307189941406,4.282652854919434,0.0005076756733615,5.8548513379719225e-05,0.000157101557761,0.0004491271599817,919.0,0.3539325842696629,71886.0,9246.054083347328,2.991089,4.201038,1.2099489999999995,3.828237694919734,0.0163604508805609,0.500889,0.5163314136271319,0.4836685863728681,-0.0018390119177569,-0.0043871655077833,-0.0177590000000003,0.0,0.0,,galvanostatic_6,24,1,0.1985435141240661,0,7.392301170326502e-07,1.867781646811997e-07,1.0,0.0,7.392301170326502e-07,-0.0014525026178534,0.0003371231132623,0.0,1.0,-3.346566031534288e-06,7.767316529565011e-07,-3.2963431063291917e-06,3.346566031534288e-06,7.484646633808793e-07,-0.0014390737789507,0.5096153846153847,1.1923076923076923,9250.204203328
cycle58_rank3_obj9,58.0,7_c2_x10_290623,3,3,9,4.475129312169529,control_multicycle_roi_candidate,802.0759493670886,327.746835443038,706,232,898,424,192,96,64,2761,3681,8284.15234375,8284.4931640625,0.3408203125,0.0804646834731102,0.0803442969918251,-0.000120386481285,0.2236067977500298,/scratch/u6hp/nsagar.u6hp/Alek_Jiho/derived/multi_cycle_roi_sequences/cycle58_rank3_obj9.npz,/scratch/u6hp/nsagar.u6hp/Alek_Jiho/derived/multi_cycle_roi_sequences/previews/cycle58_rank3_obj9.png,-0.000120386481285,0.0001165961212181,0.0978367583232251,0.0002995805871779,0.0005099111244258,0.005692031156381,-0.0006600992127505,-8.472904103372116,-0.1659274001510011,-0.0015291869197916,16.36139509702319,0.9791810521409502,0.0161124151200056,0.0001394746941514,control,60.0,particle3,1.0,0.1707317073170731,0.3707865168539326,5.37722440775176,single_persistent_drop_needs_roi_qc,0.8161872484866202,0.0002580614020299,0,25.56525230407715,0.2691079080104828,1.8161002397537231,0.0930852890014648,-0.1431903839111328,4.97590970993042,5.068994998931885,0.0020956602420483,0.0001574423124566,0.000403045690291,0.0019382179295917,919.0,0.3539325842696629,71886.0,9246.054083347328,2.991089,4.201038,1.2099489999999995,3.828237694919734,0.0163604508805609,0.500889,0.5163314136271319,0.4836685863728681,-0.0018390119177569,-0.0043871655077833,-0.0177590000000003,0.0,0.0,,galvanostatic_6,24,1,0.6515746258495385,1,3.643750798104462e-06,1.5735644540888428e-06,1.0,0.0,3.643750798104462e-06,-0.0013145713466197,0.000156401432204,0.0,1.0,-3.0287723826118747e-06,3.6034889979823305e-07,-3.0287723826118747e-06,3.0287723826118747e-06,3.615015078697628e-06,-0.0013171555324526,0.5480769230769231,1.3076923076923077,9250.204203328
cycle60_rank3_obj9,60.0,7_c2_x10_290623,5,3,9,6.866497919843912,event_multicycle_roi_candidate,800.7027027027027,321.94594594594594,705,226,897,418,192,96,64,4603,5522,8284.15234375,8284.173828125,0.021484375,0.0795613974332809,0.0796813443303108,0.0001199468970298,0.1802775637732877,/scratch/u6hp/nsagar.u6hp/Alek_Jiho/derived/multi_cycle_roi_sequences/cycle60_rank3_obj9.npz,/scratch/u6hp/nsagar.u6hp/Alek_Jiho/derived/multi_cycle_roi_sequences/previews/cycle60_rank3_obj9.png,0.0001199468970298,0.0001182765647045,0.1024699546481452,0.0046434991012582,0.0005337170817997,-0.0016476932294787,-0.0006836102533376,-7.833902090168067,-0.425965870602505,-0.0039257014634726,15.86376250219266,0.8693913322247689,0.0359024070203304,0.0001272370427614,event,60.0,particle3,1.0,0.1707317073170731,0.3707865168539326,5.37722440775176,single_persistent_drop_needs_roi_qc,2.4945534720369364,0.0004867846454059,0,22.6298942565918,0.2382094115018844,4.303770542144775,0.7857608795166016,0.9693689346313475,4.090205669403076,4.875966548919678,0.001943252125784,0.0001236483637967,0.000322759653045,0.0018196037619873,920.0,0.3707865168539326,56443.0,9252.832955360413,2.962327,4.20181,1.239483,3.829972590648973,0.0216442830997643,0.500889,0.5216058678666974,0.4783941321333026,-0.0007594505805608,0.007091629170553,0.0040539999999995,0.0,0.0,,galvanostatic_10,25,1,0.6709788530402894,1,3.568669291943789e-06,1.2480025836473546e-06,1.0,0.0,3.568669291943789e-06,-0.0022617440815454,0.0002741426822882,0.0,1.0,-5.211058363880742e-06,6.316247399922204e-07,-6.306719257919786e-06,5.211058363880742e-06,3.551361799206236e-06,-0.0027680986385232,0.6057692307692307,1.4423076923076923,9244.36053955
cycle60_rank1_obj1,60.0,7_c2_x10_290623,5,1,1,6.474067665989688,event_multicycle_roi_candidate,1330.3188405797102,115.18840579710144,1234,19,1426,211,192,96,64,4603,5522,8705.0771484375,8705.095703125,0.0185546875,0.0733746439218521,0.0733707398176193,-3.904104232788086e-06,0.1802775637732877,/scratch/u6hp/nsagar.u6hp/Alek_Jiho/derived/multi_cycle_roi_sequences/cycle60_rank1_obj1.npz,/scratch/u6hp/nsagar.u6hp/Alek_Jiho/derived/multi_cycle_roi_sequences/previews/cycle60_rank1_obj1.png,-3.904104232788086e-06,2.127206140631101e-05,0.01108483586615,-0.0007489514679449,7.996702967493883e-05,-0.0073397243858597,-0.00013109394101,0.4035541064337167,-0.3000724335871659,-0.0027654675479393,15.730991350190203,0.8846008370102413,0.02809614315629,5.2014180255355313e-05,event,60.0,particle3,1.0,0.1707317073170731,0.3707865168539326,5.37722440775176,single_persistent_drop_needs_roi_qc,1.990971834925495,0.0002043384224409,0,9.724720001220703,0.1023654714226722,3.890202283859253,0.1629605293273925,0.025762915611267,4.2158284187316895,4.378788948059082,0.0023131534035201,4.967451945958601e-05,0.0001333218240233,0.0022634788840605,920.0,0.3707865168539326,56443.0,9252.832955360413,2.962327,4.20181,1.239483,3.829972590648973,0.0216442830997643,0.500889,0.5216058678666974,0.4783941321333026,-0.0007594505805608,0.007091629170553,0.0040539999999995,0.0,0.0,,galvanostatic_10,25,1,0.2607230206557938,0,6.966665141967669e-07,2.1304704159069707e-07,1.0,0.0,6.966665141967669e-07,-0.0013385195130916,0.0007586499447136,0.0,1.0,-3.083948958163193e-06,1.7479294726201844e-06,-4.058696731345536e-06,3.083948958163193e-06,5.015414355710269e-07,-0.0017819859799909,0.451923076923077,0.7884615384615384,9244.36053955
cycle60_rank2_obj2,60.0,7_c2_x10_290623,5,2,2,5.384766191610338,event_multicycle_roi_candidate,1180.4,1033.6571428571428,1084,938,1276,1130,192,96,64,4603,5522,8229.1943359375,8251.4375,22.2431640625,0.0802203938364982,0.0816128924489021,0.0013924986124038,0.1802775637732877,/scratch/u6hp/nsagar.u6hp/Alek_Jiho/derived/multi_cycle_roi_sequences/cycle60_rank2_obj2.npz,/scratch/u6hp/nsagar.u6hp/Alek_Jiho/derived/multi_cycle_roi_sequences/previews/cycle60_rank2_obj2.png,0.0013924986124038,7.330343219359536e-05,0.0413283967800578,0.0053924505692031,0.0002817827020193,-0.0001497902935889,-0.000244245967733,19.214775918297164,0.2842149893611335,0.0026193253419522,15.955518667969493,0.9042561784481742,0.0285035371780395,0.000115156006359,event,60.0,particle3,1.0,0.1707317073170731,0.3707865168539326,5.37722440775176,single_persistent_drop_needs_roi_qc,1.3721660201122636,-0.0003672763036167,0,19.44740295410156,0.2047095000743866,2.731466293334961,0.3889734148979187,0.694211483001709,-0.2322756648063659,0.1566977351903915,0.0021632542266161,0.0001112566010306,0.0002971688777506,0.0020519976255855,920.0,0.3707865168539326,56443.0,9252.832955360413,2.962327,4.20181,1.239483,3.829972590648973,0.0216442830997643,0.500889,0.5216058678666974,0.4783941321333026,-0.0007594505805608,0.007091629170553,0.0040539999999995,0.0,0.0,,galvanostatic_10,25,1,0.4668173461814858,0,1.951400872945822e-06,1.4841819472060384e-07,1.0,0.0,1.951400872945822e-06,0.0017612442808818,0.0021524469381784,1.0,0.0,4.057906823151882e-06,4.959237745563133e-06,4.057906823151882e-06,4.057906823151882e-06,1.8606110128577936e-06,0.0017759841891418,0.9134615384615384,0.5576923076923077,9244.36053955
cycle60_rank4_obj5,60.0,7_c2_x10_290623,5,4,5,5.355307596954036,event_multicycle_roi_candidate,568.3137254901961,169.0196078431373,472,73,664,265,192,96,64,4603,5522,8475.23828125,8471.3681640625,-3.8701171875,0.0895092040300369,0.0892198979854583,-0.0002893060445785,0.1802775637732877,/scratch/u6hp/nsagar.u6hp/Alek_Jiho/derived/multi_cycle_roi_sequences/cycle60_rank4_obj5.npz,/scratch/u6hp/nsagar.u6hp/Alek_Jiho/derived/multi_cycle_roi_sequences/previews/cycle60_rank4_obj5.png,-0.0002893060445785,3.699795001837985e-05,0.0175961270502507,-0.0017974835230676,0.0001095615863066,-0.0062911923307369,-0.0003188530562706,3.3710196741781147,0.0544976489379106,0.0005022503326117,15.447172123130876,0.8437913552152481,0.036756869405508,0.0001335912966169,event,60.0,particle3,1.0,0.1707317073170731,0.3707865168539326,5.37722440775176,single_persistent_drop_needs_roi_qc,1.5337954930279185,-0.000649790520133,0,14.73573112487793,0.1551129519939422,4.038924217224121,0.6281644105911255,0.3593976497650146,-1.7439497709274292,-1.1157853603363037,0.0028950763007742,0.0001316549019065,0.0003613668077377,0.0027634213988677,920.0,0.3707865168539326,56443.0,9252.832955360413,2.962327,4.20181,1.239483,3.829972590648973,0.0216442830997643,0.500889,0.5216058678666974,0.4783941321333026,-0.0007594505805608,0.007091629170553,0.0040539999999995,0.0,0.0,,galvanostatic_10,25,1,0.3116648574581109,0,9.666890543532338e-07,3.335022308180891e-07,1.0,0.0,9.666890543532338e-07,0.0005330349685013,0.0001347708665397,1.0,0.0,1.2281125674270095e-06,3.1051207650752944e-07,1.0160291174348963e-06,1.2281125674270095e-06,7.020321278426798e-07,0.0004222588279604,0.4903846153846154,1.0192307692307692,9244.36053955
cycle60_rank6_obj26,60.0,7_c2_x10_290623,5,6,26,4.590869322464719,event_multicycle_roi_candidate,1231.8333333333333,843.4166666666666,1136,747,1328,939,192,96,64,4603,5522,8068.765625,8065.12158203125,-3.64404296875,0.1190228834748268,0.1186382621526718,-0.0003846213221549,0.1802775637732877,/scratch/u6hp/nsagar.u6hp/Alek_Jiho/derived/multi_cycle_roi_sequences/cycle60_rank6_obj26.npz,/scratch/u6hp/nsagar.u6hp/Alek_Jiho/derived/multi_cycle_roi_sequences/previews/cycle60_rank6_obj26.png,-0.0003846213221549,5.205502501610517e-05,0.0182933050011689,-0.0040443379269023,0.0002236155097149,-0.0035949670461354,-0.000101434228344,-14.016237630798171,-0.1088909221313024,-0.001003538738362,13.387233487776983,0.8344266769197118,0.0480674803256988,0.0002903675485868,event,60.0,particle3,1.0,0.1707317073170731,0.3707865168539326,5.37722440775176,single_persistent_drop_needs_roi_qc,1.320031653911962,-0.0002687203200089,0,16.147092819213867,0.1699693948030471,2.149290084838867,0.7461602687835693,0.1955482959747314,-2.5114729404449463,-1.765312671661377,0.0027637045786832,0.0002904538964685,0.0007888973632361,0.0024732506822147,920.0,0.3707865168539326,56443.0,9252.832955360413,2.962327,4.20181,1.239483,3.829972590648973,0.0216442830997643,0.500889,0.5216058678666974,0.4783941321333026,-0.0007594505805608,0.007091629170553,0.0040539999999995,0.0,0.0,,galvanostatic_10,25,1,0.2650691517727483,0,1.2396569815839683e-06,2.1653469652156735e-07,1.0,0.0,1.2396569815839683e-06,-0.0008004855703044,0.0008432626199913,0.2857142857142857,0.7142857142857143,-1.8443187539815653e-06,1.942877076460012e-06,-1.8443187539815653e-06,1.8443187539815653e-06,1.2740794518799388e-06,-0.0008918578893709,0.625,0.0480769230769231,9244.36053955
cycle60_rank5_obj18,60.0,7_c2_x10_290623,5,5,18,4.517043565680912,event_multicycle_roi_candidate,1661.5873015873017,130.34920634920636,1566,34,1758,226,192,96,64,4603,5522,8054.798828125,8057.9775390625,3.1787109375,0.0759721472859382,0.0761133432388305,0.0001411959528923,0.1802775637732877,/scratch/u6hp/nsagar.u6hp/Alek_Jiho/derived/multi_cycle_roi_sequences/cycle60_rank5_obj18.npz,/scratch/u6hp/nsagar.u6hp/Alek_Jiho/derived/multi_cycle_roi_sequences/previews/cycle60_rank5_obj18.png,0.0001411959528923,3.017624209024324e-05,0.0099578824310225,-0.0101857399640503,-9.434250840032856e-05,-0.005692031156381,-3.519454631648019e-05,-8.489149474945293,-0.2579928536279335,-0.002377662139035,13.765045789812342,0.8976052660202927,0.0301033649593591,5.8613291912479326e-05,event,60.0,particle3,1.0,0.1707317073170731,0.3707865168539326,5.37722440775176,single_persistent_drop_needs_roi_qc,1.236404564188312,7.914396233751553e-05,0,12.238980293273926,0.1288313716650009,1.6123532056808472,0.2518925666809082,-0.1363824158906936,-4.740033149719238,-4.48814058303833,0.0023813786810933,5.507545063210273e-05,0.0001429853430181,0.0023263032304611,920.0,0.3707865168539326,56443.0,9252.832955360413,2.962327,4.20181,1.239483,3.829972590648973,0.0216442830997643,0.500889,0.5216058678666974,0.4783941321333026,-0.0007594505805608,0.007091629170553,0.0040539999999995,0.0,0.0,,galvanostatic_10,25,1,0.23798785109595,0,-2.105334965264085e-07,4.038254345248848e-07,0.2857142857142857,0.7142857142857143,2.105334965264085e-07,-0.0016326800704772,0.0013092510725601,0.0,1.0,-3.7616948823796086e-06,3.016514471178483e-06,-3.7616948823796086e-06,3.7616948823796086e-06,-6.848528770514628e-07,-0.0016495093976811,-0.2884615384615384,0.6923076923076923,9244.36053955
cycle62_rank2_obj2,62.0,7_c2_x10_290623,7,2,2,6.583976584591412,control_multicycle_roi_candidate,1324.629213483146,108.42696629213484,1229,12,1421,204,192,96,64,6444,7363,8705.89453125,8694.2001953125,-11.6943359375,0.0735113322734832,0.0728650391101837,-0.0006462931632995,0.2500000000000909,/scratch/u6hp/nsagar.u6hp/Alek_Jiho/derived/multi_cycle_roi_sequences/cycle62_rank2_obj2.npz,/scratch/u6hp/nsagar.u6hp/Alek_Jiho/derived/multi_cycle_roi_sequences/previews/cycle62_rank2_obj2.png,-0.0006462931632995,1.7623845726634023e-05,0.0070385050390461,0.005542240862792,6.123981371135554e-05,0.0094367884961054,-0.0001198802445806,-37.920571990988265,-0.2276221427037815,-0.002097765667158,15.731490349953996,0.8895254399924661,0.0284430235624313,4.3771615310106426e-05,control,60.0,particle3,1.0,0.1707317073170731,0.3707865168539326,5.37722440775176,single_persistent_drop_needs_roi_qc,2.079343177314194,0.0004230040251199,0,8.230844497680664,0.0866404697299003,3.336265087127685,0.5350139141082764,-0.1732424199581146,3.966236352920532,4.501250267028809,0.0005930880311098,4.02554512675124e-05,0.0001108207025026,0.0005528325798422,917.0,0.3370786516853932,47050.0,9223.984920978546,2.991282,4.201617,1.2103349999999995,3.8226030426780016,0.002895681360255,0.500889,0.5028905419766206,0.4971094580233793,-0.0016802584135811,-0.014928355800842,-0.0034739999999997,0.0,0.0,,galvanostatic_14,26,1,0.2822332251649609,0,4.436700328915792e-07,6.220581599984332e-07,0.7142857142857143,0.2857142857142857,4.436700328915792e-07,-0.0015028775870067,0.0012494597195847,0.0,1.0,-3.462629960463573e-06,2.878755193923345e-06,-3.462629960463573e-06,3.462629960463573e-06,3.811122055502721e-07,-0.0015173259378212,-0.4038461538461538,0.6923076923076923,9242.521957436
cycle62_rank1_obj4,62.0,7_c2_x10_290623,7,1,4,6.282223708699526,control_multicycle_roi_candidate,1176.79012345679,1024.3456790123455,1081,928,1273,1120,192,96,64,6444,7363,8170.89306640625,8212.3837890625,41.49072265625,0.0753213167190551,0.0773664414882659,0.0020451247692108,0.2500000000000909,/scratch/u6hp/nsagar.u6hp/Alek_Jiho/derived/multi_cycle_roi_sequences/cycle62_rank1_obj4.npz,/scratch/u6hp/nsagar.u6hp/Alek_Jiho/derived/multi_cycle_roi_sequences/previews/cycle62_rank1_obj4.png,0.0020451247692108,5.57183180577483e-05,0.025685118388446,0.0091372079089275,0.0002043430406222,-0.0170760934691431,-0.0002825131354565,31.21534164790944,0.1609705434005197,0.0014835045279791,16.007261517757932,0.9197262151951264,0.0273220278322696,8.291524136438966e-05,control,60.0,particle3,1.0,0.1707317073170731,0.3707865168539326,5.37722440775176,single_persistent_drop_needs_roi_qc,1.9750338827400629,-0.0010294590858875,0,10.918184280395508,0.1149282529950141,2.969611883163452,0.0593303442001342,-0.3098268508911133,-0.4835247695446014,-0.4241944253444671,0.0015560709762212,7.48517250031e-05,0.0002110246555275,0.0014812192512181,917.0,0.3370786516853932,47050.0,9223.984920978546,2.991282,4.201617,1.2103349999999995,3.8226030426780016,0.002895681360255,0.500889,0.5028905419766206,0.4971094580233793,-0.0016802584135811,-0.014928355800842,-0.0034739999999997,0.0,0.0,,galvanostatic_14,26,1,0.3779100658529473,0,1.5932327634192358e-06,4.127113334682998e-07,1.0,0.0,1.5932327634192358e-06,0.0009469023403594,0.0008690089478677,1.0,0.0,2.18166299218825e-06,2.0021966158873536e-06,2.18166299218825e-06,2.18166299218825e-06,1.4785481134508204e-06,0.0009183532259173,0.5865384615384616,0.5769230769230769,9242.521957436
cycle62_rank3_obj9,62.0,7_c2_x10_290623,7,3,9,5.445827812460037,control_multicycle_roi_candidate,798.3291139240506,318.0253164556962,702,222,894,414,192,96,64,6444,7363,8272.140625,8302.2314453125,30.0908203125,0.0780591294169426,0.0799833163619041,0.0019241869449615,0.2500000000000909,/scratch/u6hp/nsagar.u6hp/Alek_Jiho/derived/multi_cycle_roi_sequences/cycle62_rank3_obj9.npz,/scratch/u6hp/nsagar.u6hp/Alek_Jiho/derived/multi_cycle_roi_sequences/previews/cycle62_rank3_obj9.png,0.0019241869449615,0.0001099846958636,0.0804314726394392,0.0110844817255841,0.0004487433252786,-0.0170760934691431,-0.0006518243963944,5.417711358715792,-0.3371006626159322,-0.0031067197066684,14.81079213099872,0.8236546885004241,0.0395402088761329,9.748830780154094e-05,control,60.0,particle3,1.0,0.1707317073170731,0.3707865168539326,5.37722440775176,single_persistent_drop_needs_roi_qc,1.5226033969557806,0.0009999913697182,0,14.523822784423828,0.1528823524713516,5.199330806732178,0.8398087024688721,0.3486356735229492,3.819324254989624,4.659132957458496,0.0038428737898357,8.728122452339449e-05,0.0002372989938521,0.0037555925653123,917.0,0.3370786516853932,47050.0,9223.984920978546,2.991282,4.201617,1.2103349999999995,3.8226030426780016,0.002895681360255,0.500889,0.5028905419766206,0.4971094580233793,-0.0016802584135811,-0.014928355800842,-0.0034739999999997,0.0,0.0,,galvanostatic_14,26,1,0.7691950885165459,1,3.2500966362218838e-06,1.3258742575466374e-06,1.0,0.0,3.2500966362218838e-06,-0.0020776191966109,0.0010197677202195,0.0,1.0,-4.786834628991654e-06,2.349544827385762e-06,-4.786834628991654e-06,4.786834628991654e-06,3.334522323669975e-06,-0.002054945006656,0.5096153846153847,0.8076923076923077,9242.521957436
cycle62_rank4_obj1,62.0,7_c2_x10_290623,7,4,1,4.911685287617786,control_multicycle_roi_candidate,566.4,166.8,470,71,662,263,192,96,64,6444,7363,8467.4150390625,8468.712890625,1.2978515625,0.0913313999772071,0.0918805375695228,0.0005491375923156,0.2500000000000909,/scratch/u6hp/nsagar.u6hp/Alek_Jiho/derived/multi_cycle_roi_sequences/cycle62_rank4_obj1.npz,/scratch/u6hp/nsagar.u6hp/Alek_Jiho/derived/multi_cycle_roi_sequences/previews/cycle62_rank4_obj1.png,0.0005491375923156,2.896359732763412e-05,0.0109310176512233,0.0014979029358897,4.559550694961352e-05,0.0130317555422408,-0.0002379875591753,-35.14246773307252,-0.0624528089940769,-0.0005755650876894,15.511310751558906,0.81748654409238,0.0393240302801132,0.0001122558896895,control,60.0,particle3,1.0,0.1707317073170731,0.3707865168539326,5.37722440775176,single_persistent_drop_needs_roi_qc,1.1137010944495138,-0.0004830536672512,0,9.103812217712402,0.0958295986056327,3.134448528289795,1.283997654914856,0.9460313320159912,-1.0874698162078855,0.1965277940034866,0.0013746815275226,0.0001053045614298,0.0002992940635522,0.0012693769660928,917.0,0.3370786516853932,47050.0,9223.984920978546,2.991282,4.201617,1.2103349999999995,3.8226030426780016,0.002895681360255,0.500889,0.5028905419766206,0.4971094580233793,-0.0016802584135811,-0.014928355800842,-0.0034739999999997,0.0,0.0,,galvanostatic_14,26,1,0.2609829602281813,0,6.997405416147907e-07,5.346276480338865e-07,1.0,0.0,6.997405416147907e-07,-0.0002837659498273,0.0003868911003209,0.2857142857142857,0.7142857142857143,-6.537967484022862e-07,8.913970951395241e-07,-1.0353759393558137e-06,6.537967484022862e-07,3.8236786903993035e-07,-0.0004987650033993,0.2596153846153847,0.0865384615384615,9242.521957436
cycle86_rank2_obj6,86.0,10_c2_x10_030723,1,2,6,6.600365262271105,event_multicycle_roi_candidate,1335.859296482412,171.678391959799,1240,76,1432,268,192,96,64,906,1812,8857.2548828125,8861.24609375,3.9912109375,0.0743529051542282,0.0744847282767295,0.0001318231225013,0.2236067977499281,/scratch/u6hp/nsagar.u6hp/Alek_Jiho/derived/multi_cycle_roi_sequences/cycle86_rank2_obj6.npz,/scratch/u6hp/nsagar.u6hp/Alek_Jiho/derived/multi_cycle_roi_sequences/previews/cycle86_rank2_obj6.png,0.0001318231225013,6.188178202990187e-05,0.0601144842586854,0.0017974835230677,0.0003012232050952,0.0035949670461354,-0.0004235930960391,4.545769613543598,-0.113297888692585,-0.0010441533421908,16.06856611507289,0.981421999802556,0.0129550425335764,5.5853870435385033e-05,event,86.0,"particle0,particle1,particle2",3.0,0.1420951480652973,0.0786516853932584,12.399287527913966,synchronized_persistent_drop_low_frame_count,2.198397308847956,-0.0003828212075766,1,9.129712104797363,0.0961022302508354,1.6746985912322998,0.1503949165344238,0.0616589188575744,5.131002426147461,5.281397342681885,0.0005674881449522,5.044132399234513e-05,0.0001352120441424,0.0005170468209598,899.0,0.0786516853932584,90230.0,9021.373033046722,2.999776,4.200073,1.2002969999999995,3.821635612224316,0.0034861829990025,0.500889,0.5034799955668846,0.4965200044331154,-0.0054127050632204,-0.0107761817490103,0.0,0.0,0.0,,galvanostatic_2,38,1,0.3396144827800139,0,2.051361698714253e-06,1.049343819660183e-06,1.0,0.0,2.051361698714253e-06,-0.0006995287785616,0.0005496634352113,0.0,1.0,-1.6117143058060102e-06,1.2664245547268506e-06,-1.9554819056947827e-06,1.6117143058060102e-06,2.1451709618248765e-06,-0.0008388244248497,0.4326923076923077,0.6538461538461537,9098.537893392
cycle86_rank5_obj8,86.0,10_c2_x10_030723,1,5,8,5.911487633945073,event_multicycle_roi_candidate,1660.7096774193549,191.1290322580645,1565,95,1757,287,192,96,64,906,1812,8213.4951171875,8221.01953125,7.5244140625,0.0837045386433601,0.0840370431542396,0.0003325045108795,0.2236067977499281,/scratch/u6hp/nsagar.u6hp/Alek_Jiho/derived/multi_cycle_roi_sequences/cycle86_rank5_obj8.npz,/scratch/u6hp/nsagar.u6hp/Alek_Jiho/derived/multi_cycle_roi_sequences/previews/cycle86_rank5_obj8.png,0.0003325045108795,7.963398328194218e-05,0.055770744188088,0.0085380467345716,0.0004081991256197,0.00584182144997,-0.0005942367498688,16.00868295700832,-0.0392434806278366,-0.0003616679174661,14.608345369440102,0.9764818126773752,0.0149426693096756,6.303522968664765e-05,event,86.0,"particle0,particle1,particle2",3.0,0.1420951480652973,0.0786516853932584,12.399287527913966,synchronized_persistent_drop_low_frame_count,1.9606669965442456,0.000766356757609,1,10.073579788208008,0.1060376837849617,1.483196496963501,0.3276090621948242,-0.3396656513214111,-10.129913330078123,-9.8023042678833,0.0014296222525445,5.611572828456701e-05,0.0001461320912312,0.0013735065242599,899.0,0.0786516853932584,90230.0,9021.373033046722,2.999776,4.200073,1.2002969999999995,3.821635612224316,0.0034861829990025,0.500889,0.5034799955668846,0.4965200044331154,-0.0054127050632204,-0.0107761817490103,0.0,0.0,0.0,,galvanostatic_2,38,1,0.3864320288439887,0,2.7063069795207498e-06,1.3865058302821564e-06,1.0,0.0,2.7063069795207498e-06,-0.0002808101853,0.0017079956145201,0.1428571428571428,0.8571428571428571,-6.469866669313556e-07,3.935221895854453e-06,-5.304166183579981e-07,6.469866669313556e-07,2.857693433629604e-06,-0.0001827040651815,0.3942307692307694,-0.375,9098.537893392
cycle86_rank3_obj5,86.0,10_c2_x10_030723,1,3,5,5.394256624475365,event_multicycle_roi_candidate,1184.2469135802469,1085.9753086419753,1088,990,1280,1182,192,96,64,906,1812,8329.9814453125,8341.5458984375,11.564453125,0.0754702761769294,0.0760826990008354,0.0006124228239059,0.2236067977499281,/scratch/u6hp/nsagar.u6hp/Alek_Jiho/derived/multi_cycle_roi_sequences/cycle86_rank3_obj5.npz,/scratch/u6hp/nsagar.u6hp/Alek_Jiho/derived/multi_cycle_roi_sequences/previews/cycle86_rank3_obj5.png,0.0006124228239059,0.0001024783285327,0.0944331835822894,0.0071899340922708,0.0005004463531275,-0.005991611743559,-0.0006405489731957,23.814032284955942,0.0778727128081256,0.0007176749212396,15.136795435222869,0.9832888623655408,0.0138920098543167,0.0001116621788241,event,86.0,"particle0,particle1,particle2",3.0,0.1420951480652973,0.0786516853932584,12.399287527913966,synchronized_persistent_drop_low_frame_count,1.456577760966197,-0.0004042854948111,1,12.458833694458008,0.1311456114053726,1.0630582571029663,0.2506885528564453,-0.6289963722229004,-0.7626823782920837,-0.5119938254356384,0.0010727598255471,0.0001005372455438,0.0002615187372612,0.0009722225800033,899.0,0.0786516853932584,90230.0,9021.373033046722,2.999776,4.200073,1.2002969999999995,3.821635612224316,0.0034861829990025,0.500889,0.5034799955668846,0.4965200044331154,-0.0054127050632204,-0.0107761817490103,0.0,0.0,0.0,,galvanostatic_2,38,1,0.4526292536279629,0,3.687204623056872e-06,1.2315455328634658e-06,1.0,0.0,3.687204623056872e-06,0.0004434992317086,0.0004069598282052,1.0,0.0,1.0218222298568356e-06,9.376354441849584e-07,1.933724240255684e-06,1.0218222298568356e-06,3.5808534347945e-06,0.0008609860690067,0.6634615384615385,0.5769230769230769,9098.537893392
cycle86_rank4_obj9,86.0,10_c2_x10_030723,1,4,9,4.6612934650376046,event_multicycle_roi_candidate,810.7391304347826,383.69565217391306,715,288,907,480,192,96,64,906,1812,8176.974609375,8167.140625,-9.833984375,0.0835592597723007,0.082896739244461,-0.0006625205278396,0.2236067977499281,/scratch/u6hp/nsagar.u6hp/Alek_Jiho/derived/multi_cycle_roi_sequences/cycle86_rank4_obj9.npz,/scratch/u6hp/nsagar.u6hp/Alek_Jiho/derived/multi_cycle_roi_sequences/previews/cycle86_rank4_obj9.png,-0.0006625205278396,0.0001546158654881,0.1558487112724437,0.0023966446974236,0.0007780110592423,-0.0019472738166566,-0.0012219019745981,10.493458867036908,0.0466068817125058,0.0004295290218624,16.74307340334539,0.9761674649981452,0.0187715739011764,0.0001479157799622,event,86.0,"particle0,particle1,particle2",3.0,0.1420951480652973,0.0786516853932584,12.399287527913966,synchronized_persistent_drop_low_frame_count,1.1156177975150214,0.0001313458507198,1,18.20458030700684,0.1916271597146988,1.5880976915359497,-0.4181232452392578,-0.5664563179016113,5.409761428833008,4.99163818359375,0.0017838974054029,0.0001307200993778,0.0003315138437756,0.0016531773060251,899.0,0.0786516853932584,90230.0,9021.373033046722,2.999776,4.200073,1.2002969999999995,3.821635612224316,0.0034861829990025,0.500889,0.5034799955668846,0.4965200044331154,-0.0054127050632204,-0.0107761817490103,0.0,0.0,0.0,,galvanostatic_2,38,1,0.5803281823688248,1,5.385509073626023e-06,2.691471515792406e-06,1.0,0.0,5.385509073626023e-06,0.0001824065282852,0.0016747916170241,0.5714285714285714,0.4285714285714285,4.202646411692796e-07,3.8587198856235535e-06,4.202646411692796e-07,4.202646411692796e-07,5.3076004942669705e-06,0.000135355446846,0.5865384615384616,-0.6346153846153846,9098.537893392
cycle86_rank6_obj78,86.0,10_c2_x10_030723,1,6,78,4.564274022953415,event_multicycle_roi_candidate,550.9333333333333,214.4,455,118,647,310,192,96,64,906,1812,8524.732421875,8528.212890625,3.48046875,0.085939921438694,0.086263358592987,0.000323437154293,0.2236067977499281,/scratch/u6hp/nsagar.u6hp/Alek_Jiho/derived/multi_cycle_roi_sequences/cycle86_rank6_obj78.npz,/scratch/u6hp/nsagar.u6hp/Alek_Jiho/derived/multi_cycle_roi_sequences/previews/cycle86_rank6_obj78.png,0.000323437154293,8.182269879258672e-05,0.0707126495976769,0.0032953864589574,0.0003464243465741,0.005991611743559,-0.0007218328406165,7.509377843718994,0.0556853866038503,0.000513196522941,17.71359741354183,0.9732130924083864,0.0176536254584789,0.0001482293009757,event,86.0,"particle0,particle1,particle2",3.0,0.1420951480652973,0.0786516853932584,12.399287527913966,synchronized_persistent_drop_low_frame_count,1.85813722649508,-0.000538995063536,1,8.31127643585205,0.0874871239066124,0.6624271869659424,-0.1629416942596435,-0.0813643336296081,-2.7623682022094727,-2.925309896469116,0.0009274622962038,0.0001389394576563,0.0003771430883716,0.0007885228385474,899.0,0.0786516853932584,90230.0,9021.373033046722,2.999776,4.200073,1.2002969999999995,3.821635612224316,0.0034861829990025,0.500889,0.5034799955668846,0.4965200044331154,-0.0054127050632204,-0.0107761817490103,0.0,0.0,0.0,,galvanostatic_2,38,1,0.3296126202099753,0,2.516428752584085e-06,1.684366704386822e-06,1.0,0.0,2.516428752584085e-06,0.0001318250909171,0.0003721188007718,0.7142857142857143,0.2857142857142857,3.037250094731361e-07,8.573617169782675e-07,1.1769228983144588e-06,3.037250094731361e-07,2.48564178691648e-06,0.0004912272370666,0.3173076923076923,0.0096153846153846,9098.537893392
cycle86_rank8_obj17,86.0,10_c2_x10_030723,1,8,17,4.404672825684108,event_multicycle_roi_candidate,116.0,1002.9019607843136,20,907,212,1099,192,96,64,906,1812,8309.9638671875,8314.166015625,4.2021484375,0.1148767992854118,0.115282692015171,0.0004058927297592,0.2236067977499281,/scratch/u6hp/nsagar.u6hp/Alek_Jiho/derived/multi_cycle_roi_sequences/cycle86_rank8_obj17.npz,/scratch/u6hp/nsagar.u6hp/Alek_Jiho/derived/multi_cycle_roi_sequences/previews/cycle86_rank8_obj17.png,0.0004058927297592,0.0001173355582514,0.2278555911696755,-0.0029958058717795,0.000286182448967,-0.0014979029358898,-0.000430389899196,4.773593693701628,-0.0600221748108286,-0.0005531643630565,14.641106189311609,0.9595425012763258,0.0183876566588878,0.0001289472565986,event,86.0,"particle0,particle1,particle2",3.0,0.1420951480652973,0.0786516853932584,12.399287527913966,synchronized_persistent_drop_low_frame_count,1.248393377128957,0.0002578172714733,1,11.313231468200684,0.1190866455435752,0.9409472942352296,0.112049400806427,0.1521126627922058,0.5295165181159973,0.6415659189224243,0.0014586938896172,0.0001132411862272,0.000294598288292,0.00134545270339,899.0,0.0786516853932584,90230.0,9021.373033046722,2.999776,4.200073,1.2002969999999995,3.821635612224316,0.0034861829990025,0.500889,0.5034799955668846,0.4965200044331154,-0.0054127050632204,-0.0107761817490103,0.0,0.0,0.0,,galvanostatic_2,38,1,0.5223455995979941,1,2.5173819686638037e-06,6.751226010716173e-07,1.0,0.0,2.5173819686638037e-06,-0.0005245335668951,0.0005329288376804,0.1428571428571428,0.8571428571428571,-1.2085253381264768e-06,1.2278680420156934e-06,-1.2085253381264768e-06,1.2085253381264768e-06,2.181060733993195e-06,-0.0005312457521378,0.6057692307692308,0.2403846153846153,9098.537893392
cycle88_rank2_obj4,88.0,10_c2_x10_030723,3,2,4,4.505572339544418,control_multicycle_roi_candidate,1335.142857142857,170.57142857142858,1239,75,1431,267,192,96,64,2720,3626,8867.92578125,8869.2841796875,1.3583984375,0.0745094120502471,0.0746501311659812,0.0001407191157341,0.2121320343559321,/scratch/u6hp/nsagar.u6hp/Alek_Jiho/derived/multi_cycle_roi_sequences/cycle88_rank2_obj4.npz,/scratch/u6hp/nsagar.u6hp/Alek_Jiho/derived/multi_cycle_roi_sequences/previews/cycle88_rank2_obj4.png,0.0001407191157341,7.362758617971056e-05,0.0807321682579566,0.0022468544038346,0.0004029009112517,-0.0020970641102456,-0.0008348751308607,-0.8578841853651511,-0.4561534367472173,-0.0042039100730623,17.918251642647785,0.9966878105986634,0.0069000697694718,6.141248013591394e-05,control,86.0,"particle0,particle1,particle2",3.0,0.1420951480652973,0.0786516853932584,12.399287527913966,synchronized_persistent_drop_low_frame_count,0.6746893715851342,9.537964091090544e-05,1,10.460606575012209,0.1101116463541984,0.6835139989852905,0.0423669815063476,0.0065629482269287,5.351622581481934,5.393989562988281,0.0005338262308214,6.305429633357562e-05,0.0001519690031273,0.0004707719344878,904.0,0.1797752808988764,80850.0,9034.488495111464,2.99051,4.200073,1.2095629999999995,3.831200505021645,0.0275566391094619,0.500889,0.5275077303648732,0.4724922696351268,0.008490471554861,0.0209038885100485,0.0094590000000001,0.0,0.0,,galvanostatic_6,39,1,0.4692326687691698,0,2.8140112573053534e-06,2.902416701224604e-06,0.8571428571428571,0.1428571428571428,2.8140112573053534e-06,-0.0031362754241171,0.0045987733100357,0.0,1.0,-7.225978577165878e-06,1.0595573706322274e-05,-7.225978577165878e-06,7.225978577165878e-06,2.8046930554858068e-06,-0.0031230023003278,-0.1923076923076923,0.6923076923076923,9106.526124716
cycle88_rank5_obj9,88.0,10_c2_x10_030723,3,5,9,4.333685300200534,control_multicycle_roi_candidate,810.4086021505376,383.6559139784946,714,288,906,480,192,96,64,2720,3626,8172.9072265625,8149.90283203125,-23.00439453125,0.0862656980752945,0.0848554670810699,-0.0014102309942245,0.2121320343559321,/scratch/u6hp/nsagar.u6hp/Alek_Jiho/derived/multi_cycle_roi_sequences/cycle88_rank5_obj9.npz,/scratch/u6hp/nsagar.u6hp/Alek_Jiho/derived/multi_cycle_roi_sequences/previews/cycle88_rank5_obj9.png,-0.0014102309942245,0.0001230203756387,0.0772147624614888,-0.0031455961653684,0.000777945903208,-0.0016476932294787,-0.0015322435952304,4.236460059758997,-0.1295089331587519,-0.001193554327991,19.54238722692882,0.9964247476619132,0.0100303934887051,0.0001700884313322,control,86.0,"particle0,particle1,particle2",3.0,0.1420951480652973,0.0786516853932584,12.399287527913966,synchronized_persistent_drop_low_frame_count,0.9442061661567512,-0.0013073852692188,1,21.97732925415039,0.2313403040170669,0.4411919713020324,-0.253753662109375,-0.1839675903320312,5.16865873336792,4.914905071258545,0.0010940666761598,0.0001799567621674,0.0004073869713465,0.0009141099139924,904.0,0.1797752808988764,80850.0,9034.488495111464,2.99051,4.200073,1.2095629999999995,3.831200505021645,0.0275566391094619,0.500889,0.5275077303648732,0.4724922696351268,0.008490471554861,0.0209038885100485,0.0094590000000001,0.0,0.0,,galvanostatic_6,39,1,0.476087020251638,0,5.2082050230117234e-06,3.641659125265122e-06,1.0,0.0,5.2082050230117234e-06,-0.0010682187077793,0.0044193808410415,0.4285714285714285,0.5714285714285714,-2.4611759027235795e-06,1.0182253457759765e-05,-2.4611759027235795e-06,2.4611759027235795e-06,5.31727581488295e-06,-0.0010435547094913,0.528846153846154,-0.25,9106.526124716
cycle88_rank3_obj6,88.0,10_c2_x10_030723,3,3,6,4.328278429709984,control_multicycle_roi_candidate,1182.9565217391305,1082.8695652173913,1087,987,1279,1179,192,96,64,2720,3626,8322.5498046875,8318.69140625,-3.8583984375,0.0769231393933296,0.0768941342830658,-2.9005110263824463e-05,0.2121320343559321,/scratch/u6hp/nsagar.u6hp/Alek_Jiho/derived/multi_cycle_roi_sequences/cycle88_rank3_obj6.npz,/scratch/u6hp/nsagar.u6hp/Alek_Jiho/derived/multi_cycle_roi_sequences/previews/cycle88_rank3_obj6.png,-2.9005110263824463e-05,7.164959280645879e-05,0.0434292482204533,0.0032953864589574,0.0003764955710357,-0.0026962252846015,-0.0008319911190267,1.3546880721529533,-0.3767532639633708,-0.0034721580806864,15.66557673041542,0.9947716075442624,0.0091402726247906,0.0001252105575986,control,86.0,"particle0,particle1,particle2",3.0,0.1420951480652973,0.0786516853932584,12.399287527913966,synchronized_persistent_drop_low_frame_count,0.7769960856294926,-0.0005971468921385,1,15.046319961547852,0.158382311463356,0.3406366109848022,0.1493685245513916,-0.1504969596862793,-0.8495164513587952,-0.7001479268074036,0.0013608981280412,0.0001314565433858,0.0003004520922331,0.0012294415846554,904.0,0.1797752808988764,80850.0,9034.488495111464,2.99051,4.200073,1.2095629999999995,3.831200505021645,0.0275566391094619,0.500889,0.5275077303648732,0.4724922696351268,0.008490471554861,0.0209038885100485,0.0094590000000001,0.0,0.0,,galvanostatic_6,39,1,0.4402481027314706,0,2.3679400168437707e-06,6.68189538901009e-07,1.0,0.0,2.3679400168437707e-06,-0.0031233010863157,0.0017645469647035,0.0,1.0,-7.196085702871549e-06,4.065516206676868e-06,-7.196085702871549e-06,7.196085702871549e-06,2.3170899874244537e-06,-0.0031297611953202,0.5865384615384617,0.75,9106.526124716
cycle88_rank4_obj8,88.0,10_c2_x10_030723,3,4,8,4.122451717220647,control_multicycle_roi_candidate,1660.7633587786258,189.7404580152672,1565,94,1757,286,192,96,64,2720,3626,8219.876953125,8219.013671875,-0.86328125,0.0846538990736007,0.0847052782773971,5.137920379638672e-05,0.2121320343559321,/scratch/u6hp/nsagar.u6hp/Alek_Jiho/derived/multi_cycle_roi_sequences/cycle88_rank4_obj8.npz,/scratch/u6hp/nsagar.u6hp/Alek_Jiho/derived/multi_cycle_roi_sequences/previews/cycle88_rank4_obj8.png,5.137920379638672e-05,7.886104029859186e-05,0.0501815626787041,0.0014979029358897,0.000483107989474,-0.0020970641102456,-0.0014034163983609,0.0627164870279557,-0.6185831300070882,-0.0057008621261453,14.271979205762063,0.9975350895222352,0.0068695419467985,7.042353536235169e-05,control,86.0,"particle0,particle1,particle2",3.0,0.1420951480652973,0.0786516853932584,12.399287527913966,synchronized_persistent_drop_low_frame_count,0.5810432952277503,4.176205234778402e-06,1,11.523117065429688,0.1212959662079811,0.3282954096794128,0.1883649826049804,-0.0623083114624023,-9.907764434814451,-9.719399452209473,0.0015808060234121,7.311938202292367e-05,0.0001718434223221,0.0015076866413891,904.0,0.1797752808988764,80850.0,9034.488495111464,2.99051,4.200073,1.2095629999999995,3.831200505021645,0.0275566391094619,0.500889,0.5275077303648732,0.4724922696351268,0.008490471554861,0.0209038885100485,0.0094590000000001,0.0,0.0,,galvanostatic_6,39,1,0.564702227485469,1,3.264576765824788e-06,3.838725299832139e-06,1.0,0.0,3.264576765824788e-06,-0.0045233276046616,0.0057019387683259,0.0,1.0,-1.0421746801140351e-05,1.3137266922222963e-05,-1.0421746801140351e-05,1.0421746801140351e-05,3.268333143378489e-06,-0.004532580240538,0.3173076923076924,0.6923076923076923,9106.526124716
cycle90_rank6_obj3,90.0,10_c2_x10_030723,5,6,3,4.681975244797292,control_multicycle_roi_candidate,572.7058823529412,232.7843137254902,477,137,669,329,192,96,64,4534,5439,8524.96875,8516.6845703125,-8.2841796875,0.0903228223323822,0.0896854922175407,-0.0006373301148414,0.2500000000000227,/scratch/u6hp/nsagar.u6hp/Alek_Jiho/derived/multi_cycle_roi_sequences/cycle90_rank6_obj3.npz,/scratch/u6hp/nsagar.u6hp/Alek_Jiho/derived/multi_cycle_roi_sequences/previews/cycle90_rank6_obj3.png,-0.0006373301148414,4.899159957392079e-05,0.021430866795815,-0.0103355302576393,0.0001965894725406,-0.0041941282204913,-0.0005539463158171,-9.79299906442759,-0.1377820644682406,-0.0012697995061393,15.75836278591848,0.992752969904099,0.011416483670473,0.0001483794912928,control,86.0,"particle0,particle1,particle2",3.0,0.1420951480652973,0.0786516853932584,12.399287527913966,synchronized_persistent_drop_low_frame_count,1.289483423927142,0.0008126134183213,1,9.050925254821776,0.0952728986740112,0.3995950818061828,-0.1154598891735076,-0.0066299438476562,0.5412923693656921,0.4258324801921844,0.0019071601636824,0.0001423079825144,0.0004098598910786,0.001764852181168,902.0,0.1629213483146067,59062.0,9052.598627328873,2.980472,4.200652,1.22018,3.827082278554738,0.0214392907791812,0.5008889999999999,0.5214012393755715,0.4785987606244286,0.0043867132153376,0.0090775705971562,-0.0015439999999999,0.0,0.0,,galvanostatic_10,40,1,0.3832794708618658,0,1.2636918707031585e-06,1.1580189271542446e-06,1.0,0.0,1.2636918707031585e-06,-0.000958122079202,0.0005914252667207,0.0,1.0,-2.207513270481485e-06,1.3626438145245368e-06,-2.207513270481485e-06,2.207513270481485e-06,1.302835102354464e-06,-0.0008939630306639,0.1826923076923077,0.7692307692307692,9100.682447876
cycle90_rank3_obj4,90.0,10_c2_x10_030723,5,3,4,4.637619571135867,control_multicycle_roi_candidate,1335.5280898876404,172.67415730337078,1240,77,1432,269,192,96,64,4534,5439,8886.37109375,8883.4267578125,-2.9443359375,0.0769884884357452,0.0768617168068885,-0.0001267716288566,0.2500000000000227,/scratch/u6hp/nsagar.u6hp/Alek_Jiho/derived/multi_cycle_roi_sequences/cycle90_rank3_obj4.npz,/scratch/u6hp/nsagar.u6hp/Alek_Jiho/derived/multi_cycle_roi_sequences/previews/cycle90_rank3_obj4.png,-0.0001267716288566,3.513235619271208e-05,0.0227836639950349,-0.005242660275614,7.77037147992804e-05,-0.0014979029358897,-0.0002700751914352,-13.543449159951138,-0.2625186596435761,-0.0024193719672751,14.722291045853757,0.9963854147312936,0.0073966705240309,5.234760465100408e-05,control,86.0,"particle0,particle1,particle2",3.0,0.1420951480652973,0.0786516853932584,12.399287527913966,synchronized_persistent_drop_low_frame_count,0.8739415527028875,0.0003002383650249,1,8.128881454467773,0.0855671763420105,0.6079822182655334,-0.0812211036682128,-0.0503570437431335,5.170364856719971,5.089143753051758,0.0005962881114101,4.864983065999695e-05,0.0001412155024809,0.0005476382807501,902.0,0.1629213483146067,59062.0,9052.598627328873,2.980472,4.200652,1.22018,3.827082278554738,0.0214392907791812,0.5008889999999999,0.5214012393755715,0.4785987606244286,0.0043867132153376,0.0090775705971562,-0.0015439999999999,0.0,0.0,,galvanostatic_10,40,1,0.374871146128613,0,4.587112386372604e-07,8.275515177088677e-07,1.0,0.0,4.587112386372604e-07,-0.0021647226994376,0.0018964890638087,0.0,1.0,-4.987521099504377e-06,4.369510803015251e-06,-4.987521099504377e-06,4.987521099504377e-06,3.978839980230518e-07,-0.0021751515210886,0.0288461538461539,0.6346153846153846,9100.682447876
cycle90_rank4_obj6,90.0,10_c2_x10_030723,5,4,6,4.14051848376339,control_multicycle_roi_candidate,1660.504854368932,188.4660194174757,1565,92,1757,284,192,96,64,4534,5439,8212.4716796875,8206.31640625,-6.1552734375,0.0847082734107971,0.0844137147068977,-0.0002945587038993,0.2500000000000227,/scratch/u6hp/nsagar.u6hp/Alek_Jiho/derived/multi_cycle_roi_sequences/cycle90_rank4_obj6.npz,/scratch/u6hp/nsagar.u6hp/Alek_Jiho/derived/multi_cycle_roi_sequences/previews/cycle90_rank4_obj6.png,-0.0002945587038993,4.813724876323457e-05,0.0193237725414485,-0.0008987417615338,0.0001394922109047,-0.0103355302576393,-0.0003974278043705,-20.859289966062533,-0.3210984196558895,-0.0029592430355486,15.404379039673294,0.9952836643901296,0.0083633959293365,5.798030542791821e-05,control,86.0,"particle0,particle1,particle2",3.0,0.1420951480652973,0.0786516853932584,12.399287527913966,synchronized_persistent_drop_low_frame_count,0.6170181321033799,-4.182761907343454e-05,1,9.511003494262695,0.1001158282160759,0.6489240527153015,0.0783653259277343,0.0902462005615234,-10.129923820495604,-10.051558494567873,0.0009056281924131,5.313079532243137e-05,0.0001535938677079,0.0008524973970906,902.0,0.1629213483146067,59062.0,9052.598627328873,2.980472,4.200652,1.22018,3.827082278554738,0.0214392907791812,0.5008889999999999,0.5214012393755715,0.4785987606244286,0.0043867132153376,0.0090775705971562,-0.0015439999999999,0.0,0.0,,galvanostatic_10,40,1,0.3948127964202717,0,1.0256704278681912e-06,6.149640737742443e-07,1.0,0.0,1.0256704278681912e-06,-0.0022387532001633,0.0015249833274744,0.0,1.0,-5.1580873731763375e-06,3.513561586501026e-06,-5.1580873731763375e-06,5.1580873731763375e-06,1.0364658610186363e-06,-0.0022225016919114,0.2980769230769231,0.75,9100.682447876
cycle90_rank5_obj10,90.0,10_c2_x10_030723,5,5,10,4.077663353790309,control_multicycle_roi_candidate,810.7,383.05,715,287,907,479,192,96,64,4534,5439,8088.107421875,8080.40087890625,-7.70654296875,0.0836496129631996,0.08301991969347,-0.0006296932697296,0.2500000000000227,/scratch/u6hp/nsagar.u6hp/Alek_Jiho/derived/multi_cycle_roi_sequences/cycle90_rank5_obj10.npz,/scratch/u6hp/nsagar.u6hp/Alek_Jiho/derived/multi_cycle_roi_sequences/previews/cycle90_rank5_obj10.png,-0.0006296932697296,0.000129274445869,0.0641429983674943,-0.0013481126423007,0.0005615661425652,0.0034451767525464,-0.0008849904090317,-5.1184099308497935,-0.002632526845588,-2.4261367408939664e-05,16.56996570471646,0.9938643159284968,0.0115388622507452,0.0001403549831593,control,86.0,"particle0,particle1,particle2",3.0,0.1420951480652973,0.0786516853932584,12.399287527913966,synchronized_persistent_drop_low_frame_count,0.764701860494445,-0.0004634247695328,1,15.490260124206545,0.1630553752183914,0.7525526881217957,-0.0729861259460449,0.0169992446899414,4.05565357208252,3.9826674461364746,0.0009109161201195,0.0001292271672355,0.000365113589396,0.000781688952884,902.0,0.1629213483146067,59062.0,9052.598627328873,2.980472,4.200652,1.22018,3.827082278554738,0.0214392907791812,0.5008889999999999,0.5214012393755715,0.4785987606244286,0.0043867132153376,0.0090775705971562,-0.0015439999999999,0.0,0.0,,galvanostatic_10,40,1,0.441093831772718,0,3.901084779550993e-06,1.7171812752356888e-06,1.0,0.0,3.901084779550993e-06,0.0001561837930372,0.0012404607102246,0.5714285714285714,0.4285714285714285,3.5984745915784e-07,2.858021476357568e-06,3.5984745915784e-07,3.5984745915784e-07,3.966991111182056e-06,0.0001899251336688,0.5480769230769231,-0.5384615384615385,9100.682447876
cycle116_rank2_obj2,116.0,13_c2_x6_100723,1,2,2,5.324312767584873,event_multicycle_roi_candidate,1348.6176470588234,177.44117647058823,1253,81,1445,273,192,96,64,909,1818,8875.732421875,8868.9501953125,-6.7822265625,0.0760023072361946,0.0758116021752357,-0.0001907050609588,0.2499999999999317,/scratch/u6hp/nsagar.u6hp/Alek_Jiho/derived/multi_cycle_roi_sequences/cycle116_rank2_obj2.npz,/scratch/u6hp/nsagar.u6hp/Alek_Jiho/derived/multi_cycle_roi_sequences/previews/cycle116_rank2_obj2.png,-0.0001907050609588,6.681091285177656e-05,0.1257584590862138,0.0010485320551228,0.0002921973797123,-0.0014979029358897,-0.0003270387117376,-4.502959026747931,-0.0772574660931571,-0.0007120048075145,16.66769908041314,0.9979397222647064,0.0062811481766402,4.405506479088217e-05,event,116.0,"particle0,particle1,particle2",3.0,0.1917019578422557,0.0112359550561797,12.929917335181958,synchronized_persistent_drop_low_frame_count,1.2552609026042028,2.589131439578409e-05,1,6.978207111358643,0.073454812169075,0.4253008663654327,0.0313467979431152,0.0053635239601135,4.122920036315918,4.154266834259033,0.0002801262453431,4.219313711928408e-05,0.0001228923733833,0.0002379331082238,892.0,0.0112359550561797,70712.0,11946.889967679976,2.987808,4.401795,1.413987,3.903938643271297,0.0070410067032469,0.500889,0.5070285100124449,0.4929714899875551,0.0140925600871604,0.0614879205853238,0.0017360000000006,0.0,0.0,,galvanostatic_10,53,1,0.327267635710765,0,2.1037540208133585e-06,3.584897326314771e-07,1.0,0.0,2.1037540208133585e-06,-0.0004621559461591,0.0002288112704922,0.1428571428571428,0.8571428571428571,-1.0648072999505855e-06,5.271811672141926e-07,-1.663673262812137e-06,1.0648072999505855e-06,2.0974934819247705e-06,-0.0007329049353116,0.8173076923076923,0.4519230769230768,9126.745852742
cycle116_rank3_obj9,116.0,13_c2_x6_100723,1,3,9,5.098809654631046,event_multicycle_roi_candidate,820.927536231884,380.1159420289855,725,284,917,476,192,96,64,909,1818,8144.91845703125,8128.3359375,-16.58251953125,0.0768414735794067,0.0757836624979972,-0.0010578110814094,0.2499999999999317,/scratch/u6hp/nsagar.u6hp/Alek_Jiho/derived/multi_cycle_roi_sequences/cycle116_rank3_obj9.npz,/scratch/u6hp/nsagar.u6hp/Alek_Jiho/derived/multi_cycle_roi_sequences/previews/cycle116_rank3_obj9.png,-0.0010578110814094,0.0001684923639227,0.1713794850910993,-0.0050928699820251,0.000823874048859,0.0052426602756141,-0.001171052833725,0.9325434439177798,0.1015323921894472,0.0009357225264179,15.008846548535088,0.9963842900257248,0.0088681615889072,8.960809645941481e-05,event,116.0,"particle0,particle1,particle2",3.0,0.1917019578422557,0.0112359550561797,12.929917335181958,synchronized_persistent_drop_low_frame_count,1.2773770940661642,-0.0001916121872806,1,12.730328559875488,0.134003460407257,0.6409928202629089,-0.2780232429504394,-0.2225580215454101,4.712380409240723,4.434357166290283,0.0009781945482245,8.672821081745496e-05,0.0002484714777892,0.000891466337407,892.0,0.0112359550561797,70712.0,11946.889967679976,2.987808,4.401795,1.413987,3.903938643271297,0.0070410067032469,0.500889,0.5070285100124449,0.4929714899875551,0.0140925600871604,0.0614879205853238,0.0017360000000006,0.0,0.0,,galvanostatic_10,53,1,0.374989352071429,0,5.850943150305229e-06,2.3848762904707225e-06,1.0,0.0,5.850943150305229e-06,0.000928009623568,0.0015988638159894,0.5714285714285714,0.4285714285714285,2.138134172700789e-06,3.6837822320396447e-06,2.138134172700789e-06,2.138134172700789e-06,5.933619828633032e-06,0.0009594246116843,0.625,-0.2115384615384615,9126.745852742
cycle116_rank1_obj6,116.0,13_c2_x6_100723,1,1,6,5.030580641918212,event_multicycle_roi_candidate,1199.1515151515152,1088.4242424242425,1103,992,1295,1184,192,96,64,909,1818,8380.73828125,8359.5556640625,-21.1826171875,0.0784702599048614,0.0773056596517562,-0.0011646002531051,0.2499999999999317,/scratch/u6hp/nsagar.u6hp/Alek_Jiho/derived/multi_cycle_roi_sequences/cycle116_rank1_obj6.npz,/scratch/u6hp/nsagar.u6hp/Alek_Jiho/derived/multi_cycle_roi_sequences/previews/cycle116_rank1_obj6.png,-0.0011646002531051,0.0001368858498408,0.1253825832986415,-0.0047932893948472,0.0006227476587722,0.0014979029358897,-0.0007510158854526,-1.2488091205071896,0.0463747862336495,0.0004273900299293,13.642116228820912,0.9977164105512066,0.007475275080651,8.05146773927845e-05,event,116.0,"particle0,particle1,particle2",3.0,0.1917019578422557,0.0112359550561797,12.929917335181958,synchronized_persistent_drop_low_frame_count,1.108391242725916,-4.8077049369703184e-05,1,11.402716636657717,0.1200285926461219,0.4047080278396606,-0.0003882944583892,0.199317455291748,0.4235025346279144,0.4231142401695251,0.0019868600538757,7.79044924001937e-05,0.0002210542238572,0.0019089555614755,892.0,0.0112359550561797,70712.0,11946.889967679976,2.987808,4.401795,1.413987,3.903938643271297,0.0070410067032469,0.500889,0.5070285100124449,0.4929714899875551,0.0140925600871604,0.0614879205853238,0.0017360000000006,0.0,0.0,,galvanostatic_10,53,1,0.417334016646146,0,4.266589380884244e-06,7.585369224995461e-07,1.0,0.0,4.266589380884244e-06,-0.0004432946092543,0.0003701920220382,0.1428571428571428,0.8571428571428571,-1.0213507797221243e-06,8.529224187762178e-07,-3.095032074337184e-07,1.0213507797221243e-06,4.359122387255842e-06,-0.0001559011296127,0.8365384615384616,0.2596153846153846,9126.745852742
cycle116_rank5_obj43,116.0,13_c2_x6_100723,1,5,43,4.3043625905483625,event_multicycle_roi_candidate,1247.2,1177.6,1151,1008,1343,1200,192,96,64,909,1818,8631.3662109375,8609.0009765625,-22.365234375,0.0872716531157493,0.0860271751880645,-0.0012444779276847,0.2499999999999317,/scratch/u6hp/nsagar.u6hp/Alek_Jiho/derived/multi_cycle_roi_sequences/cycle116_rank5_obj43.npz,/scratch/u6hp/nsagar.u6hp/Alek_Jiho/derived/multi_cycle_roi_sequences/previews/cycle116_rank5_obj43.png,-0.0012444779276847,0.0001497953050452,0.1230313388063997,-0.0035949670461353,0.0004913416546505,0.0089874176153385,-0.0006285842677394,2.1146493237245068,-0.300684424723697,-0.0027711076582535,11.64690556073018,0.9973971209121252,0.0082485172897577,8.47303235786967e-05,event,116.0,"particle0,particle1,particle2",3.0,0.1917019578422557,0.0112359550561797,12.929917335181958,synchronized_persistent_drop_low_frame_count,1.1308900021649042,4.206349207174184e-05,1,8.830548286437988,0.0929531380534172,0.238384336233139,0.0164041519165039,0.008998692035675,-2.9863216876983643,-2.9699175357818604,0.0005391328777477,8.158118953360827e-05,0.0002336872553314,0.000457551688214,892.0,0.0112359550561797,70712.0,11946.889967679976,2.987808,4.401795,1.413987,3.903938643271297,0.0070410067032469,0.500889,0.5070285100124449,0.4929714899875551,0.0140925600871604,0.0614879205853238,0.0017360000000006,0.0,0.0,,galvanostatic_10,53,1,0.2910620753091719,0,3.392710374103412e-06,1.0941017283227117e-06,1.0,0.0,3.392710374103412e-06,-0.0023474452671773,0.0005032580058043,0.0,1.0,-5.408513895576632e-06,1.159506445373312e-06,-4.686320352656991e-06,5.408513895576632e-06,3.517782099111052e-06,-0.0020772175576792,0.6634615384615385,1.1923076923076923,9126.745852742
cycle116_rank7_obj37,116.0,13_c2_x6_100723,1,7,37,4.274566215478122,event_multicycle_roi_candidate,1255.090909090909,900.2727272727273,1159,804,1351,996,192,96,64,909,1818,8141.65380859375,8131.5537109375,-10.10009765625,0.1357792317867279,0.1347758322954177,-0.0010033994913101,0.2499999999999317,/scratch/u6hp/nsagar.u6hp/Alek_Jiho/derived/multi_cycle_roi_sequences/cycle116_rank7_obj37.npz,/scratch/u6hp/nsagar.u6hp/Alek_Jiho/derived/multi_cycle_roi_sequences/previews/cycle116_rank7_obj37.png,-0.0010033994913101,0.0001237591493178,0.109319538028252,-0.0050928699820251,0.000634201403749,0.0031455961653685,-0.0003818657999679,3.613081921806725,0.2918448315827678,0.0026896419678667,14.140438073434831,0.9925954112850586,0.0134157156571745,0.0002345116663491,event,116.0,"particle0,particle1,particle2",3.0,0.1917019578422557,0.0112359550561797,12.929917335181958,synchronized_persistent_drop_low_frame_count,1.32518717317117,0.0003295309914747,1,8.89575481414795,0.0936395227909088,0.305964857339859,-0.043210744857788,-0.0565834641456604,-2.3023149967193604,-2.3455257415771484,0.0021813608836964,0.0002327208612769,0.0006795939116273,0.0019486400224195,892.0,0.0112359550561797,70712.0,11946.889967679976,2.987808,4.401795,1.413987,3.903938643271297,0.0070410067032469,0.500889,0.5070285100124449,0.4929714899875551,0.0140925600871604,0.0614879205853238,0.0017360000000006,0.0,0.0,,galvanostatic_10,53,1,0.4520017192004048,0,4.3037461992517885e-06,1.3455076582567447e-06,1.0,0.0,4.3037461992517885e-06,0.0019916719088218,0.0006429216726149,1.0,0.0,4.588812077925554e-06,1.4812915337048528e-06,4.945665530777921e-06,4.588812077925554e-06,4.440626095020972e-06,0.0021575598659723,0.6826923076923077,0.9423076923076924,9126.745852742
cycle116_rank8_obj20,116.0,13_c2_x6_100723,1,8,20,4.20806016995098,event_multicycle_roi_candidate,88.47058823529412,1086.1176470588234,0,990,192,1182,192,96,64,909,1818,8550.890625,8555.021484375,4.130859375,0.1114286333322525,0.1116872653365135,0.000258632004261,0.2499999999999317,/scratch/u6hp/nsagar.u6hp/Alek_Jiho/derived/multi_cycle_roi_sequences/cycle116_rank8_obj20.npz,/scratch/u6hp/nsagar.u6hp/Alek_Jiho/derived/multi_cycle_roi_sequences/previews/cycle116_rank8_obj20.png,0.000258632004261,0.0001157364707385,0.1565272772222905,-0.0022468544038346,0.0002019116917633,0.0067405632115039,-0.0002211258633517,7.723209642387246,-0.3363119710567224,-0.0030994511252587,11.76322585498706,0.9932063481313108,0.0091136153787374,8.319666812894866e-05,event,116.0,"particle0,particle1,particle2",3.0,0.1917019578422557,0.0112359550561797,12.929917335181958,synchronized_persistent_drop_low_frame_count,1.0844116535413544,5.145228727107179e-05,1,7.290661334991455,0.0767438039183616,0.2808773815631866,-0.0088599920272827,-0.0992678627371788,-1.569733738899231,-1.5785937309265137,0.0003702758090184,8.027114972719573e-05,0.0002374139839957,0.0002900046592912,892.0,0.0112359550561797,70712.0,11946.889967679976,2.987808,4.401795,1.413987,3.903938643271297,0.0070410067032469,0.500889,0.5070285100124449,0.4929714899875551,0.0140925600871604,0.0614879205853238,0.0017360000000006,0.0,0.0,,galvanostatic_10,53,1,0.3278226942212407,0,1.4399750470114455e-06,4.494183925111356e-07,1.0,0.0,1.4399750470114455e-06,-0.0024156938552927,0.0014684328449135,0.0,1.0,-5.565758642594448e-06,3.38326927468087e-06,-5.565758642594448e-06,5.565758642594448e-06,1.2726331631607296e-06,-0.0024571630919288,0.528846153846154,0.8269230769230769,9126.745852742
cycle118_rank4_obj1,118.0,13_c2_x6_100723,3,4,1,5.013327036600357,control_multicycle_roi_candidate,586.0,232.0,490,136,682,328,192,96,64,2729,3637,8521.1181640625,8506.048828125,-15.0693359375,0.0879905819892883,0.0869606286287307,-0.0010299533605575,0.2500000000000227,/scratch/u6hp/nsagar.u6hp/Alek_Jiho/derived/multi_cycle_roi_sequences/cycle118_rank4_obj1.npz,/scratch/u6hp/nsagar.u6hp/Alek_Jiho/derived/multi_cycle_roi_sequences/previews/cycle118_rank4_obj1.png,-0.0010299533605575,6.571603075843298e-05,0.0444158748524786,-0.0103355302576392,0.0002322298233023,0.0092869982025164,-0.0004893218175872,-2.720128158257239,0.0867770715025407,0.0007997374909674,15.057543150809,0.9937530478484956,0.010174311697483,0.0001240610727109,control,116.0,"particle0,particle1,particle2",3.0,0.1917019578422557,0.0112359550561797,12.929917335181958,synchronized_persistent_drop_low_frame_count,1.1051828859084512,-0.0001242756586803,1,8.4025239944458,0.0884476229548454,0.4087950587272644,0.163620188832283,0.1252703666687011,-0.3042744398117065,-0.1406542509794235,0.0009674851116869,0.0001220415913394,0.0003541749820215,0.0008454435203475,899.0,0.0786516853932584,60597.0,11939.81216526033,2.965223,4.402181,1.4369579999999995,3.907195405317094,0.0171682831328283,0.500889,0.5171378121029094,0.4828621878970906,-0.0011793944181128,0.0049224374500083,0.0108099999999997,0.0,0.0,,galvanostatic_14,54,1,0.2352359734242547,0,1.7469335843534118e-06,4.016208704936307e-07,1.0,0.0,1.7469335843534118e-06,0.0008245699580654,0.0006352494807086,1.0,0.0,1.899809183382682e-06,1.4636148035527003e-06,1.899809183382682e-06,1.899809183382682e-06,1.7726224092626288e-06,0.0008010762822967,0.6634615384615385,0.6346153846153846,9129.33806254
cycle118_rank1_obj7,118.0,13_c2_x6_100723,3,1,7,4.326672628497259,control_multicycle_roi_candidate,1196.1739130434785,1087.304347826087,1100,991,1292,1183,192,96,64,2729,3637,8322.767578125,8307.140625,-15.626953125,0.0751232802867889,0.0741607248783111,-0.0009625554084777,0.2500000000000227,/scratch/u6hp/nsagar.u6hp/Alek_Jiho/derived/multi_cycle_roi_sequences/cycle118_rank1_obj7.npz,/scratch/u6hp/nsagar.u6hp/Alek_Jiho/derived/multi_cycle_roi_sequences/previews/cycle118_rank1_obj7.png,-0.0009625554084777,9.705775328690067e-05,0.06139026686467,-0.0052426602756141,0.0004458901768293,0.0095865787896944,-0.0005007275528545,9.607421520595151,0.0933060664733424,0.0008599087086183,12.86035542069292,0.9964270244395242,0.0079946294426918,8.05388845037669e-05,control,116.0,"particle0,particle1,particle2",3.0,0.1917019578422557,0.0112359550561797,12.929917335181958,synchronized_persistent_drop_low_frame_count,0.5779761010946141,-0.0001603300240653,1,10.875532150268556,0.1144792884588241,0.5088667869567871,0.0278493706136941,0.0480666160583496,-0.0334108881652355,-0.0055615175515413,0.001187518289953,7.777382484164264e-05,0.0002200137960244,0.0011097444651113,899.0,0.0786516853932584,60597.0,11939.81216526033,2.965223,4.402181,1.4369579999999995,3.907195405317094,0.0171682831328283,0.500889,0.5171378121029094,0.4828621878970906,-0.0011793944181128,0.0049224374500083,0.0108099999999997,0.0,0.0,,galvanostatic_14,54,1,0.3547538514236993,0,3.10732353202618e-06,5.499058424470702e-07,1.0,0.0,3.10732353202618e-06,0.0005197744654636,0.000665293491071,0.8571428571428571,0.1428571428571428,1.197560368428275e-06,1.53283620342773e-06,2.2012864438556477e-06,1.197560368428275e-06,2.9589306528320565e-06,0.0010208282402222,0.7980769230769231,0.048076923076923,9129.33806254
cycle118_rank2_obj2,118.0,13_c2_x6_100723,3,2,2,4.2813394428335565,control_multicycle_roi_candidate,1350.108527131783,177.95348837209303,1254,82,1446,274,192,96,64,2729,3637,8857.05859375,8842.12890625,-14.9296875,0.0756467431783676,0.0749798193573951,-0.0006669238209724,0.2500000000000227,/scratch/u6hp/nsagar.u6hp/Alek_Jiho/derived/multi_cycle_roi_sequences/cycle118_rank2_obj2.npz,/scratch/u6hp/nsagar.u6hp/Alek_Jiho/derived/multi_cycle_roi_sequences/previews/cycle118_rank2_obj2.png,-0.0006669238209724,4.367939650248254e-05,0.0561648437623036,-0.0008987417615338,0.0001456820341631,0.0016476932294787,-0.0002032148124493,-4.759106216771556,-0.0964423055147795,-0.0008888122876242,16.93253559876693,0.9968851229099654,0.0067950906231999,4.43779572378844e-05,control,116.0,"particle0,particle1,particle2",3.0,0.1917019578422557,0.0112359550561797,12.929917335181958,synchronized_persistent_drop_low_frame_count,0.5518909744846521,1.8527124616517745e-05,1,6.73250150680542,0.0708684399724006,0.4318374693393707,-0.3186790943145752,0.0071834921836853,3.506587505340576,3.187908411026001,0.0005581024543062,4.3143111952304025e-05,0.0001250097579941,0.0005149593423538,899.0,0.0786516853932584,60597.0,11939.81216526033,2.965223,4.402181,1.4369579999999995,3.907195405317094,0.0171682831328283,0.500889,0.5171378121029094,0.4828621878970906,-0.0011793944181128,0.0049224374500083,0.0108099999999997,0.0,0.0,,galvanostatic_14,54,1,0.2099131920646092,0,1.125334210668958e-06,1.01477761817093e-07,1.0,0.0,1.125334210668958e-06,-0.0005038621397852,0.000132204949951,0.0,1.0,-1.160898370065136e-06,3.046002046873083e-07,-1.160898370065136e-06,1.160898370065136e-06,1.029928630973606e-06,-0.0005450047753411,0.7596153846153846,0.9615384615384616,9129.33806254
cycle118_rank3_obj9,118.0,13_c2_x6_100723,3,3,9,4.255431422335417,control_multicycle_roi_candidate,820.2424242424242,379.8787878787879,724,284,916,476,192,96,64,2729,3637,8112.41845703125,8085.529296875,-26.88916015625,0.0737419798970222,0.0720736905932426,-0.0016682893037796,0.2500000000000227,/scratch/u6hp/nsagar.u6hp/Alek_Jiho/derived/multi_cycle_roi_sequences/cycle118_rank3_obj9.npz,/scratch/u6hp/nsagar.u6hp/Alek_Jiho/derived/multi_cycle_roi_sequences/previews/cycle118_rank3_obj9.png,-0.0016682893037796,0.0001242752345585,0.0920462425272541,-0.0089874176153385,0.0006060574261967,0.0068903535050928,-0.0008708515495888,5.036373183966475,0.0036585818428755,3.371749026394117e-05,15.814941887300185,0.9958874229816702,0.0089999083429574,8.807877020444721e-05,control,116.0,"particle0,particle1,particle2",3.0,0.1917019578422557,0.0112359550561797,12.929917335181958,synchronized_persistent_drop_low_frame_count,0.6340187053993103,0.0002160601566223,1,12.38547134399414,0.1303733885288238,0.6875506043434143,0.0314598083496093,0.0162653923034667,4.237678527832031,4.269138336181641,0.0009717589746287,8.593408324486518e-05,0.0002442161921862,0.0008858248913838,899.0,0.0786516853932584,60597.0,11939.81216526033,2.965223,4.402181,1.4369579999999995,3.907195405317094,0.0171682831328283,0.500889,0.5171378121029094,0.4828621878970906,-0.0011793944181128,0.0049224374500083,0.0108099999999997,0.0,0.0,,galvanostatic_14,54,1,0.3575615198446398,0,4.272308442180869e-06,1.7423690212767636e-06,1.0,0.0,4.272308442180869e-06,-9.698072506722186e-05,0.0008446829551389,0.4285714285714285,0.5714285714285714,-2.234435905548792e-07,1.9461495286400265e-06,-2.234435905548792e-07,2.234435905548792e-07,4.289463016824477e-06,-3.322476046023767e-05,0.5673076923076924,-0.4807692307692308,9129.33806254
cycle156_rank1_obj1,156.0,18_c2_xN_HighHighCOV_170723,0,1,1,5.881512080209022,event_multicycle_roi_candidate,1345.2307692307693,131.8041958041958,1249,36,1441,228,192,96,64,0,1938,8699.8134765625,9208.19140625,508.3779296875,0.0675278455018997,0.0837717950344085,0.0162439495325088,0.2121320343559321,/scratch/u6hp/nsagar.u6hp/Alek_Jiho/derived/multi_cycle_roi_sequences/cycle156_rank1_obj1.npz,/scratch/u6hp/nsagar.u6hp/Alek_Jiho/derived/multi_cycle_roi_sequences/previews/cycle156_rank1_obj1.png,0.0162439495325088,7.593291538729938e-05,0.0730772331573204,0.0784901138406231,0.0003471307751565,-0.0784901138406231,-0.0003430636669102,-65.85333010596173,-0.5083880361067881,-0.0046853041407601,15.075263690606723,0.9502910816470056,0.0293793994933366,6.444042810471728e-05,event,156.0,particle1,1.0,0.1656050955414012,0.9101123595505618,4.816527810967591,single_persistent_drop_needs_roi_qc,1.5087951450912631,8.666220301022266e-05,0,14.464882850646973,0.1522619277238845,3.290290355682373,1.575700759887695,-0.4765617549419403,3.755360126495361,5.331060886383057,0.0020570110864355,5.150665617748018e-05,0.0001146234908446,0.002005504430258,1246.0,0.9101123595505618,,,,,,,,,,,,,,5.0,2.0,0.7142857142857143,,82,1,0.5843474874465313,1,1.1776090872832927e-06,1.15019019444492e-07,1.0,0.0,1.1776090872832927e-06,-0.0013507407420961,0.0001590761333431,0.0,1.0,-3.1121066697894616e-06,3.665114112227093e-07,-3.327025486121976e-06,3.1121066697894616e-06,1.2240287880605443e-06,-0.0014269210036707,0.7596153846153847,1.3269230769230769,19462.04443982
cycle156_rank6_obj3,156.0,18_c2_xN_HighHighCOV_170723,0,6,3,5.14793840443715,event_multicycle_roi_candidate,1669.981981981982,145.04504504504504,1574,49,1766,241,192,96,64,0,1938,8077.177734375,8765.869140625,688.69140625,0.0687203034758567,0.0922144725918769,0.0234941691160202,0.2121320343559321,/scratch/u6hp/nsagar.u6hp/Alek_Jiho/derived/multi_cycle_roi_sequences/cycle156_rank6_obj3.npz,/scratch/u6hp/nsagar.u6hp/Alek_Jiho/derived/multi_cycle_roi_sequences/previews/cycle156_rank6_obj3.png,0.0234941691160202,0.0001111375208903,0.0710176977436535,0.1069502696225284,0.0005163444254966,-0.1057519472738166,-0.0003580598425939,-21.47435401669736,-0.0214227839533135,-0.0001974323769137,15.765657176316743,0.9400506417866396,0.0347931273281574,7.549088331870735e-05,event,156.0,particle1,1.0,0.1656050955414012,0.9101123595505618,4.816527810967591,single_persistent_drop_needs_roi_qc,1.4367926892737708,4.9933181466435456e-05,0,16.511253356933594,0.1738026738166809,4.805828094482422,-2.835005760192871,0.98815655708313,-8.413466453552246,-11.248472213745115,0.0021229291414783,5.79726806790859e-05,0.0001175146805962,0.0020649564607992,1246.0,0.9101123595505618,,,,,,,,,,,,,,5.0,2.0,0.7142857142857143,,82,1,0.5993433603403061,1,1.5749582287990145e-06,7.049344658030878e-08,1.0,0.0,1.5749582287990145e-06,-8.251104748910474e-05,0.0003486463708761,0.4285714285714285,0.5714285714285714,-1.9010545341489733e-07,8.032812384986586e-07,-1.954242773575927e-07,1.9010545341489733e-07,1.5633546172635945e-06,-7.998975456495689e-05,0.951923076923077,-0.1153846153846153,19462.04443982
cycle156_rank8_obj10,156.0,18_c2_xN_HighHighCOV_170723,0,8,10,5.095436512452073,event_multicycle_roi_candidate,1248.1333333333334,1131.8666666666666,1152,1008,1344,1200,192,96,64,0,1938,8709.4873046875,9517.55859375,808.0712890625,0.0660714954137802,0.0978640392422676,0.0317925438284873,0.2121320343559321,/scratch/u6hp/nsagar.u6hp/Alek_Jiho/derived/multi_cycle_roi_sequences/cycle156_rank8_obj10.npz,/scratch/u6hp/nsagar.u6hp/Alek_Jiho/derived/multi_cycle_roi_sequences/previews/cycle156_rank8_obj10.png,0.0317925438284873,0.0001556985238874,0.0755914268992444,0.1448472139005392,0.000640240339349,-0.1801977231875374,-0.0008557422081613,-29.85963089818165,-0.3418101631460031,-0.0031501224635535,15.576933358027729,0.9025044705929468,0.0451471470296382,0.0001346267963526,event,156.0,particle1,1.0,0.1656050955414012,0.9101123595505618,4.816527810967591,single_persistent_drop_needs_roi_qc,1.5796474218170364,0.0001345364546228,0,19.65669822692871,0.2069126069545745,4.554489612579346,0.0394539833068847,-0.3021541535854339,-2.763579845428467,-2.724125862121582,0.0020590926087606,9.961399871372124e-05,0.0001821913783714,0.0019594786100468,1246.0,0.9101123595505618,,,,,,,,,,,,,,5.0,2.0,0.7142857142857143,,82,1,0.4886258774250446,0,2.061299875560459e-06,1.1098365134817506e-06,1.0,0.0,2.061299875560459e-06,-0.0008894829265753,0.0003255905781083,0.0,1.0,-2.049368662829508e-06,7.501606919616639e-07,-2.335959439199004e-06,2.049368662829508e-06,2.0922362594569272e-06,-0.0010051050787147,0.4134615384615384,1.0,19462.04443982
cycle156_rank2_obj2,156.0,18_c2_xN_HighHighCOV_170723,0,2,2,5.093610228639238,event_multicycle_roi_candidate,1201.4545454545455,1053.7662337662337,1105,958,1297,1150,192,96,64,0,1938,8426.708984375,9295.8203125,869.111328125,0.0654444694519043,0.0999456122517585,0.0345011427998542,0.2121320343559321,/scratch/u6hp/nsagar.u6hp/Alek_Jiho/derived/multi_cycle_roi_sequences/cycle156_rank2_obj2.npz,/scratch/u6hp/nsagar.u6hp/Alek_Jiho/derived/multi_cycle_roi_sequences/previews/cycle156_rank2_obj2.png,0.0345011427998542,0.0001770326280932,0.0857996298128277,0.2106051527860994,0.0010449244683816,-0.1503894547633313,-0.0007282661416873,37.24395134331383,0.3089318474838962,0.0028471159064115,19.314048208127144,0.9114002644646184,0.0450971163809299,0.0001306121412198,event,156.0,particle1,1.0,0.1656050955414012,0.9101123595505618,4.816527810967591,single_persistent_drop_needs_roi_qc,1.2118362385241466,0.0002177126664658,0,19.32914924621582,0.2034647315740585,4.170186996459961,0.3432187139987945,-1.929992198944092,-0.091125763952732,0.252092957496643,0.0045668972015846,9.607309118564444e-05,0.000174000942934,0.0044708241103989,1246.0,0.9101123595505618,,,,,,,,,,,,,,5.0,2.0,0.7142857142857143,,82,1,0.6908109934975067,1,3.2426969483629712e-06,5.739964952655868e-07,1.0,0.0,3.2426969483629712e-06,0.0008353240720802,0.0006072810884611,1.0,0.0,1.924586662072925e-06,1.3991756278143905e-06,1.924586662072925e-06,1.924586662072925e-06,3.2401072851020117e-06,0.000831559993453,0.7788461538461539,0.6730769230769231,19462.04443982
cycle156_rank5_obj4,156.0,18_c2_xN_HighHighCOV_170723,0,5,4,5.045443781614695,event_multicycle_roi_candidate,817.5632183908046,333.5632183908046,722,238,914,430,192,96,64,0,1938,8218.455078125,8954.64453125,736.189453125,0.0621360726654529,0.0971231833100318,0.0349871106445789,0.2121320343559321,/scratch/u6hp/nsagar.u6hp/Alek_Jiho/derived/multi_cycle_roi_sequences/cycle156_rank5_obj4.npz,/scratch/u6hp/nsagar.u6hp/Alek_Jiho/derived/multi_cycle_roi_sequences/previews/cycle156_rank5_obj4.png,0.0349871106445789,0.0001795578469102,0.084183574814678,0.2041641701617735,0.0010660384527595,-0.2207908927501498,-0.0010382545480283,21.71573539249698,0.0338175842424171,0.0003116628563781,16.219660012314566,0.8783240136194344,0.0476807802915573,0.0001373397390125,event,156.0,particle1,1.0,0.1656050955414012,0.9101123595505618,4.816527810967591,single_persistent_drop_needs_roi_qc,1.3097972948929866,0.0003479716831246,0,19.836877822875977,0.2088092416524887,4.641040802001953,2.677000045776367,2.0403871536254883,3.0173134803771973,5.6943135261535645,0.0029440823709592,0.0001043279169152,0.0002057212327599,0.002839754454044,1246.0,0.9101123595505618,,,,,,,,,,,,,,5.0,2.0,0.7142857142857143,,82,1,0.617199114704443,1,3.2914086999456537e-06,8.746325131199138e-07,1.0,0.0,3.2914086999456537e-06,0.0002270623352,0.0004015435857248,0.7142857142857143,0.2857142857142857,5.231516203009118e-07,9.251564215099512e-07,5.231516203009118e-07,5.231516203009118e-07,3.218886957833528e-06,0.0002272666860125,0.6826923076923077,0.0288461538461538,19462.04443982
cycle156_rank7_obj27,156.0,18_c2_xN_HighHighCOV_170723,0,7,27,4.90045527121776,event_multicycle_roi_candidate,1249.4246575342463,859.6164383561644,1153,764,1345,956,192,96,64,0,1938,8178.92724609375,8548.2392578125,369.31201171875,0.1208673864603042,0.16012042760849,0.0392530411481857,0.2121320343559321,/scratch/u6hp/nsagar.u6hp/Alek_Jiho/derived/multi_cycle_roi_sequences/cycle156_rank7_obj27.npz,/scratch/u6hp/nsagar.u6hp/Alek_Jiho/derived/multi_cycle_roi_sequences/previews/cycle156_rank7_obj27.png,0.0392530411481857,0.000132915228537,0.029768146606905,0.1682144997004194,0.0005926764343106,-0.121629718394248,-0.0005674233271222,36.24219141443086,0.154991754455776,0.0014284040090644,14.417681190373068,0.8532969442834611,0.060917392373085,0.0003313284832984,event,156.0,particle1,1.0,0.1656050955414012,0.9101123595505618,4.816527810967591,single_persistent_drop_needs_roi_qc,1.6668088838929638,0.000361101057353,0,22.51093482971192,0.2369572073221206,3.542245864868164,0.1022238731384277,0.5746428370475769,-2.1608965396881104,-2.0586726665496826,0.0050170989125035,0.0002836388389368,0.0006734259677614,0.0047334600735667,1246.0,0.9101123595505618,,,,,,,,,,,,,,5.0,2.0,0.7142857142857143,,82,1,0.6159223534161083,1,1.891584956018593e-06,3.6588009984111915e-07,1.0,0.0,1.891584956018593e-06,0.0005678455349126,0.0002072853605208,1.0,0.0,1.3083161124387798e-06,4.775854706401186e-07,1.138772978787448e-06,1.3083161124387798e-06,1.8880955991724864e-06,0.0004398281514008,0.701923076923077,0.9807692307692308,19462.04443982
cycle157_rank1_obj1,157.0,18_c2_xN_HighHighCOV_170723,1,1,1,5.056884750693399,control_multicycle_roi_candidate,1346.1146496815286,126.62420382165604,1250,31,1442,223,192,96,64,1939,3877,9191.341796875,8822.22265625,-369.119140625,0.0847729295492172,0.0741302669048309,-0.0106426626443862,0.2236067977499789,/scratch/u6hp/nsagar.u6hp/Alek_Jiho/derived/multi_cycle_roi_sequences/cycle157_rank1_obj1.npz,/scratch/u6hp/nsagar.u6hp/Alek_Jiho/derived/multi_cycle_roi_sequences/previews/cycle157_rank1_obj1.png,-0.0106426626443862,-5.120252695739695e-05,0.0405888408869183,-0.0503295386458957,-0.0002792759093313,0.0398442180946674,0.0001788224507667,62.57726095141652,0.1819983991267633,0.0016772972463522,16.466804633732526,0.930472759611544,0.0254502426832914,5.64365582249593e-05,control,156.0,particle1,1.0,0.1656050955414012,0.9101123595505618,4.816527810967591,single_persistent_drop_needs_roi_qc,0.9462923571539248,9.42143912560918e-05,0,13.399641036987305,0.1410488486289978,2.2648887634277344,-0.3211350440979004,0.2721683084964752,5.27946138381958,4.95832633972168,0.0005587476607615,4.258484125330142e-05,0.0001110202854306,0.0005161628195081,1219.0,0.7696629213483146,,,,,,,,,,,,,,6.0,1.0,0.8571428571428571,,82,1,0.515400604476858,1,-7.900122770612939e-07,9.056658814814837e-08,0.0,1.0,7.900122770612939e-07,0.000494016051517,0.0005017285910055,0.7142857142857143,0.2857142857142857,1.1382129826953457e-06,1.1559826736767094e-06,1.238747464701779e-06,1.1382129826953457e-06,-8.480387836220166e-07,0.0005655857957923,0.701923076923077,0.0865384615384615,19505.143994464
cycle157_rank4_obj8,157.0,18_c2_xN_HighHighCOV_170723,1,4,8,4.446061746000481,control_multicycle_roi_candidate,579.5471698113207,178.9433962264151,484,83,676,275,192,96,64,1939,3877,9008.140625,8650.265625,-357.875,0.1093101352453231,0.0898286402225494,-0.0194814950227737,0.2236067977499789,/scratch/u6hp/nsagar.u6hp/Alek_Jiho/derived/multi_cycle_roi_sequences/cycle157_rank4_obj8.npz,/scratch/u6hp/nsagar.u6hp/Alek_Jiho/derived/multi_cycle_roi_sequences/previews/cycle157_rank4_obj8.png,-0.0194814950227737,-8.59235515715654e-05,0.0362639902518131,-0.0620131815458358,-0.0003062436490012,0.0996105452366686,0.0004413052495736,7.256124005571564,0.1351401289044431,0.0012454514279833,19.744774286796662,0.897057367706484,0.0359251163899898,0.0001364448253298,control,156.0,particle1,1.0,0.1656050955414012,0.9101123595505618,4.816527810967591,single_persistent_drop_needs_roi_qc,0.8642722258468417,-0.0001783003742465,0,16.701753616333008,0.1758079379796981,2.8492655754089355,-0.766016960144043,0.3030931949615478,-2.721702814102173,-3.487719774246216,0.0012521339504019,0.0001044129392084,0.0002812449056364,0.0011477210111935,1219.0,0.7696629213483146,,,,,,,,,,,,,,6.0,1.0,0.8571428571428571,,82,1,0.4609113884887687,0,-8.290821590338369e-07,2.1532123987680318e-07,0.0,1.0,8.290821590338369e-07,0.000521973967084,0.0002794725350963,1.0,0.0,1.2026280201615871e-06,6.439047208620558e-07,1.4725518102318024e-06,1.2026280201615871e-06,-8.408768428074178e-07,0.000639168220121,0.5096153846153847,0.8653846153846154,19505.143994464
cycle157_rank2_obj2,157.0,18_c2_xN_HighHighCOV_170723,1,2,2,4.370068954195929,control_multicycle_roi_candidate,1195.9157894736843,1049.3473684210526,1100,953,1292,1145,192,96,64,1939,3877,9242.81640625,8592.73828125,-650.078125,0.0983894318342208,0.073975533246994,-0.0244138985872268,0.2236067977499789,/scratch/u6hp/nsagar.u6hp/Alek_Jiho/derived/multi_cycle_roi_sequences/cycle157_rank2_obj2.npz,/scratch/u6hp/nsagar.u6hp/Alek_Jiho/derived/multi_cycle_roi_sequences/previews/cycle157_rank2_obj2.png,-0.0244138985872268,-0.0001056945613234,0.0375359852161533,-0.1211803475134811,-0.0005362067281629,0.1129418813660874,0.0005231583749783,-52.37027335691812,-0.2654840366721739,-0.0024467008819707,20.81677127469925,0.8891612115147007,0.0363658368587493,0.0001003126526484,control,156.0,particle1,1.0,0.1656050955414012,0.9101123595505618,4.816527810967591,single_persistent_drop_needs_roi_qc,0.6756360226257907,-0.0003688747242856,0,19.71229362487793,0.2074978202581405,3.989521026611328,0.1971363723278045,2.6886210441589355,-0.4758031964302063,-0.2786668241024017,0.0020318849892646,6.415887264665798e-05,0.0001509139945028,0.0019677261166179,1219.0,0.7696629213483146,,,,,,,,,,,,,,6.0,1.0,0.8571428571428571,,82,1,0.4809435863124787,0,-1.6634062865670877e-06,6.269793883581203e-07,0.0,1.0,1.6634062865670877e-06,-0.0007980537448254,0.0003094892468462,0.0,1.0,-1.838715828077807e-06,7.130632247337635e-07,-1.838715828077807e-06,1.838715828077807e-06,-1.643554405520997e-06,-0.0007391124803017,0.451923076923077,0.9423076923076924,19505.143994464
cycle157_rank6_obj3,157.0,18_c2_xN_HighHighCOV_170723,1,6,3,4.265081182236891,control_multicycle_roi_candidate,1670.5882352941176,144.57142857142858,1575,49,1767,241,192,96,64,1939,3877,8761.51171875,8254.6328125,-506.87890625,0.0939787328243255,0.078283816576004,-0.0156949162483215,0.2236067977499789,/scratch/u6hp/nsagar.u6hp/Alek_Jiho/derived/multi_cycle_roi_sequences/cycle157_rank6_obj3.npz,/scratch/u6hp/nsagar.u6hp/Alek_Jiho/derived/multi_cycle_roi_sequences/previews/cycle157_rank6_obj3.png,-0.0156949162483215,-7.432338836237863e-05,0.0374398914373207,-0.0741461953265428,-0.000390781888872,0.0573696824445775,0.0003425012674563,21.60569985388861,0.0145726351004687,0.0001343014050859,18.52862410457389,0.9426994291705862,0.0280348360538482,6.352157652145252e-05,control,156.0,particle1,1.0,0.1656050955414012,0.9101123595505618,4.816527810967591,single_persistent_drop_needs_roi_qc,0.7929458469284842,-0.0001588091189099,0,16.670387268066406,0.1754777580499649,2.68511962890625,1.141688346862793,0.0085954666137695,-11.310749053955078,-10.169060707092283,0.0011813086239271,4.4747345555151696e-05,0.000109559427301,0.0011365612783719,1219.0,0.7696629213483146,,,,,,,,,,,,,,6.0,1.0,0.8571428571428571,,82,1,0.526432304250126,1,-1.1695060941056213e-06,1.1426309493337152e-07,0.0,1.0,1.1695060941056213e-06,-6.077370130756478e-06,0.0005864980324687,0.1428571428571428,0.8571428571428571,-1.4002260781262924e-08,1.3512914668079105e-06,-2.010778328048973e-09,1.4002260781262924e-08,-1.1202636625647607e-06,-2.0227527822042124e-05,0.7596153846153847,-0.1634615384615385,19505.143994464
cycle158_rank6_obj3,158.0,18_c2_xN_HighHighCOV_170723,2,6,3,5.3452399511153725,control_multicycle_roi_candidate,1670.0884955752213,145.4513274336283,1574,49,1766,241,192,96,64,3878,5817,8258.9228515625,8410.654296875,151.7314453125,0.0729568228125572,0.0780672058463096,0.0051103830337524,0.2499999999999317,/scratch/u6hp/nsagar.u6hp/Alek_Jiho/derived/multi_cycle_roi_sequences/cycle158_rank6_obj3.npz,/scratch/u6hp/nsagar.u6hp/Alek_Jiho/derived/multi_cycle_roi_sequences/previews/cycle158_rank6_obj3.png,0.0051103830337524,3.107146653363748e-05,0.0067432874363578,0.0155781905332534,8.406157204089966e-05,-0.0005991611743559,-4.737872473043169e-05,-31.58956045683931,-0.2523762690657619,-0.00232589969571,19.302541416408893,0.9775091806012308,0.0169181134551763,0.0001570146705489,control,156.0,particle1,1.0,0.1656050955414012,0.9101123595505618,4.816527810967591,single_persistent_drop_needs_roi_qc,1.5361833653905674,-0.00018406116264,0,23.117168426513672,0.2433386147022247,1.414961338043213,-0.5401935577392578,0.2327332496643066,-9.532721519470217,-10.072915077209473,0.0025926572234311,0.0001648223635584,0.0002858145182926,0.0024278348598726,1219.0,0.7696629213483146,,,,,,,,,,,,,,7.0,0.0,1.0,,82,1,0.4692214117048633,0,3.1667577977881e-07,1.346517109145743e-07,1.0,0.0,3.1667577977881e-07,-0.0006026708117096,0.0002881968991819,0.0,1.0,-1.3885535501791292e-06,6.640056557152598e-07,-2.1489587162701457e-06,1.3885535501791292e-06,1.2133303726544212e-07,-0.0009088346463699,0.4903846153846154,0.923076923076923,19531.183546792
cycle158_rank1_obj2,158.0,18_c2_xN_HighHighCOV_170723,2,1,2,4.934436160019414,control_multicycle_roi_candidate,1345.6046511627908,128.41860465116278,1250,32,1442,224,192,96,64,3878,5817,8823.33203125,8933.904296875,110.572265625,0.0708280876278877,0.0741736218333244,0.0033455342054367,0.2499999999999317,/scratch/u6hp/nsagar.u6hp/Alek_Jiho/derived/multi_cycle_roi_sequences/cycle158_rank1_obj2.npz,/scratch/u6hp/nsagar.u6hp/Alek_Jiho/derived/multi_cycle_roi_sequences/previews/cycle158_rank1_obj2.png,0.0033455342054367,1.9744114656915987e-05,0.0060218629726844,0.0194727381665668,4.742673443991416e-05,-0.0022468544038346,-3.515682440188362e-05,-51.33551385753663,-0.3129932817192483,-0.0028845460843245,18.229221350713825,0.968946776006864,0.0165940001606941,0.0001326182973571,control,156.0,particle1,1.0,0.1656050955414012,0.9101123595505618,4.816527810967591,single_persistent_drop_needs_roi_qc,0.8210227064111154,4.313350247664821e-05,0,20.0671615600586,0.2112332731485366,2.030465841293335,0.0821471214294433,0.0092741250991821,4.7596211433410645,4.841768264770508,0.001060962147676,0.0001406461511805,0.00024923778642,0.0009203159964955,1219.0,0.7696629213483146,,,,,,,,,,,,,,7.0,0.0,1.0,,82,1,0.3462310499137648,0,7.846433540920067e-08,2.642788298164304e-07,0.7142857142857143,0.2857142857142857,7.846433540920067e-08,-0.0011592083711711,0.0005453775558906,0.0,1.0,-2.6708160871783503e-06,1.2565498887720352e-06,-2.6708160871783503e-06,2.6708160871783503e-06,5.58127012614153e-08,-0.0011848541928671,-0.2307692307692307,0.8846153846153846,19531.183546792
cycle158_rank4_obj8,158.0,18_c2_xN_HighHighCOV_170723,2,4,8,4.680398202469608,control_multicycle_roi_candidate,581.010101010101,179.07070707070707,485,83,677,275,192,96,64,3878,5817,8654.150390625,8757.1767578125,103.0263671875,0.0854007750749588,0.0908047407865524,0.0054039657115936,0.2499999999999317,/scratch/u6hp/nsagar.u6hp/Alek_Jiho/derived/multi_cycle_roi_sequences/cycle158_rank4_obj8.npz,/scratch/u6hp/nsagar.u6hp/Alek_Jiho/derived/multi_cycle_roi_sequences/previews/cycle158_rank4_obj8.png,0.0054039657115936,4.058858830031508e-05,0.0086216173781379,0.0203714799281006,2.6316179326966413e-05,-0.0262133013780707,-0.0002596948063919,-31.68833817706001,-0.3217386134146422,-0.0029651430612293,22.71301999958255,0.9578880284728652,0.0207408517599105,0.000332863710355,control,156.0,particle1,1.0,0.1656050955414012,0.9101123595505618,4.816527810967591,single_persistent_drop_needs_roi_qc,1.010899066972006,0.0001401779046497,0,28.14414405822754,0.2962541580200195,1.2180750370025637,-0.0775225162506103,0.0718247890472412,-3.2241692543029785,-3.301691770553589,0.0020237407843524,0.0003484135547751,0.0006214074655872,0.0016753272295772,1219.0,0.7696629213483146,,,,,,,,,,,,,,7.0,0.0,1.0,,82,1,0.3504403693794133,0,1.6216343799173324e-07,9.390118138085665e-08,1.0,0.0,1.6216343799173324e-07,-0.0009793283198688,0.0008454989061768,0.0,1.0,-2.256372448977836e-06,1.948029479831394e-06,-2.256372448977836e-06,2.256372448977836e-06,1.117169005060958e-07,-0.0010033147177767,0.5288461538461539,0.6346153846153846,19531.183546792
cycle158_rank2_obj1,158.0,18_c2_xN_HighHighCOV_170723,2,2,1,4.565168403238116,control_multicycle_roi_candidate,1196.9032258064517,1048.9032258064517,1101,953,1293,1145,192,96,64,3878,5817,8600.0107421875,8824.365234375,224.3544921875,0.0687731802463531,0.07765544205904,0.0088822618126869,0.2499999999999317,/scratch/u6hp/nsagar.u6hp/Alek_Jiho/derived/multi_cycle_roi_sequences/cycle158_rank2_obj1.npz,/scratch/u6hp/nsagar.u6hp/Alek_Jiho/derived/multi_cycle_roi_sequences/previews/cycle158_rank2_obj1.png,0.0088822618126869,5.592031859803073e-05,0.0116078518471225,0.0489814260035949,0.0002746326845712,-0.0411923307369682,-0.0001947719621101,11.950066627404908,-0.0071607918778047,-6.599385794584869e-05,20.22265912457888,0.9617807398224266,0.0186333432793617,0.000292597716907,control,156.0,particle1,1.0,0.1656050955414012,0.9101123595505618,4.816527810967591,single_persistent_drop_needs_roi_qc,0.7788033639340246,0.0002693341677908,0,26.11067581176757,0.2748492062091827,1.984431266784668,-0.1465176045894622,-1.2254962921142578,-0.3277167677879333,-0.4742343723773956,0.0025905270777002,0.0002912686506988,0.0004585671251788,0.0022992584270014,1219.0,0.7696629213483146,,,,,,,,,,,,,,7.0,0.0,1.0,,82,1,0.5517012513476061,1,8.828026430016701e-07,1.5502480792444486e-07,1.0,0.0,8.828026430016701e-07,1.441059534302012e-05,0.0001304845475924,0.7142857142857143,0.2857142857142857,3.3202011670318365e-08,3.006363976530444e-07,3.3202011670318365e-08,3.3202011670318365e-08,8.978770997144819e-07,3.133530190303365e-05,0.6057692307692308,0.2403846153846154,19531.183546792
