roi_id,cycleNo,source_stem,local_cycle_index,front_candidate_rank,object_candidate_rank,validation_score,validation_label,object_x_full_approx,object_y_full_approx,crop_x0,crop_y0,crop_x1,crop_y1,crop_size_full,output_size,n_frames,first_frame_index,last_frame_index,roi_mean_first,roi_mean_last,roi_mean_delta_last_minus_first,roi_norm_mean_first,roi_norm_mean_last,roi_norm_mean_delta_last_minus_first,stage_drift_xy_sampled,npz_path,preview_png,roi_norm_mean_delta,roi_norm_mean_slope,roi_norm_mean_slope_r2,high_fraction_delta,high_fraction_slope,low_fraction_delta,low_fraction_slope,high_radius2_delta_px2,high_radius2_slope_px2_per_frame,high_radius2_slope_um2_per_frame,centroid_path_px,first_last_corr,cumulative_abs_norm_change,temporal_diff_energy,cohort_role,event_reference_cycle,event_particles,n_event_particles,mean_drop_frac,global_frame_percentile,evidence_score,degradation_mode_hypothesis,front_quality_score,apparent_diffusion_proxy_ds_px2_per_frame,is_synchronized_reference,latent_path_length,latent_mean_step,latent_net_displacement,latent_component0_delta,latent_component1_delta,low_rank_dmd_mae,persistence_mae,velocity_mae,low_rank_dmd_mse,persistence_mse,velocity_mse,low_rank_dmd_ssim,persistence_ssim,velocity_ssim,dmd_minus_persistence_mse,velocity_minus_persistence_mse,target_event_roi
cycle58_rank6_obj29,58.0,7_c2_x10_290623,3,6,29,4.995734664947042,control_multicycle_roi_candidate,1236.076923076923,846.9230769230769,1140,751,1332,943,192,96,64,2761,3681,8088.73681640625,8089.982421875,1.24560546875,0.1193166598677635,0.1194778978824615,0.000161238014698,0.2236067977500298,/scratch/u6hp/nsagar.u6hp/Alek_Jiho/derived/multi_cycle_roi_sequences/cycle58_rank6_obj29.npz,/scratch/u6hp/nsagar.u6hp/Alek_Jiho/derived/multi_cycle_roi_sequences/previews/cycle58_rank6_obj29.png,0.000161238014698,7.880005777400779e-05,0.0421649938687431,0.0008987417615338,0.0003044329971007,-0.0010485320551228,-0.0002347743379049,-3.930498662891296,0.0415448244868187,0.0003828771024705,14.941565014320046,0.9707391341919096,0.0224304478615522,0.000304836052237,control,60.0,particle3,1.0,0.1707317073170731,0.3707865168539326,5.37722440775176,single_persistent_drop_needs_roi_qc,1.6155277307729818,0.0003492805402585,0,17.378150939941406,0.1829279065132141,0.960981011390686,0.0238394737243652,0.2176094949245453,0.0336531223147176,0.0130251364898867,0.0218410589732229,0.0026638595700205,0.0003359078732501,0.0009004953153635,0.7631442938831543,0.931807892439703,0.8384515098920616,0.0023279516967704,0.0005645874421134,0
cycle58_rank4_obj2,58.0,7_c2_x10_290623,3,4,2,4.914744204591446,control_multicycle_roi_candidate,568.421052631579,176.8421052631579,472,81,664,273,192,96,64,2761,3681,8476.3818359375,8475.8076171875,-0.57421875,0.0878511443734169,0.0878535881638526,2.443790435791016e-06,0.2236067977500298,/scratch/u6hp/nsagar.u6hp/Alek_Jiho/derived/multi_cycle_roi_sequences/cycle58_rank4_obj2.npz,/scratch/u6hp/nsagar.u6hp/Alek_Jiho/derived/multi_cycle_roi_sequences/previews/cycle58_rank4_obj2.png,2.443790435791016e-06,5.4117082703462667e-05,0.0398275410874648,0.0010485320551228,0.0002032833977486,0.0010485320551227,-0.0003965327662152,2.997070802371468,0.1923723858461132,0.0017729039079577,16.87151138873078,0.977566244044376,0.0155611932277679,0.0001362958864774,control,60.0,particle3,1.0,0.1707317073170731,0.3707865168539326,5.37722440775176,single_persistent_drop_needs_roi_qc,1.1091514494562902,-0.0004637138116359,0,13.285588264465332,0.1398482918739318,0.7766522765159607,0.1833696365356445,0.1705983877182006,0.0221476855222135,0.0085757102351635,0.0145263978047296,0.0011775178263633,0.000146795786577,0.0003992754691353,0.8287720522560568,0.9623391170350168,0.9016611700225622,0.0010307220397862999,0.0002524796825583,0
cycle58_rank1_obj1,58.0,7_c2_x10_290623,3,1,1,4.759075493154626,control_multicycle_roi_candidate,1326.2222222222222,117.88888888888889,1230,22,1422,214,192,96,64,2761,3681,8721.216796875,8718.95703125,-2.259765625,0.0734227523207664,0.0732854008674621,-0.0001373514533042,0.2236067977500298,/scratch/u6hp/nsagar.u6hp/Alek_Jiho/derived/multi_cycle_roi_sequences/cycle58_rank1_obj1.npz,/scratch/u6hp/nsagar.u6hp/Alek_Jiho/derived/multi_cycle_roi_sequences/previews/cycle58_rank1_obj1.png,-0.0001373514533042,2.7305927919053448e-05,0.0180118185357598,0.0001497902935889,9.991506396539384e-05,0.0026962252846015,-6.372603080961446e-05,-6.451802622634887,-0.2084865551543176,-0.0019214120923021,17.130788609101,0.9835698918782796,0.0118882227689027,5.518575926544145e-05,control,60.0,particle3,1.0,0.1707317073170731,0.3707865168539326,5.37722440775176,single_persistent_drop_needs_roi_qc,0.7330214581610461,-3.551275259375952e-05,0,9.919602394104004,0.1044168695807457,1.1493642330169678,0.4538221359252929,-0.025086760520935,0.0128022286517079,0.0054298640025081,0.0091273409198038,0.0005076756733615,5.8548513379719225e-05,0.000157101557761,0.917164437031592,0.9772535194003564,0.9388819238111192,0.00044912715998178076,9.855304438128077e-05,0
cycle58_rank3_obj9,58.0,7_c2_x10_290623,3,3,9,4.475129312169529,control_multicycle_roi_candidate,802.0759493670886,327.746835443038,706,232,898,424,192,96,64,2761,3681,8284.15234375,8284.4931640625,0.3408203125,0.0804646834731102,0.0803442969918251,-0.000120386481285,0.2236067977500298,/scratch/u6hp/nsagar.u6hp/Alek_Jiho/derived/multi_cycle_roi_sequences/cycle58_rank3_obj9.npz,/scratch/u6hp/nsagar.u6hp/Alek_Jiho/derived/multi_cycle_roi_sequences/previews/cycle58_rank3_obj9.png,-0.000120386481285,0.0001165961212181,0.0978367583232251,0.0002995805871779,0.0005099111244258,0.005692031156381,-0.0006600992127505,-8.472904103372116,-0.1659274001510011,-0.0015291869197916,16.36139509702319,0.9791810521409502,0.0161124151200056,0.0001394746941514,control,60.0,particle3,1.0,0.1707317073170731,0.3707865168539326,5.37722440775176,single_persistent_drop_needs_roi_qc,0.8161872484866202,0.0002580614020299,0,25.56525230407715,0.2691079080104828,1.8161002397537231,0.0930852890014648,-0.1431903839111328,0.0250968188047409,0.0080464938364457,0.0134376922214869,0.0020956602420483,0.0001574423124566,0.000403045690291,0.8039526847608238,0.9625156517469404,0.903166978109145,0.0019382179295917,0.0002456033778344,0
cycle60_rank3_obj9,60.0,7_c2_x10_290623,5,3,9,6.866497919843912,event_multicycle_roi_candidate,800.7027027027027,321.94594594594594,705,226,897,418,192,96,64,4603,5522,8284.15234375,8284.173828125,0.021484375,0.0795613974332809,0.0796813443303108,0.0001199468970298,0.1802775637732877,/scratch/u6hp/nsagar.u6hp/Alek_Jiho/derived/multi_cycle_roi_sequences/cycle60_rank3_obj9.npz,/scratch/u6hp/nsagar.u6hp/Alek_Jiho/derived/multi_cycle_roi_sequences/previews/cycle60_rank3_obj9.png,0.0001199468970298,0.0001182765647045,0.1024699546481452,0.0046434991012582,0.0005337170817997,-0.0016476932294787,-0.0006836102533376,-7.833902090168067,-0.425965870602505,-0.0039257014634726,15.86376250219266,0.8693913322247689,0.0359024070203304,0.0001272370427614,event,60.0,particle3,1.0,0.1707317073170731,0.3707865168539326,5.37722440775176,single_persistent_drop_needs_roi_qc,2.4945534720369364,0.0004867846454059,0,22.6298942565918,0.2382094115018844,4.303770542144775,0.7857608795166016,0.9693689346313475,0.0237513482570648,0.0078099050442688,0.0129239688685629,0.001943252125784,0.0001236483637967,0.000322759653045,0.8229424789639328,0.9650335176424756,0.9086497895848464,0.0018196037619873,0.0001991112892483,1
cycle60_rank1_obj1,60.0,7_c2_x10_290623,5,1,1,6.474067665989688,event_multicycle_roi_candidate,1330.3188405797102,115.18840579710144,1234,19,1426,211,192,96,64,4603,5522,8705.0771484375,8705.095703125,0.0185546875,0.0733746439218521,0.0733707398176193,-3.904104232788086e-06,0.1802775637732877,/scratch/u6hp/nsagar.u6hp/Alek_Jiho/derived/multi_cycle_roi_sequences/cycle60_rank1_obj1.npz,/scratch/u6hp/nsagar.u6hp/Alek_Jiho/derived/multi_cycle_roi_sequences/previews/cycle60_rank1_obj1.png,-3.904104232788086e-06,2.127206140631101e-05,0.01108483586615,-0.0007489514679449,7.996702967493883e-05,-0.0073397243858597,-0.00013109394101,0.4035541064337167,-0.3000724335871659,-0.0027654675479393,15.730991350190203,0.8846008370102413,0.02809614315629,5.2014180255355313e-05,event,60.0,particle3,1.0,0.1707317073170731,0.3707865168539326,5.37722440775176,single_persistent_drop_needs_roi_qc,1.990971834925495,0.0002043384224409,0,9.724720001220703,0.1023654714226722,3.890202283859253,0.1629605293273925,0.025762915611267,0.0262955502839759,0.0052665203111246,0.0087641644349787,0.0023131534035201,4.967451945958601e-05,0.0001333218240233,0.7098164207510818,0.9797657462108282,0.9446729021146894,0.002263478884060514,8.364730456371399e-05,1
cycle60_rank2_obj2,60.0,7_c2_x10_290623,5,2,2,5.384766191610338,event_multicycle_roi_candidate,1180.4,1033.6571428571428,1084,938,1276,1130,192,96,64,4603,5522,8229.1943359375,8251.4375,22.2431640625,0.0802203938364982,0.0816128924489021,0.0013924986124038,0.1802775637732877,/scratch/u6hp/nsagar.u6hp/Alek_Jiho/derived/multi_cycle_roi_sequences/cycle60_rank2_obj2.npz,/scratch/u6hp/nsagar.u6hp/Alek_Jiho/derived/multi_cycle_roi_sequences/previews/cycle60_rank2_obj2.png,0.0013924986124038,7.330343219359536e-05,0.0413283967800578,0.0053924505692031,0.0002817827020193,-0.0001497902935889,-0.000244245967733,19.214775918297164,0.2842149893611335,0.0026193253419522,15.955518667969493,0.9042561784481742,0.0285035371780395,0.000115156006359,event,60.0,particle3,1.0,0.1707317073170731,0.3707865168539326,5.37722440775176,single_persistent_drop_needs_roi_qc,1.3721660201122636,-0.0003672763036167,0,19.44740295410156,0.2047095000743866,2.731466293334961,0.3889734148979187,0.694211483001709,0.0266344168921932,0.0074595763289835,0.0124307224468793,0.0021632542266161,0.0001112566010306,0.0002971688777506,0.717942619720815,0.9626921640472188,0.9018459594183038,0.0020519976255855,0.00018591227672000001,1
cycle60_rank4_obj5,60.0,7_c2_x10_290623,5,4,5,5.355307596954036,event_multicycle_roi_candidate,568.3137254901961,169.0196078431373,472,73,664,265,192,96,64,4603,5522,8475.23828125,8471.3681640625,-3.8701171875,0.0895092040300369,0.0892198979854583,-0.0002893060445785,0.1802775637732877,/scratch/u6hp/nsagar.u6hp/Alek_Jiho/derived/multi_cycle_roi_sequences/cycle60_rank4_obj5.npz,/scratch/u6hp/nsagar.u6hp/Alek_Jiho/derived/multi_cycle_roi_sequences/previews/cycle60_rank4_obj5.png,-0.0002893060445785,3.699795001837985e-05,0.0175961270502507,-0.0017974835230676,0.0001095615863066,-0.0062911923307369,-0.0003188530562706,3.3710196741781147,0.0544976489379106,0.0005022503326117,15.447172123130876,0.8437913552152481,0.036756869405508,0.0001335912966169,event,60.0,particle3,1.0,0.1707317073170731,0.3707865168539326,5.37722440775176,single_persistent_drop_needs_roi_qc,1.5337954930279185,-0.000649790520133,0,14.73573112487793,0.1551129519939422,4.038924217224121,0.6281644105911255,0.3593976497650146,0.0336495288647711,0.0085581937455572,0.0143692755373194,0.0028950763007742,0.0001316549019065,0.0003613668077377,0.6658964511759113,0.9649204211417632,0.9071762087934272,0.0027634213988677,0.0002297119058312,1
cycle60_rank6_obj26,60.0,7_c2_x10_290623,5,6,26,4.590869322464719,event_multicycle_roi_candidate,1231.8333333333333,843.4166666666666,1136,747,1328,939,192,96,64,4603,5522,8068.765625,8065.12158203125,-3.64404296875,0.1190228834748268,0.1186382621526718,-0.0003846213221549,0.1802775637732877,/scratch/u6hp/nsagar.u6hp/Alek_Jiho/derived/multi_cycle_roi_sequences/cycle60_rank6_obj26.npz,/scratch/u6hp/nsagar.u6hp/Alek_Jiho/derived/multi_cycle_roi_sequences/previews/cycle60_rank6_obj26.png,-0.0003846213221549,5.205502501610517e-05,0.0182933050011689,-0.0040443379269023,0.0002236155097149,-0.0035949670461354,-0.000101434228344,-14.016237630798171,-0.1088909221313024,-0.001003538738362,13.387233487776983,0.8344266769197118,0.0480674803256988,0.0002903675485868,event,60.0,particle3,1.0,0.1707317073170731,0.3707865168539326,5.37722440775176,single_persistent_drop_needs_roi_qc,1.320031653911962,-0.0002687203200089,0,16.147092819213867,0.1699693948030471,2.149290084838867,0.7461602687835693,0.1955482959747314,0.0330774242756888,0.012828209582949,0.0213146640453487,0.0027637045786832,0.0002904538964685,0.0007888973632361,0.7525480456484653,0.934548032499252,0.843443234630136,0.0024732506822147,0.0004984434667676,1
cycle60_rank5_obj18,60.0,7_c2_x10_290623,5,5,18,4.517043565680912,event_multicycle_roi_candidate,1661.5873015873017,130.34920634920636,1566,34,1758,226,192,96,64,4603,5522,8054.798828125,8057.9775390625,3.1787109375,0.0759721472859382,0.0761133432388305,0.0001411959528923,0.1802775637732877,/scratch/u6hp/nsagar.u6hp/Alek_Jiho/derived/multi_cycle_roi_sequences/cycle60_rank5_obj18.npz,/scratch/u6hp/nsagar.u6hp/Alek_Jiho/derived/multi_cycle_roi_sequences/previews/cycle60_rank5_obj18.png,0.0001411959528923,3.017624209024324e-05,0.0099578824310225,-0.0101857399640503,-9.434250840032856e-05,-0.005692031156381,-3.519454631648019e-05,-8.489149474945293,-0.2579928536279335,-0.002377662139035,13.765045789812342,0.8976052660202927,0.0301033649593591,5.8613291912479326e-05,event,60.0,particle3,1.0,0.1707317073170731,0.3707865168539326,5.37722440775176,single_persistent_drop_needs_roi_qc,1.236404564188312,7.914396233751553e-05,0,12.238980293273926,0.1288313716650009,1.6123532056808472,0.2518925666809082,-0.1363824158906936,0.023718568496406,0.0053321769519243,0.008802456446574,0.0023813786810933,5.507545063210273e-05,0.0001429853430181,0.829129413679748,0.9816332224551818,0.9498156333512362,0.0023263032304611975,8.790989238599727e-05,1
cycle62_rank2_obj2,62.0,7_c2_x10_290623,7,2,2,6.583976584591412,control_multicycle_roi_candidate,1324.629213483146,108.42696629213484,1229,12,1421,204,192,96,64,6444,7363,8705.89453125,8694.2001953125,-11.6943359375,0.0735113322734832,0.0728650391101837,-0.0006462931632995,0.2500000000000909,/scratch/u6hp/nsagar.u6hp/Alek_Jiho/derived/multi_cycle_roi_sequences/cycle62_rank2_obj2.npz,/scratch/u6hp/nsagar.u6hp/Alek_Jiho/derived/multi_cycle_roi_sequences/previews/cycle62_rank2_obj2.png,-0.0006462931632995,1.7623845726634023e-05,0.0070385050390461,0.005542240862792,6.123981371135554e-05,0.0094367884961054,-0.0001198802445806,-37.920571990988265,-0.2276221427037815,-0.002097765667158,15.731490349953996,0.8895254399924661,0.0284430235624313,4.3771615310106426e-05,control,60.0,particle3,1.0,0.1707317073170731,0.3707865168539326,5.37722440775176,single_persistent_drop_needs_roi_qc,2.079343177314194,0.0004230040251199,0,8.230844497680664,0.0866404697299003,3.336265087127685,0.5350139141082764,-0.1732424199581146,0.0114178178628208,0.0048930149787338,0.0082177997392136,0.0005930880311098,4.02554512675124e-05,0.0001108207025026,0.933838886312945,0.9812814074345392,0.9476004403811178,0.0005528325798422876,7.05652512350876e-05,0
cycle62_rank1_obj4,62.0,7_c2_x10_290623,7,1,4,6.282223708699526,control_multicycle_roi_candidate,1176.79012345679,1024.3456790123455,1081,928,1273,1120,192,96,64,6444,7363,8170.89306640625,8212.3837890625,41.49072265625,0.0753213167190551,0.0773664414882659,0.0020451247692108,0.2500000000000909,/scratch/u6hp/nsagar.u6hp/Alek_Jiho/derived/multi_cycle_roi_sequences/cycle62_rank1_obj4.npz,/scratch/u6hp/nsagar.u6hp/Alek_Jiho/derived/multi_cycle_roi_sequences/previews/cycle62_rank1_obj4.png,0.0020451247692108,5.57183180577483e-05,0.025685118388446,0.0091372079089275,0.0002043430406222,-0.0170760934691431,-0.0002825131354565,31.21534164790944,0.1609705434005197,0.0014835045279791,16.007261517757932,0.9197262151951264,0.0273220278322696,8.291524136438966e-05,control,60.0,particle3,1.0,0.1707317073170731,0.3707865168539326,5.37722440775176,single_persistent_drop_needs_roi_qc,1.9750338827400629,-0.0010294590858875,0,10.918184280395508,0.1149282529950141,2.969611883163452,0.0593303442001342,-0.3098268508911133,0.0218614744371734,0.0066677836584858,0.0112751366687007,0.0015560709762212,7.48517250031e-05,0.0002110246555275,0.8027613877622054,0.9650646078388816,0.90712879176815,0.0014812192512181,0.0001361729305244,0
cycle62_rank3_obj9,62.0,7_c2_x10_290623,7,3,9,5.445827812460037,control_multicycle_roi_candidate,798.3291139240506,318.0253164556962,702,222,894,414,192,96,64,6444,7363,8272.140625,8302.2314453125,30.0908203125,0.0780591294169426,0.0799833163619041,0.0019241869449615,0.2500000000000909,/scratch/u6hp/nsagar.u6hp/Alek_Jiho/derived/multi_cycle_roi_sequences/cycle62_rank3_obj9.npz,/scratch/u6hp/nsagar.u6hp/Alek_Jiho/derived/multi_cycle_roi_sequences/previews/cycle62_rank3_obj9.png,0.0019241869449615,0.0001099846958636,0.0804314726394392,0.0110844817255841,0.0004487433252786,-0.0170760934691431,-0.0006518243963944,5.417711358715792,-0.3371006626159322,-0.0031067197066684,14.81079213099872,0.8236546885004241,0.0395402088761329,9.748830780154094e-05,control,60.0,particle3,1.0,0.1707317073170731,0.3707865168539326,5.37722440775176,single_persistent_drop_needs_roi_qc,1.5226033969557806,0.0009999913697182,0,14.523822784423828,0.1528823524713516,5.199330806732178,0.8398087024688721,0.3486356735229492,0.0314842638908885,0.0071508973196614,0.0119459273118991,0.0038428737898357,8.728122452339449e-05,0.0002372989938521,0.7218667527143486,0.9666349833955368,0.9117822003194396,0.0037555925653123055,0.00015001776932870552,0
cycle62_rank4_obj1,62.0,7_c2_x10_290623,7,4,1,4.911685287617786,control_multicycle_roi_candidate,566.4,166.8,470,71,662,263,192,96,64,6444,7363,8467.4150390625,8468.712890625,1.2978515625,0.0913313999772071,0.0918805375695228,0.0005491375923156,0.2500000000000909,/scratch/u6hp/nsagar.u6hp/Alek_Jiho/derived/multi_cycle_roi_sequences/cycle62_rank4_obj1.npz,/scratch/u6hp/nsagar.u6hp/Alek_Jiho/derived/multi_cycle_roi_sequences/previews/cycle62_rank4_obj1.png,0.0005491375923156,2.896359732763412e-05,0.0109310176512233,0.0014979029358897,4.559550694961352e-05,0.0130317555422408,-0.0002379875591753,-35.14246773307252,-0.0624528089940769,-0.0005755650876894,15.511310751558906,0.81748654409238,0.0393240302801132,0.0001122558896895,control,60.0,particle3,1.0,0.1707317073170731,0.3707865168539326,5.37722440775176,single_persistent_drop_needs_roi_qc,1.1137010944495138,-0.0004830536672512,0,9.103812217712402,0.0958295986056327,3.134448528289795,1.283997654914856,0.9460313320159912,0.0230433314573019,0.0079614987334935,0.013509104901459,0.0013746815275226,0.0001053045614298,0.0002992940635522,0.8203644901389662,0.9669985685895348,0.9107817883502094,0.0012693769660928,0.0001939895021224,0
cycle86_rank2_obj6,86.0,10_c2_x10_030723,1,2,6,6.600365262271105,event_multicycle_roi_candidate,1335.859296482412,171.678391959799,1240,76,1432,268,192,96,64,906,1812,8857.2548828125,8861.24609375,3.9912109375,0.0743529051542282,0.0744847282767295,0.0001318231225013,0.2236067977499281,/scratch/u6hp/nsagar.u6hp/Alek_Jiho/derived/multi_cycle_roi_sequences/cycle86_rank2_obj6.npz,/scratch/u6hp/nsagar.u6hp/Alek_Jiho/derived/multi_cycle_roi_sequences/previews/cycle86_rank2_obj6.png,0.0001318231225013,6.188178202990187e-05,0.0601144842586854,0.0017974835230677,0.0003012232050952,0.0035949670461354,-0.0004235930960391,4.545769613543598,-0.113297888692585,-0.0010441533421908,16.06856611507289,0.981421999802556,0.0129550425335764,5.5853870435385033e-05,event,86.0,"particle0,particle1,particle2",3.0,0.1420951480652973,0.0786516853932584,12.399287527913966,synchronized_persistent_drop_low_frame_count,2.198397308847956,-0.0003828212075766,1,9.129712104797363,0.0961022302508354,1.6746985912322998,0.1503949165344238,0.0616589188575744,0.0135777234681881,0.0052146978850942,0.0088160780433099,0.0005674881449522,5.044132399234513e-05,0.0001352120441424,0.8984130004366837,0.9772174341406352,0.9381177713418448,0.0005170468209598548,8.477072015005487e-05,1
cycle86_rank5_obj8,86.0,10_c2_x10_030723,1,5,8,5.911487633945073,event_multicycle_roi_candidate,1660.7096774193549,191.1290322580645,1565,95,1757,287,192,96,64,906,1812,8213.4951171875,8221.01953125,7.5244140625,0.0837045386433601,0.0840370431542396,0.0003325045108795,0.2236067977499281,/scratch/u6hp/nsagar.u6hp/Alek_Jiho/derived/multi_cycle_roi_sequences/cycle86_rank5_obj8.npz,/scratch/u6hp/nsagar.u6hp/Alek_Jiho/derived/multi_cycle_roi_sequences/previews/cycle86_rank5_obj8.png,0.0003325045108795,7.963398328194218e-05,0.055770744188088,0.0085380467345716,0.0004081991256197,0.00584182144997,-0.0005942367498688,16.00868295700832,-0.0392434806278366,-0.0003616679174661,14.608345369440102,0.9764818126773752,0.0149426693096756,6.303522968664765e-05,event,86.0,"particle0,particle1,particle2",3.0,0.1420951480652973,0.0786516853932584,12.399287527913966,synchronized_persistent_drop_low_frame_count,1.9606669965442456,0.000766356757609,1,10.073579788208008,0.1060376837849617,1.483196496963501,0.3276090621948242,-0.3396656513214111,0.0198027433361858,0.005407384931459,0.0091140287695452,0.0014296222525445,5.611572828456701e-05,0.0001461320912312,0.8634565727669676,0.978203665373364,0.9406870062978088,0.001373506524259933,9.001636294663298e-05,1
cycle86_rank3_obj5,86.0,10_c2_x10_030723,1,3,5,5.394256624475365,event_multicycle_roi_candidate,1184.2469135802469,1085.9753086419753,1088,990,1280,1182,192,96,64,906,1812,8329.9814453125,8341.5458984375,11.564453125,0.0754702761769294,0.0760826990008354,0.0006124228239059,0.2236067977499281,/scratch/u6hp/nsagar.u6hp/Alek_Jiho/derived/multi_cycle_roi_sequences/cycle86_rank3_obj5.npz,/scratch/u6hp/nsagar.u6hp/Alek_Jiho/derived/multi_cycle_roi_sequences/previews/cycle86_rank3_obj5.png,0.0006124228239059,0.0001024783285327,0.0944331835822894,0.0071899340922708,0.0005004463531275,-0.005991611743559,-0.0006405489731957,23.814032284955942,0.0778727128081256,0.0007176749212396,15.136795435222869,0.9832888623655408,0.0138920098543167,0.0001116621788241,event,86.0,"particle0,particle1,particle2",3.0,0.1420951480652973,0.0786516853932584,12.399287527913966,synchronized_persistent_drop_low_frame_count,1.456577760966197,-0.0004042854948111,1,12.458833694458008,0.1311456114053726,1.0630582571029663,0.2506885528564453,-0.6289963722229004,0.0180194517888594,0.007223655557027,0.0120992373267654,0.0010727598255471,0.0001005372455438,0.0002615187372612,0.8748263364189224,0.9607380558979226,0.9001970340974951,0.0009722225800033001,0.00016098149171739996,1
cycle86_rank4_obj9,86.0,10_c2_x10_030723,1,4,9,4.6612934650376046,event_multicycle_roi_candidate,810.7391304347826,383.69565217391306,715,288,907,480,192,96,64,906,1812,8176.974609375,8167.140625,-9.833984375,0.0835592597723007,0.082896739244461,-0.0006625205278396,0.2236067977499281,/scratch/u6hp/nsagar.u6hp/Alek_Jiho/derived/multi_cycle_roi_sequences/cycle86_rank4_obj9.npz,/scratch/u6hp/nsagar.u6hp/Alek_Jiho/derived/multi_cycle_roi_sequences/previews/cycle86_rank4_obj9.png,-0.0006625205278396,0.0001546158654881,0.1558487112724437,0.0023966446974236,0.0007780110592423,-0.0019472738166566,-0.0012219019745981,10.493458867036908,0.0466068817125058,0.0004295290218624,16.74307340334539,0.9761674649981452,0.0187715739011764,0.0001479157799622,event,86.0,"particle0,particle1,particle2",3.0,0.1420951480652973,0.0786516853932584,12.399287527913966,synchronized_persistent_drop_low_frame_count,1.1156177975150214,0.0001313458507198,1,18.20458030700684,0.1916271597146988,1.5880976915359497,-0.4181232452392578,-0.5664563179016113,0.0209186919673811,0.0081300857273163,0.0136149553291033,0.0017838974054029,0.0001307200993778,0.0003315138437756,0.8783116837297433,0.959751041777386,0.8974440703917019,0.0016531773060251,0.00020079374439779997,1
cycle86_rank6_obj78,86.0,10_c2_x10_030723,1,6,78,4.564274022953415,event_multicycle_roi_candidate,550.9333333333333,214.4,455,118,647,310,192,96,64,906,1812,8524.732421875,8528.212890625,3.48046875,0.085939921438694,0.086263358592987,0.000323437154293,0.2236067977499281,/scratch/u6hp/nsagar.u6hp/Alek_Jiho/derived/multi_cycle_roi_sequences/cycle86_rank6_obj78.npz,/scratch/u6hp/nsagar.u6hp/Alek_Jiho/derived/multi_cycle_roi_sequences/previews/cycle86_rank6_obj78.png,0.000323437154293,8.182269879258672e-05,0.0707126495976769,0.0032953864589574,0.0003464243465741,0.005991611743559,-0.0007218328406165,7.509377843718994,0.0556853866038503,0.000513196522941,17.71359741354183,0.9732130924083864,0.0176536254584789,0.0001482293009757,event,86.0,"particle0,particle1,particle2",3.0,0.1420951480652973,0.0786516853932584,12.399287527913966,synchronized_persistent_drop_low_frame_count,1.85813722649508,-0.000538995063536,1,8.31127643585205,0.0874871239066124,0.6624271869659424,-0.1629416942596435,-0.0813643336296081,0.0190581094939261,0.0088958046690095,0.0149878209340386,0.0009274622962038,0.0001389394576563,0.0003771430883716,0.870502292484298,0.958109478721694,0.8926302485534761,0.0007885228385474999,0.0002382036307153,1
cycle86_rank8_obj17,86.0,10_c2_x10_030723,1,8,17,4.404672825684108,event_multicycle_roi_candidate,116.0,1002.9019607843136,20,907,212,1099,192,96,64,906,1812,8309.9638671875,8314.166015625,4.2021484375,0.1148767992854118,0.115282692015171,0.0004058927297592,0.2236067977499281,/scratch/u6hp/nsagar.u6hp/Alek_Jiho/derived/multi_cycle_roi_sequences/cycle86_rank8_obj17.npz,/scratch/u6hp/nsagar.u6hp/Alek_Jiho/derived/multi_cycle_roi_sequences/previews/cycle86_rank8_obj17.png,0.0004058927297592,0.0001173355582514,0.2278555911696755,-0.0029958058717795,0.000286182448967,-0.0014979029358898,-0.000430389899196,4.773593693701628,-0.0600221748108286,-0.0005531643630565,14.641106189311609,0.9595425012763258,0.0183876566588878,0.0001289472565986,event,86.0,"particle0,particle1,particle2",3.0,0.1420951480652973,0.0786516853932584,12.399287527913966,synchronized_persistent_drop_low_frame_count,1.248393377128957,0.0002578172714733,1,11.313231468200684,0.1190866455435752,0.9409472942352296,0.112049400806427,0.1521126627922058,0.0204392834857571,0.0074900943145621,0.0126997685292735,0.0014586938896172,0.0001132411862272,0.000294598288292,0.882231157995512,0.9703628235314916,0.9209558159329088,0.0013454527033900001,0.00018135710206480002,1
cycle88_rank2_obj4,88.0,10_c2_x10_030723,3,2,4,4.505572339544418,control_multicycle_roi_candidate,1335.142857142857,170.57142857142858,1239,75,1431,267,192,96,64,2720,3626,8867.92578125,8869.2841796875,1.3583984375,0.0745094120502471,0.0746501311659812,0.0001407191157341,0.2121320343559321,/scratch/u6hp/nsagar.u6hp/Alek_Jiho/derived/multi_cycle_roi_sequences/cycle88_rank2_obj4.npz,/scratch/u6hp/nsagar.u6hp/Alek_Jiho/derived/multi_cycle_roi_sequences/previews/cycle88_rank2_obj4.png,0.0001407191157341,7.362758617971056e-05,0.0807321682579566,0.0022468544038346,0.0004029009112517,-0.0020970641102456,-0.0008348751308607,-0.8578841853651511,-0.4561534367472173,-0.0042039100730623,17.918251642647785,0.9966878105986634,0.0069000697694718,6.141248013591394e-05,control,86.0,"particle0,particle1,particle2",3.0,0.1420951480652973,0.0786516853932584,12.399287527913966,synchronized_persistent_drop_low_frame_count,0.6746893715851342,9.537964091090544e-05,1,10.460606575012209,0.1101116463541984,0.6835139989852905,0.0423669815063476,0.0065629482269287,0.0142925056861713,0.0055144131329143,0.0091970509674865,0.0005338262308214,6.305429633357562e-05,0.0001519690031273,0.8743338241025713,0.972331180755095,0.9281125829422294,0.0004707719344878244,8.891470679372437e-05,0
cycle88_rank5_obj9,88.0,10_c2_x10_030723,3,5,9,4.333685300200534,control_multicycle_roi_candidate,810.4086021505376,383.6559139784946,714,288,906,480,192,96,64,2720,3626,8172.9072265625,8149.90283203125,-23.00439453125,0.0862656980752945,0.0848554670810699,-0.0014102309942245,0.2121320343559321,/scratch/u6hp/nsagar.u6hp/Alek_Jiho/derived/multi_cycle_roi_sequences/cycle88_rank5_obj9.npz,/scratch/u6hp/nsagar.u6hp/Alek_Jiho/derived/multi_cycle_roi_sequences/previews/cycle88_rank5_obj9.png,-0.0014102309942245,0.0001230203756387,0.0772147624614888,-0.0031455961653684,0.000777945903208,-0.0016476932294787,-0.0015322435952304,4.236460059758997,-0.1295089331587519,-0.001193554327991,19.54238722692882,0.9964247476619132,0.0100303934887051,0.0001700884313322,control,86.0,"particle0,particle1,particle2",3.0,0.1420951480652973,0.0786516853932584,12.399287527913966,synchronized_persistent_drop_low_frame_count,0.9442061661567512,-0.0013073852692188,1,21.97732925415039,0.2313403040170669,0.4411919713020324,-0.253753662109375,-0.1839675903320312,0.0188376843871083,0.0088996081613004,0.0147285373532213,0.0010940666761598,0.0001799567621674,0.0004073869713465,0.8938412376797854,0.9493380918513616,0.8756218022709988,0.0009141099139924,0.00022743020917910002,0
cycle88_rank3_obj6,88.0,10_c2_x10_030723,3,3,6,4.328278429709984,control_multicycle_roi_candidate,1182.9565217391305,1082.8695652173913,1087,987,1279,1179,192,96,64,2720,3626,8322.5498046875,8318.69140625,-3.8583984375,0.0769231393933296,0.0768941342830658,-2.9005110263824463e-05,0.2121320343559321,/scratch/u6hp/nsagar.u6hp/Alek_Jiho/derived/multi_cycle_roi_sequences/cycle88_rank3_obj6.npz,/scratch/u6hp/nsagar.u6hp/Alek_Jiho/derived/multi_cycle_roi_sequences/previews/cycle88_rank3_obj6.png,-2.9005110263824463e-05,7.164959280645879e-05,0.0434292482204533,0.0032953864589574,0.0003764955710357,-0.0026962252846015,-0.0008319911190267,1.3546880721529533,-0.3767532639633708,-0.0034721580806864,15.66557673041542,0.9947716075442624,0.0091402726247906,0.0001252105575986,control,86.0,"particle0,particle1,particle2",3.0,0.1420951480652973,0.0786516853932584,12.399287527913966,synchronized_persistent_drop_low_frame_count,0.7769960856294926,-0.0005971468921385,1,15.046319961547852,0.158382311463356,0.3406366109848022,0.1493685245513916,-0.1504969596862793,0.0209701040876097,0.0076675807940773,0.0126687076699454,0.0013608981280412,0.0001314565433858,0.0003004520922331,0.837935477190329,0.9554050756824622,0.8901903213679871,0.0012294415846554,0.0001689955488473,0
cycle88_rank4_obj8,88.0,10_c2_x10_030723,3,4,8,4.122451717220647,control_multicycle_roi_candidate,1660.7633587786258,189.7404580152672,1565,94,1757,286,192,96,64,2720,3626,8219.876953125,8219.013671875,-0.86328125,0.0846538990736007,0.0847052782773971,5.137920379638672e-05,0.2121320343559321,/scratch/u6hp/nsagar.u6hp/Alek_Jiho/derived/multi_cycle_roi_sequences/cycle88_rank4_obj8.npz,/scratch/u6hp/nsagar.u6hp/Alek_Jiho/derived/multi_cycle_roi_sequences/previews/cycle88_rank4_obj8.png,5.137920379638672e-05,7.886104029859186e-05,0.0501815626787041,0.0014979029358897,0.000483107989474,-0.0020970641102456,-0.0014034163983609,0.0627164870279557,-0.6185831300070882,-0.0057008621261453,14.271979205762063,0.9975350895222352,0.0068695419467985,7.042353536235169e-05,control,86.0,"particle0,particle1,particle2",3.0,0.1420951480652973,0.0786516853932584,12.399287527913966,synchronized_persistent_drop_low_frame_count,0.5810432952277503,4.176205234778402e-06,1,11.523117065429688,0.1212959662079811,0.3282954096794128,0.1883649826049804,-0.0623083114624023,0.0215621532988734,0.0057909245078917,0.0096191657648887,0.0015808060234121,7.311938202292367e-05,0.0001718434223221,0.8435682995921076,0.9729605989823876,0.9298332614374611,0.0015076866413891764,9.872404029917633e-05,0
cycle90_rank6_obj3,90.0,10_c2_x10_030723,5,6,3,4.681975244797292,control_multicycle_roi_candidate,572.7058823529412,232.7843137254902,477,137,669,329,192,96,64,4534,5439,8524.96875,8516.6845703125,-8.2841796875,0.0903228223323822,0.0896854922175407,-0.0006373301148414,0.2500000000000227,/scratch/u6hp/nsagar.u6hp/Alek_Jiho/derived/multi_cycle_roi_sequences/cycle90_rank6_obj3.npz,/scratch/u6hp/nsagar.u6hp/Alek_Jiho/derived/multi_cycle_roi_sequences/previews/cycle90_rank6_obj3.png,-0.0006373301148414,4.899159957392079e-05,0.021430866795815,-0.0103355302576393,0.0001965894725406,-0.0041941282204913,-0.0005539463158171,-9.79299906442759,-0.1377820644682406,-0.0012697995061393,15.75836278591848,0.992752969904099,0.011416483670473,0.0001483794912928,control,86.0,"particle0,particle1,particle2",3.0,0.1420951480652973,0.0786516853932584,12.399287527913966,synchronized_persistent_drop_low_frame_count,1.289483423927142,0.0008126134183213,1,9.050925254821776,0.0952728986740112,0.3995950818061828,-0.1154598891735076,-0.0066299438476562,0.0253963795257732,0.0093567812291439,0.0159136849688366,0.0019071601636824,0.0001423079825144,0.0004098598910786,0.7934135611511711,0.9489697530941554,0.8688019759689722,0.001764852181168,0.0002675519085642,0
cycle90_rank3_obj4,90.0,10_c2_x10_030723,5,3,4,4.637619571135867,control_multicycle_roi_candidate,1335.5280898876404,172.67415730337078,1240,77,1432,269,192,96,64,4534,5439,8886.37109375,8883.4267578125,-2.9443359375,0.0769884884357452,0.0768617168068885,-0.0001267716288566,0.2500000000000227,/scratch/u6hp/nsagar.u6hp/Alek_Jiho/derived/multi_cycle_roi_sequences/cycle90_rank3_obj4.npz,/scratch/u6hp/nsagar.u6hp/Alek_Jiho/derived/multi_cycle_roi_sequences/previews/cycle90_rank3_obj4.png,-0.0001267716288566,3.513235619271208e-05,0.0227836639950349,-0.005242660275614,7.77037147992804e-05,-0.0014979029358897,-0.0002700751914352,-13.543449159951138,-0.2625186596435761,-0.0024193719672751,14.722291045853757,0.9963854147312936,0.0073966705240309,5.234760465100408e-05,control,86.0,"particle0,particle1,particle2",3.0,0.1420951480652973,0.0786516853932584,12.399287527913966,synchronized_persistent_drop_low_frame_count,0.8739415527028875,0.0003002383650249,1,8.128881454467773,0.0855671763420105,0.6079822182655334,-0.0812211036682128,-0.0503570437431335,0.0146713776921387,0.0054314716835506,0.0092650280275847,0.0005962881114101,4.864983065999695e-05,0.0001412155024809,0.8760394561376974,0.9723811084181532,0.9235388520286408,0.0005476382807501031,9.256567182090305e-05,0
cycle90_rank4_obj6,90.0,10_c2_x10_030723,5,4,6,4.14051848376339,control_multicycle_roi_candidate,1660.504854368932,188.4660194174757,1565,92,1757,284,192,96,64,4534,5439,8212.4716796875,8206.31640625,-6.1552734375,0.0847082734107971,0.0844137147068977,-0.0002945587038993,0.2500000000000227,/scratch/u6hp/nsagar.u6hp/Alek_Jiho/derived/multi_cycle_roi_sequences/cycle90_rank4_obj6.npz,/scratch/u6hp/nsagar.u6hp/Alek_Jiho/derived/multi_cycle_roi_sequences/previews/cycle90_rank4_obj6.png,-0.0002945587038993,4.813724876323457e-05,0.0193237725414485,-0.0008987417615338,0.0001394922109047,-0.0103355302576393,-0.0003974278043705,-20.859289966062533,-0.3210984196558895,-0.0029592430355486,15.404379039673294,0.9952836643901296,0.0083633959293365,5.798030542791821e-05,control,86.0,"particle0,particle1,particle2",3.0,0.1420951480652973,0.0786516853932584,12.399287527913966,synchronized_persistent_drop_low_frame_count,0.6170181321033799,-4.182761907343454e-05,1,9.511003494262695,0.1001158282160759,0.6489240527153015,0.0783653259277343,0.0902462005615234,0.0188205298618413,0.005658553156536,0.0096535973716527,0.0009056281924131,5.313079532243137e-05,0.0001535938677079,0.8552223797537815,0.9729622920464588,0.9251852461840544,0.0008524973970906686,0.00010046307238546862,0
cycle90_rank5_obj10,90.0,10_c2_x10_030723,5,5,10,4.077663353790309,control_multicycle_roi_candidate,810.7,383.05,715,287,907,479,192,96,64,4534,5439,8088.107421875,8080.40087890625,-7.70654296875,0.0836496129631996,0.08301991969347,-0.0006296932697296,0.2500000000000227,/scratch/u6hp/nsagar.u6hp/Alek_Jiho/derived/multi_cycle_roi_sequences/cycle90_rank5_obj10.npz,/scratch/u6hp/nsagar.u6hp/Alek_Jiho/derived/multi_cycle_roi_sequences/previews/cycle90_rank5_obj10.png,-0.0006296932697296,0.000129274445869,0.0641429983674943,-0.0013481126423007,0.0005615661425652,0.0034451767525464,-0.0008849904090317,-5.1184099308497935,-0.002632526845588,-2.4261367408939664e-05,16.56996570471646,0.9938643159284968,0.0115388622507452,0.0001403549831593,control,86.0,"particle0,particle1,particle2",3.0,0.1420951480652973,0.0786516853932584,12.399287527913966,synchronized_persistent_drop_low_frame_count,0.764701860494445,-0.0004634247695328,1,15.490260124206545,0.1630553752183914,0.7525526881217957,-0.0729861259460449,0.0169992446899414,0.0191144791897386,0.0088718815241009,0.014934755192371,0.0009109161201195,0.0001292271672355,0.000365113589396,0.878872022532605,0.9458328131218384,0.8640791694503738,0.000781688952884,0.0002358864221605,0
cycle116_rank2_obj2,116.0,13_c2_x6_100723,1,2,2,5.324312767584873,event_multicycle_roi_candidate,1348.6176470588234,177.44117647058823,1253,81,1445,273,192,96,64,909,1818,8875.732421875,8868.9501953125,-6.7822265625,0.0760023072361946,0.0758116021752357,-0.0001907050609588,0.2499999999999317,/scratch/u6hp/nsagar.u6hp/Alek_Jiho/derived/multi_cycle_roi_sequences/cycle116_rank2_obj2.npz,/scratch/u6hp/nsagar.u6hp/Alek_Jiho/derived/multi_cycle_roi_sequences/previews/cycle116_rank2_obj2.png,-0.0001907050609588,6.681091285177656e-05,0.1257584590862138,0.0010485320551228,0.0002921973797123,-0.0014979029358897,-0.0003270387117376,-4.502959026747931,-0.0772574660931571,-0.0007120048075145,16.66769908041314,0.9979397222647064,0.0062811481766402,4.405506479088217e-05,event,116.0,"particle0,particle1,particle2",3.0,0.1917019578422557,0.0112359550561797,12.929917335181958,synchronized_persistent_drop_low_frame_count,1.2552609026042028,2.589131439578409e-05,1,6.978207111358643,0.073454812169075,0.4253008663654327,0.0313467979431152,0.0053635239601135,0.0101192469883244,0.0050517315103206,0.0086392576922662,0.0002801262453431,4.219313711928408e-05,0.0001228923733833,0.9392058247028862,0.9771075759648724,0.9358995832006136,0.00023793310822381594,8.069923626401591e-05,1
cycle116_rank3_obj9,116.0,13_c2_x6_100723,1,3,9,5.098809654631046,event_multicycle_roi_candidate,820.927536231884,380.1159420289855,725,284,917,476,192,96,64,909,1818,8144.91845703125,8128.3359375,-16.58251953125,0.0768414735794067,0.0757836624979972,-0.0010578110814094,0.2499999999999317,/scratch/u6hp/nsagar.u6hp/Alek_Jiho/derived/multi_cycle_roi_sequences/cycle116_rank3_obj9.npz,/scratch/u6hp/nsagar.u6hp/Alek_Jiho/derived/multi_cycle_roi_sequences/previews/cycle116_rank3_obj9.png,-0.0010578110814094,0.0001684923639227,0.1713794850910993,-0.0050928699820251,0.000823874048859,0.0052426602756141,-0.001171052833725,0.9325434439177798,0.1015323921894472,0.0009357225264179,15.008846548535088,0.9963842900257248,0.0088681615889072,8.960809645941481e-05,event,116.0,"particle0,particle1,particle2",3.0,0.1917019578422557,0.0112359550561797,12.929917335181958,synchronized_persistent_drop_low_frame_count,1.2773770940661642,-0.0001916121872806,1,12.730328559875488,0.134003460407257,0.6409928202629089,-0.2780232429504394,-0.2225580215454101,0.0198917243978939,0.0072484849370084,0.0122900790884159,0.0009781945482245,8.672821081745496e-05,0.0002484714777892,0.8463355631480729,0.9617422180427352,0.9000348521143566,0.0008914663374070451,0.00016174326697174506,1
cycle116_rank1_obj6,116.0,13_c2_x6_100723,1,1,6,5.030580641918212,event_multicycle_roi_candidate,1199.1515151515152,1088.4242424242425,1103,992,1295,1184,192,96,64,909,1818,8380.73828125,8359.5556640625,-21.1826171875,0.0784702599048614,0.0773056596517562,-0.0011646002531051,0.2499999999999317,/scratch/u6hp/nsagar.u6hp/Alek_Jiho/derived/multi_cycle_roi_sequences/cycle116_rank1_obj6.npz,/scratch/u6hp/nsagar.u6hp/Alek_Jiho/derived/multi_cycle_roi_sequences/previews/cycle116_rank1_obj6.png,-0.0011646002531051,0.0001368858498408,0.1253825832986415,-0.0047932893948472,0.0006227476587722,0.0014979029358897,-0.0007510158854526,-1.2488091205071896,0.0463747862336495,0.0004273900299293,13.642116228820912,0.9977164105512066,0.007475275080651,8.05146773927845e-05,event,116.0,"particle0,particle1,particle2",3.0,0.1917019578422557,0.0112359550561797,12.929917335181958,synchronized_persistent_drop_low_frame_count,1.108391242725916,-4.8077049369703184e-05,1,11.402716636657717,0.1200285926461219,0.4047080278396606,-0.0003882944583892,0.199317455291748,0.0250879052910022,0.0068466277880361,0.0115609453350771,0.0019868600538757,7.79044924001937e-05,0.0002210542238572,0.7780417908486669,0.96306262259774,0.90371716066873,0.0019089555614755062,0.0001431497314570063,1
cycle116_rank5_obj43,116.0,13_c2_x6_100723,1,5,43,4.3043625905483625,event_multicycle_roi_candidate,1247.2,1177.6,1151,1008,1343,1200,192,96,64,909,1818,8631.3662109375,8609.0009765625,-22.365234375,0.0872716531157493,0.0860271751880645,-0.0012444779276847,0.2499999999999317,/scratch/u6hp/nsagar.u6hp/Alek_Jiho/derived/multi_cycle_roi_sequences/cycle116_rank5_obj43.npz,/scratch/u6hp/nsagar.u6hp/Alek_Jiho/derived/multi_cycle_roi_sequences/previews/cycle116_rank5_obj43.png,-0.0012444779276847,0.0001497953050452,0.1230313388063997,-0.0035949670461353,0.0004913416546505,0.0089874176153385,-0.0006285842677394,2.1146493237245068,-0.300684424723697,-0.0027711076582535,11.64690556073018,0.9973971209121252,0.0082485172897577,8.47303235786967e-05,event,116.0,"particle0,particle1,particle2",3.0,0.1917019578422557,0.0112359550561797,12.929917335181958,synchronized_persistent_drop_low_frame_count,1.1308900021649042,4.206349207174184e-05,1,8.830548286437988,0.0929531380534172,0.238384336233139,0.0164041519165039,0.008998692035675,0.0136385590594727,0.0070101489691296,0.0118844625249039,0.0005391328777477,8.158118953360827e-05,0.0002336872553314,0.9231149180442738,0.9691098892164453,0.9176682674618049,0.0004575516882140918,0.00015210606579779175,1
cycle116_rank7_obj37,116.0,13_c2_x6_100723,1,7,37,4.274566215478122,event_multicycle_roi_candidate,1255.090909090909,900.2727272727273,1159,804,1351,996,192,96,64,909,1818,8141.65380859375,8131.5537109375,-10.10009765625,0.1357792317867279,0.1347758322954177,-0.0010033994913101,0.2499999999999317,/scratch/u6hp/nsagar.u6hp/Alek_Jiho/derived/multi_cycle_roi_sequences/cycle116_rank7_obj37.npz,/scratch/u6hp/nsagar.u6hp/Alek_Jiho/derived/multi_cycle_roi_sequences/previews/cycle116_rank7_obj37.png,-0.0010033994913101,0.0001237591493178,0.109319538028252,-0.0050928699820251,0.000634201403749,0.0031455961653685,-0.0003818657999679,3.613081921806725,0.2918448315827678,0.0026896419678667,14.140438073434831,0.9925954112850586,0.0134157156571745,0.0002345116663491,event,116.0,"particle0,particle1,particle2",3.0,0.1917019578422557,0.0112359550561797,12.929917335181958,synchronized_persistent_drop_low_frame_count,1.32518717317117,0.0003295309914747,1,8.89575481414795,0.0936395227909088,0.305964857339859,-0.043210744857788,-0.0565834641456604,0.0308268098160624,0.0119285153632517,0.0204181606532074,0.0021813608836964,0.0002327208612769,0.0006795939116273,0.7858091691777507,0.9373687259323988,0.8464483618320047,0.0019486400224195,0.00044687305035040004,1
cycle116_rank8_obj20,116.0,13_c2_x6_100723,1,8,20,4.20806016995098,event_multicycle_roi_candidate,88.47058823529412,1086.1176470588234,0,990,192,1182,192,96,64,909,1818,8550.890625,8555.021484375,4.130859375,0.1114286333322525,0.1116872653365135,0.000258632004261,0.2499999999999317,/scratch/u6hp/nsagar.u6hp/Alek_Jiho/derived/multi_cycle_roi_sequences/cycle116_rank8_obj20.npz,/scratch/u6hp/nsagar.u6hp/Alek_Jiho/derived/multi_cycle_roi_sequences/previews/cycle116_rank8_obj20.png,0.000258632004261,0.0001157364707385,0.1565272772222905,-0.0022468544038346,0.0002019116917633,0.0067405632115039,-0.0002211258633517,7.723209642387246,-0.3363119710567224,-0.0030994511252587,11.76322585498706,0.9932063481313108,0.0091136153787374,8.319666812894866e-05,event,116.0,"particle0,particle1,particle2",3.0,0.1917019578422557,0.0112359550561797,12.929917335181958,synchronized_persistent_drop_low_frame_count,1.0844116535413544,5.145228727107179e-05,1,7.290661334991455,0.0767438039183616,0.2808773815631866,-0.0088599920272827,-0.0992678627371788,0.0126913317653816,0.0069050170714035,0.0119069647917058,0.0003702758090184,8.027114972719573e-05,0.0002374139839957,0.951733790491995,0.9776629739169628,0.9376126005123429,0.00029000465929120427,0.00015714283426850428,1
cycle118_rank4_obj1,118.0,13_c2_x6_100723,3,4,1,5.013327036600357,control_multicycle_roi_candidate,586.0,232.0,490,136,682,328,192,96,64,2729,3637,8521.1181640625,8506.048828125,-15.0693359375,0.0879905819892883,0.0869606286287307,-0.0010299533605575,0.2500000000000227,/scratch/u6hp/nsagar.u6hp/Alek_Jiho/derived/multi_cycle_roi_sequences/cycle118_rank4_obj1.npz,/scratch/u6hp/nsagar.u6hp/Alek_Jiho/derived/multi_cycle_roi_sequences/previews/cycle118_rank4_obj1.png,-0.0010299533605575,6.571603075843298e-05,0.0444158748524786,-0.0103355302576392,0.0002322298233023,0.0092869982025164,-0.0004893218175872,-2.720128158257239,0.0867770715025407,0.0007997374909674,15.057543150809,0.9937530478484956,0.010174311697483,0.0001240610727109,control,116.0,"particle0,particle1,particle2",3.0,0.1917019578422557,0.0112359550561797,12.929917335181958,synchronized_persistent_drop_low_frame_count,1.1051828859084512,-0.0001242756586803,1,8.4025239944458,0.0884476229548454,0.4087950587272644,0.163620188832283,0.1252703666687011,0.019481929950416,0.0086437135469168,0.0147435993712861,0.0009674851116869,0.0001220415913394,0.0003541749820215,0.8661761903672559,0.9600254030109464,0.8941335554161097,0.0008454435203475,0.0002321333906821,0
cycle118_rank1_obj7,118.0,13_c2_x6_100723,3,1,7,4.326672628497259,control_multicycle_roi_candidate,1196.1739130434785,1087.304347826087,1100,991,1292,1183,192,96,64,2729,3637,8322.767578125,8307.140625,-15.626953125,0.0751232802867889,0.0741607248783111,-0.0009625554084777,0.2500000000000227,/scratch/u6hp/nsagar.u6hp/Alek_Jiho/derived/multi_cycle_roi_sequences/cycle118_rank1_obj7.npz,/scratch/u6hp/nsagar.u6hp/Alek_Jiho/derived/multi_cycle_roi_sequences/previews/cycle118_rank1_obj7.png,-0.0009625554084777,9.705775328690067e-05,0.06139026686467,-0.0052426602756141,0.0004458901768293,0.0095865787896944,-0.0005007275528545,9.607421520595151,0.0933060664733424,0.0008599087086183,12.86035542069292,0.9964270244395242,0.0079946294426918,8.05388845037669e-05,control,116.0,"particle0,particle1,particle2",3.0,0.1917019578422557,0.0112359550561797,12.929917335181958,synchronized_persistent_drop_low_frame_count,0.5779761010946141,-0.0001603300240653,1,10.875532150268556,0.1144792884588241,0.5088667869567871,0.0278493706136941,0.0480666160583496,0.0190358920372091,0.0068330430367495,0.0115331866254564,0.001187518289953,7.777382484164264e-05,0.0002200137960244,0.8596999670839639,0.963077330443732,0.9037071986776996,0.0011097444651113574,0.00014223997118275737,0
cycle118_rank2_obj2,118.0,13_c2_x6_100723,3,2,2,4.2813394428335565,control_multicycle_roi_candidate,1350.108527131783,177.95348837209303,1254,82,1446,274,192,96,64,2729,3637,8857.05859375,8842.12890625,-14.9296875,0.0756467431783676,0.0749798193573951,-0.0006669238209724,0.2500000000000227,/scratch/u6hp/nsagar.u6hp/Alek_Jiho/derived/multi_cycle_roi_sequences/cycle118_rank2_obj2.npz,/scratch/u6hp/nsagar.u6hp/Alek_Jiho/derived/multi_cycle_roi_sequences/previews/cycle118_rank2_obj2.png,-0.0006669238209724,4.367939650248254e-05,0.0561648437623036,-0.0008987417615338,0.0001456820341631,0.0016476932294787,-0.0002032148124493,-4.759106216771556,-0.0964423055147795,-0.0008888122876242,16.93253559876693,0.9968851229099654,0.0067950906231999,4.43779572378844e-05,control,116.0,"particle0,particle1,particle2",3.0,0.1917019578422557,0.0112359550561797,12.929917335181958,synchronized_persistent_drop_low_frame_count,0.5518909744846521,1.8527124616517745e-05,1,6.73250150680542,0.0708684399724006,0.4318374693393707,-0.3186790943145752,0.0071834921836853,0.0127009372517932,0.0050913022860186,0.0086999006744008,0.0005581024543062,4.3143111952304025e-05,0.0001250097579941,0.9153654865869952,0.9769326960339132,0.9354573115363808,0.0005149593423538959,8.186664604179598e-05,0
cycle118_rank3_obj9,118.0,13_c2_x6_100723,3,3,9,4.255431422335417,control_multicycle_roi_candidate,820.2424242424242,379.8787878787879,724,284,916,476,192,96,64,2729,3637,8112.41845703125,8085.529296875,-26.88916015625,0.0737419798970222,0.0720736905932426,-0.0016682893037796,0.2500000000000227,/scratch/u6hp/nsagar.u6hp/Alek_Jiho/derived/multi_cycle_roi_sequences/cycle118_rank3_obj9.npz,/scratch/u6hp/nsagar.u6hp/Alek_Jiho/derived/multi_cycle_roi_sequences/previews/cycle118_rank3_obj9.png,-0.0016682893037796,0.0001242752345585,0.0920462425272541,-0.0089874176153385,0.0006060574261967,0.0068903535050928,-0.0008708515495888,5.036373183966475,0.0036585818428755,3.371749026394117e-05,15.814941887300185,0.9958874229816702,0.0089999083429574,8.807877020444721e-05,control,116.0,"particle0,particle1,particle2",3.0,0.1917019578422557,0.0112359550561797,12.929917335181958,synchronized_persistent_drop_low_frame_count,0.6340187053993103,0.0002160601566223,1,12.38547134399414,0.1303733885288238,0.6875506043434143,0.0314598083496093,0.0162653923034667,0.0192096980754286,0.007183296198491,0.0121430345170665,0.0009717589746287,8.593408324486518e-05,0.0002442161921862,0.8566971612234174,0.9621453276984854,0.9011890144567982,0.0008858248913838348,0.00015828210894133484,0
cycle156_rank1_obj1,156.0,18_c2_xN_HighHighCOV_170723,0,1,1,5.881512080209022,event_multicycle_roi_candidate,1345.2307692307693,131.8041958041958,1249,36,1441,228,192,96,64,0,1938,8699.8134765625,9208.19140625,508.3779296875,0.0675278455018997,0.0837717950344085,0.0162439495325088,0.2121320343559321,/scratch/u6hp/nsagar.u6hp/Alek_Jiho/derived/multi_cycle_roi_sequences/cycle156_rank1_obj1.npz,/scratch/u6hp/nsagar.u6hp/Alek_Jiho/derived/multi_cycle_roi_sequences/previews/cycle156_rank1_obj1.png,0.0162439495325088,7.593291538729938e-05,0.0730772331573204,0.0784901138406231,0.0003471307751565,-0.0784901138406231,-0.0003430636669102,-65.85333010596173,-0.5083880361067881,-0.0046853041407601,15.075263690606723,0.9502910816470056,0.0293793994933366,6.444042810471728e-05,event,156.0,particle1,1.0,0.1656050955414012,0.9101123595505618,4.816527810967591,single_persistent_drop_needs_roi_qc,1.5087951450912631,8.666220301022266e-05,0,14.464882850646973,0.1522619277238845,3.290290355682373,1.575700759887695,-0.4765617549419403,0.0237274185637943,0.005083966825623,0.0080953725846484,0.0020570110864355,5.150665617748018e-05,0.0001146234908446,0.7578146087791034,0.9808422737497332,0.9494091613140004,0.0020055044302580197,6.311683466711981e-05,1
cycle156_rank6_obj3,156.0,18_c2_xN_HighHighCOV_170723,0,6,3,5.14793840443715,event_multicycle_roi_candidate,1669.981981981982,145.04504504504504,1574,49,1766,241,192,96,64,0,1938,8077.177734375,8765.869140625,688.69140625,0.0687203034758567,0.0922144725918769,0.0234941691160202,0.2121320343559321,/scratch/u6hp/nsagar.u6hp/Alek_Jiho/derived/multi_cycle_roi_sequences/cycle156_rank6_obj3.npz,/scratch/u6hp/nsagar.u6hp/Alek_Jiho/derived/multi_cycle_roi_sequences/previews/cycle156_rank6_obj3.png,0.0234941691160202,0.0001111375208903,0.0710176977436535,0.1069502696225284,0.0005163444254966,-0.1057519472738166,-0.0003580598425939,-21.47435401669736,-0.0214227839533135,-0.0001974323769137,15.765657176316743,0.9400506417866396,0.0347931273281574,7.549088331870735e-05,event,156.0,particle1,1.0,0.1656050955414012,0.9101123595505618,4.816527810967591,single_persistent_drop_needs_roi_qc,1.4367926892737708,4.9933181466435456e-05,0,16.511253356933594,0.1738026738166809,4.805828094482422,-2.835005760192871,0.98815655708313,0.0239059868035838,0.0051827243441948,0.0080370542418677,0.0021229291414783,5.79726806790859e-05,0.0001175146805962,0.8305348044823867,0.9828641082369436,0.9549292063379636,0.002064956460799214,5.9541999917114106e-05,1
cycle156_rank8_obj10,156.0,18_c2_xN_HighHighCOV_170723,0,8,10,5.095436512452073,event_multicycle_roi_candidate,1248.1333333333334,1131.8666666666666,1152,1008,1344,1200,192,96,64,0,1938,8709.4873046875,9517.55859375,808.0712890625,0.0660714954137802,0.0978640392422676,0.0317925438284873,0.2121320343559321,/scratch/u6hp/nsagar.u6hp/Alek_Jiho/derived/multi_cycle_roi_sequences/cycle156_rank8_obj10.npz,/scratch/u6hp/nsagar.u6hp/Alek_Jiho/derived/multi_cycle_roi_sequences/previews/cycle156_rank8_obj10.png,0.0317925438284873,0.0001556985238874,0.0755914268992444,0.1448472139005392,0.000640240339349,-0.1801977231875374,-0.0008557422081613,-29.85963089818165,-0.3418101631460031,-0.0031501224635535,15.576933358027729,0.9025044705929468,0.0451471470296382,0.0001346267963526,event,156.0,particle1,1.0,0.1656050955414012,0.9101123595505618,4.816527810967591,single_persistent_drop_needs_roi_qc,1.5796474218170364,0.0001345364546228,0,19.65669822692871,0.2069126069545745,4.554489612579346,0.0394539833068847,-0.3021541535854339,0.0209846307989209,0.0063542876014253,0.0096693698724266,0.0020590926087606,9.961399871372124e-05,0.0001821913783714,0.8729680230786857,0.9748640765321016,0.9370202739017062,0.0019594786100468786,8.257737965767875e-05,1
cycle156_rank2_obj2,156.0,18_c2_xN_HighHighCOV_170723,0,2,2,5.093610228639238,event_multicycle_roi_candidate,1201.4545454545455,1053.7662337662337,1105,958,1297,1150,192,96,64,0,1938,8426.708984375,9295.8203125,869.111328125,0.0654444694519043,0.0999456122517585,0.0345011427998542,0.2121320343559321,/scratch/u6hp/nsagar.u6hp/Alek_Jiho/derived/multi_cycle_roi_sequences/cycle156_rank2_obj2.npz,/scratch/u6hp/nsagar.u6hp/Alek_Jiho/derived/multi_cycle_roi_sequences/previews/cycle156_rank2_obj2.png,0.0345011427998542,0.0001770326280932,0.0857996298128277,0.2106051527860994,0.0010449244683816,-0.1503894547633313,-0.0007282661416873,37.24395134331383,0.3089318474838962,0.0028471159064115,19.314048208127144,0.9114002644646184,0.0450971163809299,0.0001306121412198,event,156.0,particle1,1.0,0.1656050955414012,0.9101123595505618,4.816527810967591,single_persistent_drop_needs_roi_qc,1.2118362385241466,0.0002177126664658,0,19.32914924621582,0.2034647315740585,4.170186996459961,0.3432187139987945,-1.929992198944092,0.0339074452058412,0.0062033161957515,0.0094223202031571,0.0045668972015846,9.607309118564444e-05,0.000174000942934,0.6790379949588139,0.9755382493710903,0.9385798921748812,0.004470824110398956,7.792785174835556e-05,1
cycle156_rank5_obj4,156.0,18_c2_xN_HighHighCOV_170723,0,5,4,5.045443781614695,event_multicycle_roi_candidate,817.5632183908046,333.5632183908046,722,238,914,430,192,96,64,0,1938,8218.455078125,8954.64453125,736.189453125,0.0621360726654529,0.0971231833100318,0.0349871106445789,0.2121320343559321,/scratch/u6hp/nsagar.u6hp/Alek_Jiho/derived/multi_cycle_roi_sequences/cycle156_rank5_obj4.npz,/scratch/u6hp/nsagar.u6hp/Alek_Jiho/derived/multi_cycle_roi_sequences/previews/cycle156_rank5_obj4.png,0.0349871106445789,0.0001795578469102,0.084183574814678,0.2041641701617735,0.0010660384527595,-0.2207908927501498,-0.0010382545480283,21.71573539249698,0.0338175842424171,0.0003116628563781,16.219660012314566,0.8783240136194344,0.0476807802915573,0.0001373397390125,event,156.0,particle1,1.0,0.1656050955414012,0.9101123595505618,4.816527810967591,single_persistent_drop_needs_roi_qc,1.3097972948929866,0.0003479716831246,0,19.836877822875977,0.2088092416524887,4.641040802001953,2.677000045776367,2.0403871536254883,0.0301477225148119,0.0067286432022228,0.0104258574137929,0.0029440823709592,0.0001043279169152,0.0002057212327599,0.726525796913797,0.9735752521465636,0.9331435033939434,0.002839754454044,0.0001013933158447,1
cycle156_rank7_obj27,156.0,18_c2_xN_HighHighCOV_170723,0,7,27,4.90045527121776,event_multicycle_roi_candidate,1249.4246575342463,859.6164383561644,1153,764,1345,956,192,96,64,0,1938,8178.92724609375,8548.2392578125,369.31201171875,0.1208673864603042,0.16012042760849,0.0392530411481857,0.2121320343559321,/scratch/u6hp/nsagar.u6hp/Alek_Jiho/derived/multi_cycle_roi_sequences/cycle156_rank7_obj27.npz,/scratch/u6hp/nsagar.u6hp/Alek_Jiho/derived/multi_cycle_roi_sequences/previews/cycle156_rank7_obj27.png,0.0392530411481857,0.000132915228537,0.029768146606905,0.1682144997004194,0.0005926764343106,-0.121629718394248,-0.0005674233271222,36.24219141443086,0.154991754455776,0.0014284040090644,14.417681190373068,0.8532969442834611,0.060917392373085,0.0003313284832984,event,156.0,particle1,1.0,0.1656050955414012,0.9101123595505618,4.816527810967591,single_persistent_drop_needs_roi_qc,1.6668088838929638,0.000361101057353,0,22.510934829711918,0.2369572073221206,3.542245864868164,0.1022238731384277,0.5746428370475769,0.042748408159241,0.0125045497552491,0.0200003317440859,0.0050170989125035,0.0002836388389368,0.0006734259677614,0.6550532466129717,0.939129270768184,0.85753898977417,0.0047334600735667,0.0003897871288246001,1
cycle157_rank1_obj1,157.0,18_c2_xN_HighHighCOV_170723,1,1,1,5.056884750693399,control_multicycle_roi_candidate,1346.1146496815286,126.62420382165604,1250,31,1442,223,192,96,64,1939,3877,9191.341796875,8822.22265625,-369.119140625,0.0847729295492172,0.0741302669048309,-0.0106426626443862,0.2236067977499789,/scratch/u6hp/nsagar.u6hp/Alek_Jiho/derived/multi_cycle_roi_sequences/cycle157_rank1_obj1.npz,/scratch/u6hp/nsagar.u6hp/Alek_Jiho/derived/multi_cycle_roi_sequences/previews/cycle157_rank1_obj1.png,-0.0106426626443862,-5.120252695739695e-05,0.0405888408869183,-0.0503295386458957,-0.0002792759093313,0.0398442180946674,0.0001788224507667,62.57726095141652,0.1819983991267633,0.0016772972463522,16.466804633732526,0.930472759611544,0.0254502426832914,5.64365582249593e-05,control,156.0,particle1,1.0,0.1656050955414012,0.9101123595505618,4.816527810967591,single_persistent_drop_needs_roi_qc,0.9462923571539248,9.42143912560918e-05,0,13.399641036987305,0.1410488486289978,2.2648887634277344,-0.3211350440979004,0.2721683084964752,0.0121756340377032,0.0049263426917605,0.0081521835090825,0.0005587476607615,4.258484125330142e-05,0.0001110202854306,0.9287417084688644,0.9814329069489498,0.948491489155517,0.0005161628195081986,6.843544417729858e-05,0
cycle157_rank4_obj8,157.0,18_c2_xN_HighHighCOV_170723,1,4,8,4.446061746000481,control_multicycle_roi_candidate,579.5471698113207,178.9433962264151,484,83,676,275,192,96,64,1939,3877,9008.140625,8650.265625,-357.875,0.1093101352453231,0.0898286402225494,-0.0194814950227737,0.2236067977499789,/scratch/u6hp/nsagar.u6hp/Alek_Jiho/derived/multi_cycle_roi_sequences/cycle157_rank4_obj8.npz,/scratch/u6hp/nsagar.u6hp/Alek_Jiho/derived/multi_cycle_roi_sequences/previews/cycle157_rank4_obj8.png,-0.0194814950227737,-8.59235515715654e-05,0.0362639902518131,-0.0620131815458358,-0.0003062436490012,0.0996105452366686,0.0004413052495736,7.256124005571564,0.1351401289044431,0.0012454514279833,19.744774286796662,0.897057367706484,0.0359251163899898,0.0001364448253298,control,156.0,particle1,1.0,0.1656050955414012,0.9101123595505618,4.816527810967591,single_persistent_drop_needs_roi_qc,0.8642722258468417,-0.0001783003742465,0,16.701753616333008,0.1758079379796981,2.8492655754089355,-0.766016960144043,0.3030931949615478,0.0210262188338674,0.0078266558411996,0.013048072985839,0.0012521339504019,0.0001044129392084,0.0002812449056364,0.8633716094958899,0.9690502845049824,0.9173527467701538,0.0011477210111935,0.000176831966428,0
cycle157_rank2_obj2,157.0,18_c2_xN_HighHighCOV_170723,1,2,2,4.370068954195929,control_multicycle_roi_candidate,1195.9157894736843,1049.3473684210526,1100,953,1292,1145,192,96,64,1939,3877,9242.81640625,8592.73828125,-650.078125,0.0983894318342208,0.073975533246994,-0.0244138985872268,0.2236067977499789,/scratch/u6hp/nsagar.u6hp/Alek_Jiho/derived/multi_cycle_roi_sequences/cycle157_rank2_obj2.npz,/scratch/u6hp/nsagar.u6hp/Alek_Jiho/derived/multi_cycle_roi_sequences/previews/cycle157_rank2_obj2.png,-0.0244138985872268,-0.0001056945613234,0.0375359852161533,-0.1211803475134811,-0.0005362067281629,0.1129418813660874,0.0005231583749783,-52.37027335691812,-0.2654840366721739,-0.0024467008819707,20.81677127469925,0.8891612115147007,0.0363658368587493,0.0001003126526484,control,156.0,particle1,1.0,0.1656050955414012,0.9101123595505618,4.816527810967591,single_persistent_drop_needs_roi_qc,0.6756360226257907,-0.0003688747242856,0,19.71229362487793,0.2074978202581405,3.989521026611328,0.1971363723278045,2.6886210441589355,0.0237544063129462,0.0057307693932671,0.0092500978498719,0.0020318849892646,6.415887264665798e-05,0.0001509139945028,0.7664366657256413,0.9760330540518978,0.9364801967776392,0.001967726116617942,8.675512185614203e-05,0
cycle157_rank6_obj3,157.0,18_c2_xN_HighHighCOV_170723,1,6,3,4.265081182236891,control_multicycle_roi_candidate,1670.5882352941176,144.57142857142858,1575,49,1767,241,192,96,64,1939,3877,8761.51171875,8254.6328125,-506.87890625,0.0939787328243255,0.078283816576004,-0.0156949162483215,0.2236067977499789,/scratch/u6hp/nsagar.u6hp/Alek_Jiho/derived/multi_cycle_roi_sequences/cycle157_rank6_obj3.npz,/scratch/u6hp/nsagar.u6hp/Alek_Jiho/derived/multi_cycle_roi_sequences/previews/cycle157_rank6_obj3.png,-0.0156949162483215,-7.432338836237863e-05,0.0374398914373207,-0.0741461953265428,-0.000390781888872,0.0573696824445775,0.0003425012674563,21.60569985388861,0.0145726351004687,0.0001343014050859,18.52862410457389,0.9426994291705862,0.0280348360538482,6.352157652145252e-05,control,156.0,particle1,1.0,0.1656050955414012,0.9101123595505618,4.816527810967591,single_persistent_drop_needs_roi_qc,0.7929458469284842,-0.0001588091189099,0,16.670387268066406,0.1754777580499649,2.68511962890625,1.141688346862793,0.0085954666137695,0.0186127265915274,0.0049360010161763,0.008041840075748,0.0011813086239271,4.4747345555151696e-05,0.000109559427301,0.8879444499198853,0.9830498720291588,0.952774341409727,0.0011365612783719482,6.48120817458483e-05,0
cycle158_rank6_obj3,158.0,18_c2_xN_HighHighCOV_170723,2,6,3,5.3452399511153725,control_multicycle_roi_candidate,1670.0884955752213,145.4513274336283,1574,49,1766,241,192,96,64,3878,5817,8258.9228515625,8410.654296875,151.7314453125,0.0729568228125572,0.0780672058463096,0.0051103830337524,0.2499999999999317,/scratch/u6hp/nsagar.u6hp/Alek_Jiho/derived/multi_cycle_roi_sequences/cycle158_rank6_obj3.npz,/scratch/u6hp/nsagar.u6hp/Alek_Jiho/derived/multi_cycle_roi_sequences/previews/cycle158_rank6_obj3.png,0.0051103830337524,3.107146653363748e-05,0.0067432874363578,0.0155781905332534,8.406157204089966e-05,-0.0005991611743559,-4.737872473043169e-05,-31.58956045683931,-0.2523762690657619,-0.00232589969571,19.302541416408893,0.9775091806012308,0.0169181134551763,0.0001570146705489,control,156.0,particle1,1.0,0.1656050955414012,0.9101123595505618,4.816527810967591,single_persistent_drop_needs_roi_qc,1.5361833653905674,-0.00018406116264,0,23.117168426513672,0.2433386147022247,1.414961338043213,-0.5401935577392578,0.2327332496643066,0.0276801561121828,0.0062587858265032,0.0092678412620443,0.0025926572234311,0.0001648223635584,0.0002858145182926,0.7809419049536473,0.9751848185350716,0.9448691722171568,0.0024278348598726998,0.00012099215473419998,0
cycle158_rank1_obj2,158.0,18_c2_xN_HighHighCOV_170723,2,1,2,4.934436160019414,control_multicycle_roi_candidate,1345.6046511627908,128.41860465116278,1250,32,1442,224,192,96,64,3878,5817,8823.33203125,8933.904296875,110.572265625,0.0708280876278877,0.0741736218333244,0.0033455342054367,0.2499999999999317,/scratch/u6hp/nsagar.u6hp/Alek_Jiho/derived/multi_cycle_roi_sequences/cycle158_rank1_obj2.npz,/scratch/u6hp/nsagar.u6hp/Alek_Jiho/derived/multi_cycle_roi_sequences/previews/cycle158_rank1_obj2.png,0.0033455342054367,1.9744114656915987e-05,0.0060218629726844,0.0194727381665668,4.742673443991416e-05,-0.0022468544038346,-3.515682440188362e-05,-51.33551385753663,-0.3129932817192483,-0.0028845460843245,18.229221350713825,0.968946776006864,0.0165940001606941,0.0001326182973571,control,156.0,particle1,1.0,0.1656050955414012,0.9101123595505618,4.816527810967591,single_persistent_drop_needs_roi_qc,0.8210227064111154,4.313350247664821e-05,0,20.067161560058597,0.2112332731485366,2.030465841293335,0.0821471214294433,0.0092741250991821,0.0181302704440895,0.0060694893763866,0.0091924214066239,0.001060962147676,0.0001406461511805,0.00024923778642,0.8337101210875867,0.9716123134912464,0.9368473972807376,0.0009203159964955,0.0001085916352395,0
cycle158_rank4_obj8,158.0,18_c2_xN_HighHighCOV_170723,2,4,8,4.680398202469608,control_multicycle_roi_candidate,581.010101010101,179.07070707070707,485,83,677,275,192,96,64,3878,5817,8654.150390625,8757.1767578125,103.0263671875,0.0854007750749588,0.0908047407865524,0.0054039657115936,0.2499999999999317,/scratch/u6hp/nsagar.u6hp/Alek_Jiho/derived/multi_cycle_roi_sequences/cycle158_rank4_obj8.npz,/scratch/u6hp/nsagar.u6hp/Alek_Jiho/derived/multi_cycle_roi_sequences/previews/cycle158_rank4_obj8.png,0.0054039657115936,4.058858830031508e-05,0.0086216173781379,0.0203714799281006,2.6316179326966413e-05,-0.0262133013780707,-0.0002596948063919,-31.688338177060015,-0.3217386134146422,-0.0029651430612293,22.71301999958255,0.9578880284728652,0.0207408517599105,0.000332863710355,control,156.0,particle1,1.0,0.1656050955414012,0.9101123595505618,4.816527810967591,single_persistent_drop_needs_roi_qc,1.010899066972006,0.0001401779046497,0,28.14414405822754,0.2962541580200195,1.2180750370025637,-0.0775225162506103,0.0718247890472412,0.0240086218109354,0.0098361480195308,0.0149177321291062,0.0020237407843524,0.0003484135547751,0.0006214074655872,0.8286645977046009,0.9510372862429324,0.8963039870110696,0.0016753272295772998,0.0002729939108121,0
cycle158_rank2_obj1,158.0,18_c2_xN_HighHighCOV_170723,2,2,1,4.565168403238116,control_multicycle_roi_candidate,1196.9032258064517,1048.9032258064517,1101,953,1293,1145,192,96,64,3878,5817,8600.0107421875,8824.365234375,224.3544921875,0.0687731802463531,0.07765544205904,0.0088822618126869,0.2499999999999317,/scratch/u6hp/nsagar.u6hp/Alek_Jiho/derived/multi_cycle_roi_sequences/cycle158_rank2_obj1.npz,/scratch/u6hp/nsagar.u6hp/Alek_Jiho/derived/multi_cycle_roi_sequences/previews/cycle158_rank2_obj1.png,0.0088822618126869,5.592031859803073e-05,0.0116078518471225,0.0489814260035949,0.0002746326845712,-0.0411923307369682,-0.0001947719621101,11.950066627404908,-0.0071607918778047,-6.599385794584869e-05,20.22265912457888,0.9617807398224266,0.0186333432793617,0.000292597716907,control,156.0,particle1,1.0,0.1656050955414012,0.9101123595505618,4.816527810967591,single_persistent_drop_needs_roi_qc,0.7788033639340246,0.0002693341677908,0,26.110675811767575,0.2748492062091827,1.984431266784668,-0.1465176045894622,-1.2254962921142578,0.0252209362806752,0.0073902931326301,0.0105944609676953,0.0025905270777002,0.0002912686506988,0.0004585671251788,0.7854767649243868,0.9657781806463692,0.9268747776479478,0.0022992584270014,0.00016729847448000002,0
