cycleNo,source_stem,is_event_cycle,particle_event_count,candidate_rank,preview_png,trace_csv,label,area_ds_px,centroid_y_ds,centroid_x_ds,bbox_min_row,bbox_min_col,bbox_max_row,bbox_max_col,eccentricity,solidity,candidate_score,downsample,high_threshold_from_first_frame,roi_mean_first,roi_mean_last,roi_mean_delta_last_minus_first,roi_mean_slope_per_frame,roi_mean_slope_r2,high_fraction_first,high_fraction_last,high_fraction_slope_per_frame,front_radius_slope_ds_px_per_frame,front_radius_slope_r2,front_radius_monotonic_fraction,apparent_diffusion_proxy_ds_px2_per_frame,front_radius2_slope_r2,front_quality_score
60.0,7_c2_x10_290623,True,1,3,/scratch/u6hp/nsagar.u6hp/Alek_Jiho/derived/event_candidate_fronts/candidate_previews/cycle_60_7_c2_x10_290623_candidates.png,/scratch/u6hp/nsagar.u6hp/Alek_Jiho/derived/event_candidate_fronts/candidate_traces/cycle_60_7_c2_x10_290623_cand3.csv,6,116,80.87068965517241,200.27586206896552,74,194,88,206,0.7249222576064093,0.8345323741007195,17.698283670993852,4,13624.070556640625,13334.620689655172,13212.137931034482,-122.48275862069022,1.1985755027117686,0.23843438984598841,0.3706896551724138,0.35344827586206895,1.0848163828218763e-05,0.0002752594467809119,0.6768568396840542,0.6451612903225806,0.0004867846454059653,0.6725353420303015,2.4945534720369364
86.0,10_c2_x10_030723,True,3,2,/scratch/u6hp/nsagar.u6hp/Alek_Jiho/derived/event_candidate_fronts/candidate_previews/cycle_86_10_c2_x10_030723_candidates.png,/scratch/u6hp/nsagar.u6hp/Alek_Jiho/derived/event_candidate_fronts/candidate_traces/cycle_86_10_c2_x10_030723_cand2.csv,4,191,42.58638743455497,331.5811518324607,34,323,55,341,0.5592164016001411,0.7701612903225806,20.97714446182087,4,13745.401611328125,14140.649214659687,14132.942408376963,-7.706806282723846,0.8617468096024824,0.08503939055011867,0.33507853403141363,0.3298429319371728,2.5046704237176855e-05,-0.00016040370232596533,0.5428245893496153,0.6129032258064516,-0.000382821207576678,0.5426694936918888,2.1983973088479556
62.0,7_c2_x10_290623,False,0,2,/scratch/u6hp/nsagar.u6hp/Alek_Jiho/derived/event_candidate_fronts/candidate_previews/cycle_62_7_c2_x10_290623_candidates.png,/scratch/u6hp/nsagar.u6hp/Alek_Jiho/derived/event_candidate_fronts/candidate_traces/cycle_62_7_c2_x10_290623_cand2.csv,2,104,28.278846153846153,330.9326923076923,20,327,38,336,0.9308325107422052,0.8888888888888888,18.536789827287276,4,19150.46826171875,17424.615384615383,17412.923076923078,-11.692307692304894,0.6866739674325341,0.0164902810976304,0.41346153846153844,0.4230769230769231,5.3472525644299116e-05,0.00019929578154883012,0.6851130808604106,0.7096774193548387,0.00042300402511996307,0.6845526770989445,2.079343177314194
60.0,7_c2_x10_290623,True,1,1,/scratch/u6hp/nsagar.u6hp/Alek_Jiho/derived/event_candidate_fronts/candidate_previews/cycle_60_7_c2_x10_290623_candidates.png,/scratch/u6hp/nsagar.u6hp/Alek_Jiho/derived/event_candidate_fronts/candidate_traces/cycle_60_7_c2_x10_290623_cand1.csv,2,104,29.740384615384617,331.24038461538464,22,327,39,337,0.9190238128940872,0.8524590163934426,18.697132277597575,4,18501.1474609375,17419.076923076922,17422.76923076923,3.692307692308532,0.8749251505689644,0.0264152056337289,0.4230769230769231,0.375,-2.6839643071810966e-05,9.68436082862983e-05,0.4067763558179186,0.6774193548387096,0.00020433842244090803,0.40677612426886667,1.990971834925495
62.0,7_c2_x10_290623,False,0,1,/scratch/u6hp/nsagar.u6hp/Alek_Jiho/derived/event_candidate_fronts/candidate_previews/cycle_62_7_c2_x10_290623_candidates.png,/scratch/u6hp/nsagar.u6hp/Alek_Jiho/derived/event_candidate_fronts/candidate_traces/cycle_62_7_c2_x10_290623_cand1.csv,11,126,254.4920634920635,293.26984126984127,247,287,263,300,0.8542403421910771,0.8456375838926175,18.775129643967396,4,13798.03173828125,13350.095238095239,13529.396825396825,179.30158730158655,0.5555999334277509,0.028301911211590647,0.3412698412698413,0.3492063492063492,2.1226416744828144e-05,-0.0004927792849369983,0.7803581370594694,0.41935483870967744,-0.0010294590858875988,0.7753209069709159,1.9750338827400629
86.0,10_c2_x10_030723,True,3,5,/scratch/u6hp/nsagar.u6hp/Alek_Jiho/derived/event_candidate_fronts/candidate_previews/cycle_86_10_c2_x10_030723_candidates.png,/scratch/u6hp/nsagar.u6hp/Alek_Jiho/derived/event_candidate_fronts/candidate_traces/cycle_86_10_c2_x10_030723_cand5.csv,6,168,47.92857142857143,416.80357142857144,40,407,55,429,0.9056782175594738,0.7088607594936709,19.39260182287597,4,12441.076416015625,12547.809523809523,12570.666666666666,22.857142857143117,0.7183954083994171,0.09245268762534109,0.3273809523809524,0.31547619047619047,1.0929867658993913e-05,0.0003388017272377182,0.45857681755603075,0.5483870967741935,0.000766356757609095,0.4537030822140212,1.9606669965442456
86.0,10_c2_x10_030723,True,3,6,/scratch/u6hp/nsagar.u6hp/Alek_Jiho/derived/event_candidate_fronts/candidate_previews/cycle_86_10_c2_x10_030723_candidates.png,/scratch/u6hp/nsagar.u6hp/Alek_Jiho/derived/event_candidate_fronts/candidate_traces/cycle_86_10_c2_x10_030723_cand6.csv,7,150,56.02,139.38666666666666,51,127,62,149,0.8739756944761317,0.7853403141361257,18.209440500787828,4,13016.732421875,12847.36,12823.466666666667,-23.89333333333343,0.6545071336147326,0.09076891577867796,0.26,0.26666666666666666,2.784039844967342e-05,-0.00021604781499874335,0.42287465094260623,0.5161290322580645,-0.0005389950635360297,0.4191335432944091,1.8581372264950797
156.0,18_c2_xN_HighHighCOV_170723,True,1,7,/scratch/u6hp/nsagar.u6hp/Alek_Jiho/derived/event_candidate_fronts/candidate_previews/cycle_156_18_c2_xN_HighHighCOV_170723_candidates.png,/scratch/u6hp/nsagar.u6hp/Alek_Jiho/derived/event_candidate_fronts/candidate_traces/cycle_156_18_c2_xN_HighHighCOV_170723_cand7.csv,12,114,214.8684210526316,313.7631578947368,209,303,220,325,0.9249771586702928,0.6627906976744186,16.269611088744362,4,13226.602294921875,12496.280701754386,13471.438596491229,975.1578947368434,-0.19993151696613476,0.03766802218760268,0.32456140350877194,0.37719298245614036,-2.1857055737898395e-05,0.0002016659275431033,0.28293578444645473,0.6129032258064516,0.0003611010573530089,0.2709698736400573,1.6668088838929638
58.0,7_c2_x10_290623,False,0,6,/scratch/u6hp/nsagar.u6hp/Alek_Jiho/derived/event_candidate_fronts/candidate_previews/cycle_58_7_c2_x10_290623_candidates.png,/scratch/u6hp/nsagar.u6hp/Alek_Jiho/derived/event_candidate_fronts/candidate_traces/cycle_58_7_c2_x10_290623_cand6.csv,10,131,211.19847328244273,309.60305343511453,206,301,217,321,0.8728495669374912,0.7660818713450293,15.739031047161436,4,11964.46044921875,11614.778625954199,11630.900763358779,16.122137404579917,0.11477444034820995,0.16993197625116319,0.32061068702290074,0.3282442748091603,2.891154488789386e-05,0.00020200101574386795,0.5355133694368999,0.5483870967741935,0.00034928054025853907,0.5316272645618885,1.6155277307729818
156.0,18_c2_xN_HighHighCOV_170723,True,1,8,/scratch/u6hp/nsagar.u6hp/Alek_Jiho/derived/event_candidate_fronts/candidate_previews/cycle_156_18_c2_xN_HighHighCOV_170723_candidates.png,/scratch/u6hp/nsagar.u6hp/Alek_Jiho/derived/event_candidate_fronts/candidate_traces/cycle_156_18_c2_xN_HighHighCOV_170723_cand8.csv,17,97,283.6185567010309,312.11340206185565,277,307,291,319,0.8218744059871418,0.9238095238095239,16.006604711786597,4,13429.163696289062,12712.247422680412,17297.81443298969,4585.567010309278,0.8391157126567363,0.1004399138706853,0.31958762886597936,0.4742268041237113,2.9264177494592415e-05,0.00010036054205139602,0.2168786212239604,0.6451612903225806,0.00013453645462283044,0.2176075102704954,1.5796474218170364
158.0,18_c2_xN_HighHighCOV_170723,False,0,6,/scratch/u6hp/nsagar.u6hp/Alek_Jiho/derived/event_candidate_fronts/candidate_previews/cycle_158_18_c2_xN_HighHighCOV_170723_candidates.png,/scratch/u6hp/nsagar.u6hp/Alek_Jiho/derived/event_candidate_fronts/candidate_traces/cycle_158_18_c2_xN_HighHighCOV_170723_cand6.csv,6,110,37.59090909090909,417.3272727272727,33,411,43,426,0.8030339929456313,0.859375,17.48024832522704,4,15672.580810546875,15385.018181818183,17011.2,1626.181818181818,0.40769419117152383,0.016779443106538006,0.39090909090909093,0.4,-2.083545754547143e-06,-8.87478716083379e-05,0.4758044760525971,0.5806451612903226,-0.00018406116264004728,0.4797337280476476,1.5361833653905674
60.0,7_c2_x10_290623,True,1,4,/scratch/u6hp/nsagar.u6hp/Alek_Jiho/derived/event_candidate_fronts/candidate_previews/cycle_60_7_c2_x10_290623_candidates.png,/scratch/u6hp/nsagar.u6hp/Alek_Jiho/derived/event_candidate_fronts/candidate_traces/cycle_60_7_c2_x10_290623_cand4.csv,4,121,41.09090909090909,139.29752066115702,36,132,48,147,0.699081522172021,0.8402777777777778,17.439022183418274,4,13313.936279296875,13382.347107438016,13435.239669421488,52.89256198347175,0.5653204601412035,0.03408122553547355,0.3140495867768595,0.30578512396694213,1.8327656620998126e-05,-0.00033038970868819813,0.2649429907887313,0.5161290322580645,-0.000649790520133014,0.2527234699811225,1.5337954930279183
62.0,7_c2_x10_290623,False,0,3,/scratch/u6hp/nsagar.u6hp/Alek_Jiho/derived/event_candidate_fronts/candidate_previews/cycle_62_7_c2_x10_290623_candidates.png,/scratch/u6hp/nsagar.u6hp/Alek_Jiho/derived/event_candidate_fronts/candidate_traces/cycle_62_7_c2_x10_290623_cand3.csv,5,112,80.13392857142857,200.08928571428572,73,194,87,206,0.6654905404345755,0.8484848484848485,18.26767573572343,4,13733.9814453125,13028.0,13078.285714285714,50.285714285713766,1.1736420863072643,0.17305672455727172,0.3392857142857143,0.3482142857142857,8.446840382866939e-05,0.0005295249105776808,0.4351365854209194,0.6451612903225806,0.0009999913697182436,0.4423055212122806,1.5226033969557806
156.0,18_c2_xN_HighHighCOV_170723,True,1,1,/scratch/u6hp/nsagar.u6hp/Alek_Jiho/derived/event_candidate_fronts/candidate_previews/cycle_156_18_c2_xN_HighHighCOV_170723_candidates.png,/scratch/u6hp/nsagar.u6hp/Alek_Jiho/derived/event_candidate_fronts/candidate_traces/cycle_156_18_c2_xN_HighHighCOV_170723_cand1.csv,4,159,32.660377358490564,335.62264150943395,25,330,42,343,0.7433054966753619,0.8736263736263736,20.485165652194556,4,14697.964111328125,14476.880503144654,19943.849056603773,5466.968553459119,1.0172070415640422,0.10745077431360917,0.3584905660377358,0.4779874213836478,2.6596380235670712e-05,3.907769648834327e-05,0.2139814615761585,0.5806451612903226,8.666220301022266e-05,0.2141685222247821,1.5087951450912631
60.0,7_c2_x10_290623,True,1,7,/scratch/u6hp/nsagar.u6hp/Alek_Jiho/derived/event_candidate_fronts/candidate_previews/cycle_60_7_c2_x10_290623_candidates.png,/scratch/u6hp/nsagar.u6hp/Alek_Jiho/derived/event_candidate_fronts/candidate_traces/cycle_60_7_c2_x10_290623_cand7.csv,14,95,281.5052631578947,305.5578947368421,275,300,289,312,0.899333659389271,0.9047619047619048,15.577849225587627,4,11754.208801269531,11233.01052631579,11247.831578947369,14.821052631579732,0.3581690328891828,0.02439645825447545,0.3263157894736842,0.3473684210526316,6.150309552372569e-05,0.0002356390641369838,0.21077289574812896,0.5806451612903226,0.00035681548785184574,0.2014138866978511,1.4928319437363027
62.0,7_c2_x10_290623,False,0,8,/scratch/u6hp/nsagar.u6hp/Alek_Jiho/derived/event_candidate_fronts/candidate_previews/cycle_62_7_c2_x10_290623_candidates.png,/scratch/u6hp/nsagar.u6hp/Alek_Jiho/derived/event_candidate_fronts/candidate_traces/cycle_62_7_c2_x10_290623_cand8.csv,6,90,103.1,202.0,95,196,110,208,0.8915439567656571,0.8411214953271028,14.25517491713574,4,10994.337341308594,10584.888888888889,10681.6,96.71111111111168,0.6354728751969086,0.1381693638202759,0.32222222222222224,0.3111111111111111,8.581254100547298e-05,-0.00032866154020837776,0.4741929124847768,0.5161290322580645,-0.0007487539571668717,0.4774228701716998,1.4677448149145411
86.0,10_c2_x10_030723,True,3,3,/scratch/u6hp/nsagar.u6hp/Alek_Jiho/derived/event_candidate_fronts/candidate_previews/cycle_86_10_c2_x10_030723_candidates.png,/scratch/u6hp/nsagar.u6hp/Alek_Jiho/derived/event_candidate_fronts/candidate_traces/cycle_86_10_c2_x10_030723_cand3.csv,19,150,270.3333333333333,295.0933333333333,263,287,279,304,0.8626840659057223,0.872093023255814,19.70689210851396,4,13284.746826171875,13007.36,13050.453333333333,43.09333333333234,0.8270832796848133,0.13152854894071075,0.32,0.31333333333333335,3.89118330971098e-05,-0.0001912941581939171,0.13766793518734877,0.6774193548387096,-0.00040428549481119104,0.14149047094013845,1.456577760966197
156.0,18_c2_xN_HighHighCOV_170723,True,1,6,/scratch/u6hp/nsagar.u6hp/Alek_Jiho/derived/event_candidate_fronts/candidate_previews/cycle_156_18_c2_xN_HighHighCOV_170723_candidates.png,/scratch/u6hp/nsagar.u6hp/Alek_Jiho/derived/event_candidate_fronts/candidate_traces/cycle_156_18_c2_xN_HighHighCOV_170723_cand6.csv,5,109,37.972477064220186,417.10091743119267,33,410,43,426,0.8540408720009618,0.8515625,17.04552093507522,4,14477.07861328125,14182.752293577982,20145.32110091743,5962.5688073394485,1.118844161989966,0.10415948801427544,0.41284403669724773,0.48623853211009177,2.442775724065178e-05,2.3546696871045957e-05,0.11274849248639651,0.7096774193548387,4.9933181466435456e-05,0.11436677743253554,1.4367926892737708
60.0,7_c2_x10_290623,True,1,8,/scratch/u6hp/nsagar.u6hp/Alek_Jiho/derived/event_candidate_fronts/candidate_previews/cycle_60_7_c2_x10_290623_candidates.png,/scratch/u6hp/nsagar.u6hp/Alek_Jiho/derived/event_candidate_fronts/candidate_traces/cycle_60_7_c2_x10_290623_cand8.csv,1,99,29.151515151515152,257.92929292929296,22,253,36,264,0.7289797092113507,0.853448275862069,14.5071297837979,4,11427.774536132812,11013.171717171717,10925.252525252525,-87.9191919191926,0.19856176503151296,0.01339065354600899,0.23232323232323232,0.26262626262626265,4.291903940336203e-05,0.0003486990432383347,0.1628186313720219,0.5806451612903226,0.0007783059122583892,0.17661286381671326,1.4200766564790577
60.0,7_c2_x10_290623,True,1,2,/scratch/u6hp/nsagar.u6hp/Alek_Jiho/derived/event_candidate_fronts/candidate_previews/cycle_60_7_c2_x10_290623_candidates.png,/scratch/u6hp/nsagar.u6hp/Alek_Jiho/derived/event_candidate_fronts/candidate_traces/cycle_60_7_c2_x10_290623_cand2.csv,12,114,256.70175438596493,293.93859649122805,249,287,265,301,0.8161845621434521,0.8028169014084507,18.311250653351454,4,14246.750732421875,13984.0,13988.491228070176,4.491228070175566,0.6845275143569588,0.035436101996582425,0.32456140350877194,0.34210526315789475,3.0388407294964615e-05,-0.00020433096507364157,0.21237059392507063,0.45161290322580644,-0.0003672763036167714,0.20818252296138662,1.3721660201122636
116.0,13_c2_x6_100723,True,3,7,/scratch/u6hp/nsagar.u6hp/Alek_Jiho/derived/event_candidate_fronts/candidate_previews/cycle_116_13_c2_x6_100723_candidates.png,/scratch/u6hp/nsagar.u6hp/Alek_Jiho/derived/event_candidate_fronts/candidate_traces/cycle_116_13_c2_x6_100723_cand7.csv,8,107,224.38317757009347,315.70093457943926,219,309,230,325,0.7816273029362908,0.8294573643410853,14.532880278626676,4,12236.18408203125,11779.58878504673,11747.289719626167,-32.29906542056233,0.1908318904785703,0.12129392073889311,0.32710280373831774,0.32710280373831774,4.537794807636593e-05,0.00017060352168482202,0.10527430969346963,0.6129032258064516,0.0003295309914747071,0.1070096376712486,1.32518717317117
60.0,7_c2_x10_290623,True,1,6,/scratch/u6hp/nsagar.u6hp/Alek_Jiho/derived/event_candidate_fronts/candidate_previews/cycle_60_7_c2_x10_290623_candidates.png,/scratch/u6hp/nsagar.u6hp/Alek_Jiho/derived/event_candidate_fronts/candidate_traces/cycle_60_7_c2_x10_290623_cand6.csv,9,132,210.2651515151515,308.8560606060606,205,301,217,320,0.8418671744174486,0.7415730337078652,15.866868741991695,4,12047.711669921875,11574.30303030303,11559.757575757576,-14.54545454545405,0.08768242618479874,0.07138118820267148,0.2878787878787879,0.29545454545454547,1.8396398661689447e-05,-0.00015745483148189052,0.15409314935123875,0.5161290322580645,-0.00026872032000894313,0.14980947230265884,1.320031653911962
156.0,18_c2_xN_HighHighCOV_170723,True,1,5,/scratch/u6hp/nsagar.u6hp/Alek_Jiho/derived/event_candidate_fronts/candidate_previews/cycle_156_18_c2_xN_HighHighCOV_170723_candidates.png,/scratch/u6hp/nsagar.u6hp/Alek_Jiho/derived/event_candidate_fronts/candidate_traces/cycle_156_18_c2_xN_HighHighCOV_170723_cand5.csv,9,122,82.73770491803279,205.2295081967213,74,198,93,214,0.9184829133330797,0.7484662576687117,17.941791027063086,4,13098.031005859375,12892.852459016394,17741.114754098362,4848.262295081968,0.9139918483893449,0.10929156227119419,0.3114754098360656,0.5409836065573771,3.894440336190993e-05,0.00022594803700428027,0.08899441997861168,0.6451612903225806,0.0003479716831246465,0.07564158459179426,1.3097972948929866
90.0,10_c2_x10_030723,False,0,6,/scratch/u6hp/nsagar.u6hp/Alek_Jiho/derived/event_candidate_fronts/candidate_previews/cycle_90_10_c2_x10_030723_candidates.png,/scratch/u6hp/nsagar.u6hp/Alek_Jiho/derived/event_candidate_fronts/candidate_traces/cycle_90_10_c2_x10_030723_cand6.csv,8,134,56.634328358208954,138.17164179104478,51,127,62,148,0.8699980941295566,0.7928994082840237,17.235991554102924,4,13139.03125,12883.58208955224,12835.820895522387,-47.76119402985205,0.4299394945839422,0.03096778087305252,0.27611940298507465,0.26119402985074625,3.893129833852322e-06,0.0003013959418019238,0.3354195324071516,0.6129032258064516,0.0008126134183213981,0.34116066571353887,1.289483423927142
116.0,13_c2_x6_100723,True,3,3,/scratch/u6hp/nsagar.u6hp/Alek_Jiho/derived/event_candidate_fronts/candidate_previews/cycle_116_13_c2_x6_100723_candidates.png,/scratch/u6hp/nsagar.u6hp/Alek_Jiho/derived/event_candidate_fronts/candidate_traces/cycle_116_13_c2_x6_100723_cand3.csv,5,109,96.20183486238533,205.57798165137615,90,199,103,212,0.5817522623604555,0.8449612403100775,18.412653909965687,4,14222.658203125,13754.715596330276,13624.366972477064,-130.3486238532114,1.4205518427152501,0.20287663172889536,0.3761467889908257,0.3302752293577982,4.8165019990174694e-05,-0.00010942731676882368,0.09804484664922697,0.5806451612903226,-0.00019161218728063286,0.09868708612661448,1.2773770940661642
116.0,13_c2_x6_100723,True,3,2,/scratch/u6hp/nsagar.u6hp/Alek_Jiho/derived/event_candidate_fronts/candidate_previews/cycle_116_13_c2_x6_100723_candidates.png,/scratch/u6hp/nsagar.u6hp/Alek_Jiho/derived/event_candidate_fronts/candidate_traces/cycle_116_13_c2_x6_100723_cand2.csv,2,129,43.14728682170543,335.6821705426357,36,330,54,342,0.800620919253839,0.832258064516129,19.54440010781142,4,18662.975341796875,16929.24031007752,16747.658914728683,-181.58139534883594,1.4986578064605456,0.1235535077078781,0.37209302325581395,0.3643410852713178,4.669152422082058e-05,1.2336246463425745e-05,0.006748266199650188,0.7419354838709677,2.5891314395784092e-05,0.006577152533584929,1.2552609026042028
86.0,10_c2_x10_030723,True,3,8,/scratch/u6hp/nsagar.u6hp/Alek_Jiho/derived/event_candidate_fronts/candidate_previews/cycle_86_10_c2_x10_030723_candidates.png,/scratch/u6hp/nsagar.u6hp/Alek_Jiho/derived/event_candidate_fronts/candidate_traces/cycle_86_10_c2_x10_030723_cand8.csv,18,104,249.1153846153846,28.78846153846154,241,24,259,35,0.9073335360534048,0.7591240875912408,15.658476718677482,4,11767.94287109375,11568.0,11595.076923076924,27.076923076923777,0.9445241724345939,0.25853898243674855,0.25961538461538464,0.2980769230769231,5.28219481021505e-05,0.0001250923712767358,0.05052747604384755,0.6451612903225806,0.0002578172714733306,0.05270461076252886,1.248393377128957
156.0,18_c2_xN_HighHighCOV_170723,True,1,3,/scratch/u6hp/nsagar.u6hp/Alek_Jiho/derived/event_candidate_fronts/candidate_previews/cycle_156_18_c2_xN_HighHighCOV_170723_candidates.png,/scratch/u6hp/nsagar.u6hp/Alek_Jiho/derived/event_candidate_fronts/candidate_traces/cycle_156_18_c2_xN_HighHighCOV_170723_cand3.csv,3,167,32.02395209580838,257.7784431137725,25,247,39,269,0.846860782763595,0.7324561403508771,19.472103383352174,4,12607.126708984375,12314.059880239522,16089.676646706586,3775.6167664670647,0.7029494761815697,0.10529500308503303,0.2754491017964072,0.4311377245508982,2.0498204687846207e-05,4.817646554022589e-05,0.08160919090129759,0.5806451612903226,0.00014641699593906962,0.08153264581668807,1.2437869980083083
116.0,13_c2_x6_100723,True,3,4,/scratch/u6hp/nsagar.u6hp/Alek_Jiho/derived/event_candidate_fronts/candidate_previews/cycle_116_13_c2_x6_100723_candidates.png,/scratch/u6hp/nsagar.u6hp/Alek_Jiho/derived/event_candidate_fronts/candidate_traces/cycle_116_13_c2_x6_100723_cand4.csv,3,143,45.78321678321678,263.23776223776224,37,258,57,272,0.8607891243872274,0.8461538461538461,16.92152724158899,4,11308.9619140625,10557.762237762237,10490.62937062937,-67.13286713286652,0.4353973035347167,0.11328394040000112,0.16083916083916083,0.16083916083916083,6.211446644484681e-05,-0.0003021278539331236,0.07761422471990997,0.5806451612903226,-0.0008220262127518292,0.08512256760316306,1.2433819536133957
60.0,7_c2_x10_290623,True,1,5,/scratch/u6hp/nsagar.u6hp/Alek_Jiho/derived/event_candidate_fronts/candidate_previews/cycle_60_7_c2_x10_290623_candidates.png,/scratch/u6hp/nsagar.u6hp/Alek_Jiho/derived/event_candidate_fronts/candidate_traces/cycle_60_7_c2_x10_290623_cand5.csv,3,104,34.25,412.8557692307692,29,405,40,422,0.8806204716057223,0.8253968253968254,16.654117591713817,4,14976.0869140625,14761.846153846154,14712.0,-49.846153846154266,0.6161278103605137,0.020103972035775297,0.3942307692307692,0.38461538461538464,-6.752923217280524e-07,3.7975787610687744e-05,0.013579236415008689,0.7096774193548387,7.914396233751553e-05,0.013147908418464471,1.236404564188312
156.0,18_c2_xN_HighHighCOV_170723,True,1,2,/scratch/u6hp/nsagar.u6hp/Alek_Jiho/derived/event_candidate_fronts/candidate_previews/cycle_156_18_c2_xN_HighHighCOV_170723_candidates.png,/scratch/u6hp/nsagar.u6hp/Alek_Jiho/derived/event_candidate_fronts/candidate_traces/cycle_156_18_c2_xN_HighHighCOV_170723_cand2.csv,14,164,260.8719512195122,299.3170731707317,253,292,270,307,0.6281276510504509,0.8677248677248677,19.84839758154367,4,12830.030517578125,12590.048780487805,17380.682926829268,4790.634146341463,0.85783395999051,0.10471400469364822,0.27439024390243905,0.4695121951219512,2.8006157619253826e-05,0.00011084561724848357,0.05012883121474265,0.6129032258064516,0.00021771266646589612,0.04880418150295229,1.2118362385241466
86.0,10_c2_x10_030723,True,3,1,/scratch/u6hp/nsagar.u6hp/Alek_Jiho/derived/event_candidate_fronts/candidate_previews/cycle_86_10_c2_x10_030723_candidates.png,/scratch/u6hp/nsagar.u6hp/Alek_Jiho/derived/event_candidate_fronts/candidate_traces/cycle_86_10_c2_x10_030723_cand1.csv,5,234,44.82051282051282,257.03846153846155,37,245,56,269,0.6780403997006524,0.752411575562701,21.097440267930757,4,12296.80859375,11552.0,11564.307692307691,12.307692307691468,0.5083862988606037,0.10392332995577391,0.18803418803418803,0.19658119658119658,1.6989892594867667e-05,-5.741751792311796e-05,0.008254274689007968,0.6451612903225806,-0.00022157107317961853,0.008163423442783868,1.1615789884543726
116.0,13_c2_x6_100723,True,3,5,/scratch/u6hp/nsagar.u6hp/Alek_Jiho/derived/event_candidate_fronts/candidate_previews/cycle_116_13_c2_x6_100723_candidates.png,/scratch/u6hp/nsagar.u6hp/Alek_Jiho/derived/event_candidate_fronts/candidate_traces/cycle_116_13_c2_x6_100723_cand5.csv,12,87,294.5287356321839,311.64367816091954,289,306,300,319,0.8263041749194666,0.9456521739130435,15.946347152854184,4,12677.76904296875,12104.091954022988,11911.356321839081,-192.735632183907,0.8493859955498675,0.0982751126843443,0.367816091954023,0.3218390804597701,7.784737438135433e-05,3.121477987854268e-05,0.041775554596926945,0.5483870967741935,4.206349207174184e-05,0.040727350793783756,1.1308900021649042
86.0,10_c2_x10_030723,True,3,4,/scratch/u6hp/nsagar.u6hp/Alek_Jiho/derived/event_candidate_fronts/candidate_previews/cycle_86_10_c2_x10_030723_candidates.png,/scratch/u6hp/nsagar.u6hp/Alek_Jiho/derived/event_candidate_fronts/candidate_traces/cycle_86_10_c2_x10_030723_cand4.csv,10,141,97.50354609929079,203.61702127659575,90,196,105,214,0.6441340408905808,0.8103448275862069,19.54981176377947,4,12987.486083984375,12504.964539007093,12380.14184397163,-124.82269503546195,1.0616038122719968,0.2502683725299196,0.3404255319148936,0.3262411347517731,5.901694430949978e-05,3.755559910081925e-05,0.0007448741429980643,0.6129032258064516,0.00013134585071984328,0.0019696975655716376,1.1156177975150214
62.0,7_c2_x10_290623,False,0,4,/scratch/u6hp/nsagar.u6hp/Alek_Jiho/derived/event_candidate_fronts/candidate_previews/cycle_62_7_c2_x10_290623_candidates.png,/scratch/u6hp/nsagar.u6hp/Alek_Jiho/derived/event_candidate_fronts/candidate_traces/cycle_62_7_c2_x10_290623_cand4.csv,3,119,39.857142857142854,138.78991596638656,35,132,46,146,0.694136472584216,0.8439716312056738,17.21428657509046,4,13920.24853515625,13440.0,13456.134453781513,16.134453781513002,0.4045225776485171,0.018001102527018253,0.2773109243697479,0.2857142857142857,3.1361112419193095e-05,-0.0002497951861351618,0.2855718058002995,0.5483870967741935,-0.0004830536672512152,0.2797421918750208,1.1137010944495138
58.0,7_c2_x10_290623,False,0,4,/scratch/u6hp/nsagar.u6hp/Alek_Jiho/derived/event_candidate_fronts/candidate_previews/cycle_58_7_c2_x10_290623_candidates.png,/scratch/u6hp/nsagar.u6hp/Alek_Jiho/derived/event_candidate_fronts/candidate_traces/cycle_58_7_c2_x10_290623_cand4.csv,4,121,42.34710743801653,139.49586776859505,37,132,49,147,0.7557923241493241,0.8287671232876712,17.53918993473053,4,13645.246826171875,13518.809917355371,13483.900826446281,-34.90909090909008,0.5818986809508717,0.03915228244139657,0.3140495867768595,0.32231404958677684,3.6684951328993366e-06,-0.0002485210448838057,0.2533090934767632,0.6129032258064516,-0.00046371381163590186,0.24293913017307533,1.1091514494562902
116.0,13_c2_x6_100723,True,3,1,/scratch/u6hp/nsagar.u6hp/Alek_Jiho/derived/event_candidate_fronts/candidate_previews/cycle_116_13_c2_x6_100723_candidates.png,/scratch/u6hp/nsagar.u6hp/Alek_Jiho/derived/event_candidate_fronts/candidate_traces/cycle_116_13_c2_x6_100723_cand1.csv,10,156,270.0,299.0576923076923,263,291,279,308,0.7574758653429133,0.8297872340425532,20.15030814203662,4,12998.2119140625,12894.76923076923,12818.051282051281,-76.71794871794918,0.9634598185621852,0.12924490573457492,0.3333333333333333,0.33974358974358976,3.123806997124763e-05,-2.444116388014128e-05,0.014158670921961103,0.5806451612903226,-4.8077049369703184e-05,0.013587410513632103,1.108391242725916
118.0,13_c2_x6_100723,False,0,4,/scratch/u6hp/nsagar.u6hp/Alek_Jiho/derived/event_candidate_fronts/candidate_previews/cycle_118_13_c2_x6_100723_candidates.png,/scratch/u6hp/nsagar.u6hp/Alek_Jiho/derived/event_candidate_fronts/candidate_traces/cycle_118_13_c2_x6_100723_cand4.csv,3,115,55.834782608695654,143.5304347826087,51,134,62,151,0.7784781275519198,0.7666666666666667,17.20644334528323,4,13932.61376953125,13756.660869565218,13648.139130434784,-108.52173913043407,0.7099183555900419,0.052449209807466035,0.28695652173913044,0.28695652173913044,9.615120691024625e-06,-5.9380065886409844e-05,0.16556447650886308,0.7741935483870968,-0.00012427565868037435,0.16542486101249132,1.1051828859084512
62.0,7_c2_x10_290623,False,0,7,/scratch/u6hp/nsagar.u6hp/Alek_Jiho/derived/event_candidate_fronts/candidate_previews/cycle_62_7_c2_x10_290623_candidates.png,/scratch/u6hp/nsagar.u6hp/Alek_Jiho/derived/event_candidate_fronts/candidate_traces/cycle_62_7_c2_x10_290623_cand7.csv,13,106,280.24528301886795,305.2641509433962,273,299,288,312,0.8851695880806976,0.8760330578512396,15.953250612500863,4,11286.868103027344,10812.377358490567,10985.66037735849,173.2830188679236,0.26311631198505364,0.01743048637916622,0.3018867924528302,0.36792452830188677,4.526210286327074e-05,0.00021239706269557951,0.26601442777060824,0.5806451612903226,0.00034439314512003054,0.2571193627452112,1.103778951806142
116.0,13_c2_x6_100723,True,3,8,/scratch/u6hp/nsagar.u6hp/Alek_Jiho/derived/event_candidate_fronts/candidate_previews/cycle_116_13_c2_x6_100723_candidates.png,/scratch/u6hp/nsagar.u6hp/Alek_Jiho/derived/event_candidate_fronts/candidate_traces/cycle_116_13_c2_x6_100723_cand8.csv,11,94,274.21276595744683,23.78723404255319,268,18,282,34,0.577575113233493,0.6666666666666666,14.140638492699829,4,11917.35400390625,11157.787234042553,11094.468085106382,-63.31914893617068,0.7716404799904625,0.16794407264152422,0.23404255319148937,0.20212765957446807,3.4972494452441105e-05,2.4418230475083417e-05,0.0017211472276140727,0.5806451612903226,5.145228727107179e-05,0.0020453450234176884,1.0844116535413544
116.0,13_c2_x6_100723,True,3,6,/scratch/u6hp/nsagar.u6hp/Alek_Jiho/derived/event_candidate_fronts/candidate_previews/cycle_116_13_c2_x6_100723_candidates.png,/scratch/u6hp/nsagar.u6hp/Alek_Jiho/derived/event_candidate_fronts/candidate_traces/cycle_116_13_c2_x6_100723_cand6.csv,6,100,119.01,207.52,111,202,126,213,0.8494276007609899,0.8771929824561403,15.936005115509033,4,10765.26611328125,10405.76,10329.6,-76.15999999999985,0.5922907296592246,0.1305059361515044,0.35,0.31,0.00016384762689534264,0.00010513835235098462,0.024677220204846306,0.5161290322580645,0.00017652453126311836,0.02156504432418982,1.0623712967871006
86.0,10_c2_x10_030723,True,3,7,/scratch/u6hp/nsagar.u6hp/Alek_Jiho/derived/event_candidate_fronts/candidate_previews/cycle_86_10_c2_x10_030723_candidates.png,/scratch/u6hp/nsagar.u6hp/Alek_Jiho/derived/event_candidate_fronts/candidate_traces/cycle_86_10_c2_x10_030723_cand7.csv,15,130,224.30769230769232,311.7846153846154,219,303,230,323,0.8585814028203711,0.7926829268292683,15.71177662290224,4,11802.568603515625,11481.107692307693,11491.446153846155,10.33846153846207,0.07814431796940632,0.12015503164163988,0.3230769230769231,0.2923076923076923,5.18690718761935e-07,6.922481487538558e-05,0.028030975667430957,0.4838709677419355,0.00012223065349124213,0.026075088634281873,1.0379770320436483
156.0,18_c2_xN_HighHighCOV_170723,True,1,4,/scratch/u6hp/nsagar.u6hp/Alek_Jiho/derived/event_candidate_fronts/candidate_previews/cycle_156_18_c2_xN_HighHighCOV_170723_candidates.png,/scratch/u6hp/nsagar.u6hp/Alek_Jiho/derived/event_candidate_fronts/candidate_traces/cycle_156_18_c2_xN_HighHighCOV_170723_cand4.csv,6,130,45.0,144.66923076923078,40,137,52,152,0.6862498938519671,0.896551724137931,18.89285160796734,4,13189.192138671875,12849.723076923077,17376.492307692308,4526.7692307692305,0.8036189508122653,0.10044954009899232,0.2923076923076923,0.4846153846153846,2.3826602125424992e-05,-2.4103392030767227e-05,0.01787998561133275,0.4838709677419355,-4.8865296377293496e-05,0.019034022506940418,1.0207849758602086
158.0,18_c2_xN_HighHighCOV_170723,False,0,4,/scratch/u6hp/nsagar.u6hp/Alek_Jiho/derived/event_candidate_fronts/candidate_previews/cycle_158_18_c2_xN_HighHighCOV_170723_candidates.png,/scratch/u6hp/nsagar.u6hp/Alek_Jiho/derived/event_candidate_fronts/candidate_traces/cycle_158_18_c2_xN_HighHighCOV_170723_cand4.csv,7,130,44.223076923076924,145.06153846153848,39,137,51,152,0.7021213836568456,0.8496732026143791,19.201337228980208,4,13883.381103515625,13699.938461538462,14867.692307692309,1167.753846153846,0.3129882860316991,0.01797145355544294,0.2846153846153846,0.33076923076923076,3.257137788193731e-05,6.98753200178388e-05,0.21391549582568348,0.5806451612903226,0.00014017790464978584,0.21633840985599984,1.010899066972006
62.0,7_c2_x10_290623,False,0,5,/scratch/u6hp/nsagar.u6hp/Alek_Jiho/derived/event_candidate_fronts/candidate_previews/cycle_62_7_c2_x10_290623_candidates.png,/scratch/u6hp/nsagar.u6hp/Alek_Jiho/derived/event_candidate_fronts/candidate_traces/cycle_62_7_c2_x10_290623_cand5.csv,8,136,208.06617647058823,308.52941176470586,201,301,215,320,0.8221137815218628,0.7816091954022989,16.398238458386437,4,11906.820678710938,11412.70588235294,11448.0,35.294117647059466,0.11914567484428827,0.13375429096253655,0.3161764705882353,0.29411764705882354,1.7496751597662657e-05,-0.0002898479489197975,0.259519922625561,0.4838709677419355,-0.0005182148396483175,0.2515965529836999,0.9949874433511964
157.0,18_c2_xN_HighHighCOV_170723,False,0,1,/scratch/u6hp/nsagar.u6hp/Alek_Jiho/derived/event_candidate_fronts/candidate_previews/cycle_157_18_c2_xN_HighHighCOV_170723_candidates.png,/scratch/u6hp/nsagar.u6hp/Alek_Jiho/derived/event_candidate_fronts/candidate_traces/cycle_157_18_c2_xN_HighHighCOV_170723_cand1.csv,3,158,32.04430379746835,335.626582278481,24,330,42,343,0.7525487644664148,0.8633879781420765,20.926050284311717,4,19961.28173828125,20010.936708860758,15750.075949367088,-4260.860759493669,-0.6308461974018157,0.05028985117778151,0.34810126582278483,0.3037974683544304,-4.89974252037512e-06,4.48817694278128e-05,0.2001716955075119,0.5483870967741935,9.42143912560918e-05,0.1977335648722195,0.9462923571539249
88.0,10_c2_x10_030723,False,0,5,/scratch/u6hp/nsagar.u6hp/Alek_Jiho/derived/event_candidate_fronts/candidate_previews/cycle_88_10_c2_x10_030723_candidates.png,/scratch/u6hp/nsagar.u6hp/Alek_Jiho/derived/event_candidate_fronts/candidate_traces/cycle_88_10_c2_x10_030723_cand5.csv,15,159,97.39622641509433,203.66666666666666,89,196,105,212,0.5987053257243732,0.8736263736263736,19.7595169110464,4,11683.49853515625,11792.503144654089,11648.0,-144.50314465408883,0.7270795213954634,0.12110541122328222,0.34591194968553457,0.33962264150943394,8.819949902278567e-05,-0.0005824457793764934,0.22741648627129651,0.4838709677419355,-0.0013073852692188294,0.23291871214351922,0.9442061661567512
90.0,10_c2_x10_030723,False,0,3,/scratch/u6hp/nsagar.u6hp/Alek_Jiho/derived/event_candidate_fronts/candidate_previews/cycle_90_10_c2_x10_030723_candidates.png,/scratch/u6hp/nsagar.u6hp/Alek_Jiho/derived/event_candidate_fronts/candidate_traces/cycle_90_10_c2_x10_030723_cand3.csv,6,175,41.965714285714284,331.53714285714284,34,322,52,341,0.43924014679076223,0.7990867579908676,21.6190171439515,4,14481.697509765625,14428.525714285714,14384.64,-43.88571428571413,0.642123143006969,0.03728119777558636,0.37714285714285717,0.37142857142857144,2.1162014386163222e-05,0.000130719908926691,0.1634641746582569,0.5483870967741935,0.00030023836502493295,0.16209028127043712,0.8739415527028875
157.0,18_c2_xN_HighHighCOV_170723,False,0,4,/scratch/u6hp/nsagar.u6hp/Alek_Jiho/derived/event_candidate_fronts/candidate_previews/cycle_157_18_c2_xN_HighHighCOV_170723_candidates.png,/scratch/u6hp/nsagar.u6hp/Alek_Jiho/derived/event_candidate_fronts/candidate_traces/cycle_157_18_c2_xN_HighHighCOV_170723_cand4.csv,6,137,44.23357664233577,144.42335766423358,39,136,51,152,0.7078721804225206,0.85625,18.82174814095137,4,17690.01904296875,16961.868613138686,13513.34306569343,-3448.525547445255,-0.4920991870396941,0.0483959983444866,0.2773722627737226,0.20437956204379562,-1.4533408677000428e-05,-9.216111243406519e-05,0.12154248836802706,0.6129032258064516,-0.00017830037424655586,0.12982651167236303,0.8642722258468417
90.0,10_c2_x10_030723,False,0,8,/scratch/u6hp/nsagar.u6hp/Alek_Jiho/derived/event_candidate_fronts/candidate_previews/cycle_90_10_c2_x10_030723_candidates.png,/scratch/u6hp/nsagar.u6hp/Alek_Jiho/derived/event_candidate_fronts/candidate_traces/cycle_90_10_c2_x10_030723_cand8.csv,21,88,294.84090909090907,307.65909090909093,289,301,300,314,0.8260912866661534,0.9361702127659575,15.952759419919442,4,11804.631896972656,11260.363636363636,11136.0,-124.36363636363603,0.2525981650640675,0.014598447358257771,0.2840909090909091,0.26136363636363635,5.537478995872056e-05,0.00017119233118326893,0.17880410573209626,0.4838709677419355,0.0002664922116605931,0.1750799254351576,0.8377549989091894
158.0,18_c2_xN_HighHighCOV_170723,False,0,1,/scratch/u6hp/nsagar.u6hp/Alek_Jiho/derived/event_candidate_fronts/candidate_previews/cycle_158_18_c2_xN_HighHighCOV_170723_candidates.png,/scratch/u6hp/nsagar.u6hp/Alek_Jiho/derived/event_candidate_fronts/candidate_traces/cycle_158_18_c2_xN_HighHighCOV_170723_cand1.csv,4,162,31.882716049382715,335.91358024691357,24,330,41,343,0.7385954864804507,0.8950276243093923,21.156850907501237,4,15090.04296875,15582.41975308642,16908.246913580246,1325.8271604938254,0.3259811855951119,0.014164929489802858,0.38271604938271603,0.3765432098765432,1.4090250829692519e-05,1.9866466824367146e-05,0.08817572945318375,0.6451612903225806,4.313350247664821e-05,0.08768568663535103,0.8210227064111154
58.0,7_c2_x10_290623,False,0,3,/scratch/u6hp/nsagar.u6hp/Alek_Jiho/derived/event_candidate_fronts/candidate_previews/cycle_58_7_c2_x10_290623_candidates.png,/scratch/u6hp/nsagar.u6hp/Alek_Jiho/derived/event_candidate_fronts/candidate_traces/cycle_58_7_c2_x10_290623_cand3.csv,6,116,82.5603448275862,200.7844827586207,75,195,89,208,0.6443646632845872,0.8529411764705882,18.51625197304189,4,13973.427978515625,13358.896551724138,13443.862068965518,84.96551724138044,1.3334926426451066,0.28026300715947383,0.35344827586206895,0.33620689655172414,5.7264692998395714e-05,0.00013313271728580844,0.09823452010528433,0.6129032258064516,0.00025806140202992424,0.10504950257488421,0.8161872484866202
157.0,18_c2_xN_HighHighCOV_170723,False,0,6,/scratch/u6hp/nsagar.u6hp/Alek_Jiho/derived/event_candidate_fronts/candidate_previews/cycle_157_18_c2_xN_HighHighCOV_170723_candidates.png,/scratch/u6hp/nsagar.u6hp/Alek_Jiho/derived/event_candidate_fronts/candidate_traces/cycle_157_18_c2_xN_HighHighCOV_170723_cand6.csv,5,107,37.4392523364486,416.95327102803736,33,410,43,426,0.8575204302238103,0.856,17.152965063818602,4,20427.11083984375,20351.40186915888,15616.598130841121,-4734.803738317758,-0.7246901948928233,0.05123915725844652,0.38317757009345793,0.2803738317757009,-1.3733090954052179e-05,-8.347127884091551e-05,0.17355572130371844,0.45161290322580644,-0.00015880911890992137,0.16777722239895942,0.7929458469284842
88.0,10_c2_x10_030723,False,0,1,/scratch/u6hp/nsagar.u6hp/Alek_Jiho/derived/event_candidate_fronts/candidate_previews/cycle_88_10_c2_x10_030723_candidates.png,/scratch/u6hp/nsagar.u6hp/Alek_Jiho/derived/event_candidate_fronts/candidate_traces/cycle_88_10_c2_x10_030723_cand1.csv,7,434,41.91935483870968,262.59447004608296,28,244,56,283,0.8824346921527783,0.640117994100295,24.7581550933112,4,11147.254638671875,10419.465437788018,10408.99539170507,-10.470046082948102,0.21272113187979708,0.0376435316711341,0.15668202764976957,0.14746543778801843,6.243779842564909e-07,-0.0007396150763769026,0.08319117912983132,0.6129032258064516,-0.003468908828469696,0.08546270571979431,0.7815571106560772
158.0,18_c2_xN_HighHighCOV_170723,False,0,2,/scratch/u6hp/nsagar.u6hp/Alek_Jiho/derived/event_candidate_fronts/candidate_previews/cycle_158_18_c2_xN_HighHighCOV_170723_candidates.png,/scratch/u6hp/nsagar.u6hp/Alek_Jiho/derived/event_candidate_fronts/candidate_traces/cycle_158_18_c2_xN_HighHighCOV_170723_cand2.csv,17,163,260.3128834355828,299.32515337423314,253,291,270,307,0.6991572896992545,0.8624338624338624,19.858237194093675,4,13763.39453125,13556.613496932516,14873.914110429449,1317.3006134969328,0.3488490494854191,0.02124726770760177,0.3006134969325153,0.3374233128834356,1.5077908709533082e-06,0.0001332835330787564,0.08219694487880103,0.6129032258064516,0.00026933416779084413,0.08370319324877196,0.7788033639340246
88.0,10_c2_x10_030723,False,0,3,/scratch/u6hp/nsagar.u6hp/Alek_Jiho/derived/event_candidate_fronts/candidate_previews/cycle_88_10_c2_x10_030723_candidates.png,/scratch/u6hp/nsagar.u6hp/Alek_Jiho/derived/event_candidate_fronts/candidate_traces/cycle_88_10_c2_x10_030723_cand3.csv,29,179,269.16201117318434,294.10614525139664,260,286,279,304,0.8825157046786357,0.8689320388349514,20.57504378511551,4,12408.174072265625,12275.486033519554,12245.810055865923,-29.67597765363098,0.4153947239201351,0.04285479926061164,0.29608938547486036,0.3016759776536313,2.568982411843072e-05,-0.0002460054740233952,0.16201889097506506,0.45161290322580644,-0.0005971468921385048,0.16336429142862108,0.7769960856294926
90.0,10_c2_x10_030723,False,0,5,/scratch/u6hp/nsagar.u6hp/Alek_Jiho/derived/event_candidate_fronts/candidate_previews/cycle_90_10_c2_x10_030723_candidates.png,/scratch/u6hp/nsagar.u6hp/Alek_Jiho/derived/event_candidate_fronts/candidate_traces/cycle_90_10_c2_x10_030723_cand5.csv,11,151,97.44370860927152,203.7086092715232,90,196,105,213,0.6439808008749812,0.8579545454545454,20.241196785479534,4,12102.581787109375,11604.76821192053,11613.245033112582,8.47682119205274,0.7270436062090535,0.0937927276902164,0.33774834437086093,0.3509933774834437,6.0817209937879666e-05,-0.00022288414534705906,0.18804928484853856,0.3870967741935484,-0.00046342476953287827,0.18955580145235806,0.764701860494445
158.0,18_c2_xN_HighHighCOV_170723,False,0,8,/scratch/u6hp/nsagar.u6hp/Alek_Jiho/derived/event_candidate_fronts/candidate_previews/cycle_158_18_c2_xN_HighHighCOV_170723_candidates.png,/scratch/u6hp/nsagar.u6hp/Alek_Jiho/derived/event_candidate_fronts/candidate_traces/cycle_158_18_c2_xN_HighHighCOV_170723_cand8.csv,16,101,240.3960396039604,31.77227722772277,233,26,248,38,0.8942427972894725,0.8347107438016529,16.07271842959482,4,12726.45947265625,12249.346534653465,13397.544554455446,1148.198019801981,0.21255200932824336,0.01950390436263616,0.26732673267326734,0.36633663366336633,3.727351692553217e-05,7.193782541890511e-05,0.09941676390682719,0.5483870967741935,0.00015042733645104187,0.1003156000920653,0.748119460773086
58.0,7_c2_x10_290623,False,0,1,/scratch/u6hp/nsagar.u6hp/Alek_Jiho/derived/event_candidate_fronts/candidate_previews/cycle_58_7_c2_x10_290623_candidates.png,/scratch/u6hp/nsagar.u6hp/Alek_Jiho/derived/event_candidate_fronts/candidate_traces/cycle_58_7_c2_x10_290623_cand1.csv,3,106,30.70754716981132,331.4433962264151,23,327,40,337,0.9112769959173533,0.8907563025210085,18.77875318109419,4,19161.02392578125,17338.56603773585,17324.075471698114,-14.490566037737153,0.9608007422271593,0.03436387508194383,0.44339622641509435,0.39622641509433965,-7.199139821188252e-06,-1.6695486091265714e-05,0.011638161672848701,0.7096774193548387,-3.551275259375952e-05,0.011705877133358689,0.7330214581610461
88.0,10_c2_x10_030723,False,0,7,/scratch/u6hp/nsagar.u6hp/Alek_Jiho/derived/event_candidate_fronts/candidate_previews/cycle_88_10_c2_x10_030723_candidates.png,/scratch/u6hp/nsagar.u6hp/Alek_Jiho/derived/event_candidate_fronts/candidate_traces/cycle_88_10_c2_x10_030723_cand7.csv,31,109,294.55045871559633,308.4036697247706,289,301,300,318,0.8662726662515949,0.8861788617886179,16.21001095714458,4,12088.331787109375,11335.045871559632,11293.357798165138,-41.688073394494495,-0.00018258540338755196,2.5032540262870384e-08,0.3211009174311927,0.3302752293577982,-2.1107597797675846e-05,0.0001541774416343798,0.12375617556047636,0.45161290322580644,0.00022603367940052672,0.11995138550587514,0.695320464292158
90.0,10_c2_x10_030723,False,0,1,/scratch/u6hp/nsagar.u6hp/Alek_Jiho/derived/event_candidate_fronts/candidate_previews/cycle_90_10_c2_x10_030723_candidates.png,/scratch/u6hp/nsagar.u6hp/Alek_Jiho/derived/event_candidate_fronts/candidate_traces/cycle_90_10_c2_x10_030723_cand1.csv,5,381,42.07086614173228,262.50918635170603,32,245,56,283,0.8948434613221229,0.6990825688073394,24.898380439749,4,11215.385986328125,10483.0656167979,10450.981627296587,-32.08398950131232,0.2219807501019626,0.027295123665718735,0.13648293963254593,0.13385826771653545,2.5110044102356304e-05,-0.0007280272649258983,0.08518764059597184,0.5161290322580645,-0.0034255758936368673,0.08882499273764899,0.6901416655916853
157.0,18_c2_xN_HighHighCOV_170723,False,0,2,/scratch/u6hp/nsagar.u6hp/Alek_Jiho/derived/event_candidate_fronts/candidate_previews/cycle_157_18_c2_xN_HighHighCOV_170723_candidates.png,/scratch/u6hp/nsagar.u6hp/Alek_Jiho/derived/event_candidate_fronts/candidate_traces/cycle_157_18_c2_xN_HighHighCOV_170723_cand2.csv,17,169,260.2426035502959,299.2248520710059,252,292,269,307,0.6686037933697007,0.8941798941798942,19.846370339393616,4,17469.134765625,17139.50295857988,13390.011834319526,-3749.491124260354,-0.5498571464609865,0.05352239154871474,0.28994082840236685,0.20118343195266272,-1.655255339250684e-05,-0.00020040271600848075,0.09620360752749157,0.4838709677419355,-0.0003688747242856242,0.09556144735636363,0.6756360226257907
88.0,10_c2_x10_030723,False,0,2,/scratch/u6hp/nsagar.u6hp/Alek_Jiho/derived/event_candidate_fronts/candidate_previews/cycle_88_10_c2_x10_030723_candidates.png,/scratch/u6hp/nsagar.u6hp/Alek_Jiho/derived/event_candidate_fronts/candidate_traces/cycle_88_10_c2_x10_030723_cand2.csv,8,195,42.235897435897435,331.5948717948718,34,322,55,341,0.6169981108084533,0.7558139534883721,21.5790134808749,4,13691.3544921875,13969.723076923077,13943.138461538461,-26.584615384615972,0.7193470360373837,0.05895838766175676,0.3333333333333333,0.35384615384615387,2.555538027975452e-05,4.2254198642106276e-05,0.0311247701866334,0.6129032258064516,9.537964091090545e-05,0.030661375592049178,0.6746893715851342
158.0,18_c2_xN_HighHighCOV_170723,False,0,5,/scratch/u6hp/nsagar.u6hp/Alek_Jiho/derived/event_candidate_fronts/candidate_previews/cycle_158_18_c2_xN_HighHighCOV_170723_candidates.png,/scratch/u6hp/nsagar.u6hp/Alek_Jiho/derived/event_candidate_fronts/candidate_traces/cycle_158_18_c2_xN_HighHighCOV_170723_cand5.csv,9,119,82.56302521008404,205.27731092436974,74,198,93,214,0.914339693443996,0.7125748502994012,17.87417941162823,4,14428.88720703125,14070.857142857143,15410.01680672269,1339.1596638655465,0.32073109801651917,0.016002480495364124,0.31932773109243695,0.3697478991596639,1.9644574526393918e-05,8.48264383916984e-05,0.030878280343415776,0.6129032258064516,0.00013655002156185347,0.030094019453665077,0.6738755256035325
157.0,18_c2_xN_HighHighCOV_170723,False,0,5,/scratch/u6hp/nsagar.u6hp/Alek_Jiho/derived/event_candidate_fronts/candidate_previews/cycle_157_18_c2_xN_HighHighCOV_170723_candidates.png,/scratch/u6hp/nsagar.u6hp/Alek_Jiho/derived/event_candidate_fronts/candidate_traces/cycle_157_18_c2_xN_HighHighCOV_170723_cand5.csv,9,115,82.44347826086957,204.65217391304347,74,198,92,213,0.9093023591463548,0.782312925170068,17.790513438711457,4,19621.662109375,18199.373913043477,14212.452173913043,-3986.9217391304337,-0.5898616484759983,0.050856749800211376,0.3130434782608696,0.20869565217391303,-1.4076843187846862e-05,-0.00010298981392718661,0.04391358876701679,0.5806451612903226,-0.00013037966742480194,0.04837448763629448,0.6729332376936339
158.0,18_c2_xN_HighHighCOV_170723,False,0,3,/scratch/u6hp/nsagar.u6hp/Alek_Jiho/derived/event_candidate_fronts/candidate_previews/cycle_158_18_c2_xN_HighHighCOV_170723_candidates.png,/scratch/u6hp/nsagar.u6hp/Alek_Jiho/derived/event_candidate_fronts/candidate_traces/cycle_158_18_c2_xN_HighHighCOV_170723_cand3.csv,5,178,31.724719101123597,258.5168539325843,25,248,39,269,0.8301941607409233,0.7705627705627706,19.49301367829498,4,13304.446533203125,12909.303370786516,13797.752808988764,888.4494382022476,0.21745513291373028,0.01400893046772178,0.25842696629213485,0.2808988764044944,9.314966469684579e-06,-5.4319594871548294e-05,0.07544920006078826,0.5161290322580645,-0.00017093454410954645,0.07563097395552087,0.6672092062743736
88.0,10_c2_x10_030723,False,0,8,/scratch/u6hp/nsagar.u6hp/Alek_Jiho/derived/event_candidate_fronts/candidate_previews/cycle_88_10_c2_x10_030723_candidates.png,/scratch/u6hp/nsagar.u6hp/Alek_Jiho/derived/event_candidate_fronts/candidate_traces/cycle_88_10_c2_x10_030723_cand8.csv,6,158,25.917721518987342,71.98101265822785,18,61,37,80,0.7014127833822995,0.6929824561403509,16.067657275357018,4,11605.5185546875,11193.924050632912,11176.506329113925,-17.417721518986582,0.36108744868499526,0.11000483953270201,0.23417721518987342,0.22784810126582278,1.5709955198764708e-05,-3.664499390236385e-05,0.024396119386081994,0.6129032258064516,-7.592774335866644e-05,0.023436112300129208,0.6607354574926628
118.0,13_c2_x6_100723,False,0,3,/scratch/u6hp/nsagar.u6hp/Alek_Jiho/derived/event_candidate_fronts/candidate_previews/cycle_118_13_c2_x6_100723_candidates.png,/scratch/u6hp/nsagar.u6hp/Alek_Jiho/derived/event_candidate_fronts/candidate_traces/cycle_118_13_c2_x6_100723_cand3.csv,4,96,95.71875,205.125,90,199,103,211,0.701123353380146,0.8571428571428571,17.69032618212425,4,14882.2109375,14116.0,13902.666666666666,-213.33333333333394,1.194976708268469,0.1067714127830518,0.34375,0.3125,5.466259348319427e-05,0.0001396398403518511,0.0444269030021075,0.5483870967741935,0.00021606015662235616,0.04120470562300926,0.6340187053993103
118.0,13_c2_x6_100723,False,0,7,/scratch/u6hp/nsagar.u6hp/Alek_Jiho/derived/event_candidate_fronts/candidate_previews/cycle_118_13_c2_x6_100723_candidates.png,/scratch/u6hp/nsagar.u6hp/Alek_Jiho/derived/event_candidate_fronts/candidate_traces/cycle_118_13_c2_x6_100723_cand7.csv,5,95,119.0,207.09473684210528,111,201,126,213,0.8749090050205018,0.8796296296296297,15.564580231325682,4,10860.862182617188,10391.578947368422,10337.01052631579,-54.5684210526324,0.5764569780858974,0.11380779638918737,0.30526315789473685,0.2736842105263158,0.00016725704443298466,0.00025668661379925676,0.10437540119028799,0.41935483870967744,0.00043153685253939075,0.09734334643793852,0.621073586337904
118.0,13_c2_x6_100723,False,0,5,/scratch/u6hp/nsagar.u6hp/Alek_Jiho/derived/event_candidate_fronts/candidate_previews/cycle_118_13_c2_x6_100723_candidates.png,/scratch/u6hp/nsagar.u6hp/Alek_Jiho/derived/event_candidate_fronts/candidate_traces/cycle_118_13_c2_x6_100723_cand5.csv,1,136,45.72794117647059,262.88235294117646,36,258,57,270,0.8985936504296359,0.8717948717948718,16.86467801971883,4,11125.86328125,10477.64705882353,10408.941176470587,-68.70588235294235,0.33976972074997136,0.05613794918164261,0.19117647058823528,0.16911764705882354,5.020013805139128e-05,-3.703449180882831e-05,0.0036059934349823575,0.6129032258064516,-8.72174728242361e-05,0.003275306811721057,0.619784526053155
88.0,10_c2_x10_030723,False,0,6,/scratch/u6hp/nsagar.u6hp/Alek_Jiho/derived/event_candidate_fronts/candidate_previews/cycle_88_10_c2_x10_030723_candidates.png,/scratch/u6hp/nsagar.u6hp/Alek_Jiho/derived/event_candidate_fronts/candidate_traces/cycle_88_10_c2_x10_030723_cand6.csv,12,181,56.40331491712707,138.17127071823205,51,126,63,149,0.8835210506903054,0.8080357142857143,18.551728931622446,4,12449.30029296875,12107.314917127072,12058.165745856353,-49.14917127071931,0.3987928670263241,0.04549346213768768,0.23756906077348067,0.23204419889502761,5.090470037850081e-07,-3.740020332333558e-05,0.018595395065599818,0.5806451612903226,-9.946526026835266e-05,0.0184400851119203,0.6176806414678427
90.0,10_c2_x10_030723,False,0,4,/scratch/u6hp/nsagar.u6hp/Alek_Jiho/derived/event_candidate_fronts/candidate_previews/cycle_90_10_c2_x10_030723_candidates.png,/scratch/u6hp/nsagar.u6hp/Alek_Jiho/derived/event_candidate_fronts/candidate_traces/cycle_90_10_c2_x10_030723_cand4.csv,7,168,47.98809523809524,416.3690476190476,42,406,54,429,0.9088785860761956,0.7706422018348624,20.328039909138628,4,12352.183349609375,12173.333333333334,12133.714285714286,-39.619047619047706,0.4602402918865086,0.028592906414291686,0.32142857142857145,0.3333333333333333,1.4783524298175978e-05,-1.8257731437205642e-05,0.0180472572232937,0.5806451612903226,-4.182761907343454e-05,0.018325713589763537,0.6170181321033799
157.0,18_c2_xN_HighHighCOV_170723,False,0,3,/scratch/u6hp/nsagar.u6hp/Alek_Jiho/derived/event_candidate_fronts/candidate_previews/cycle_157_18_c2_xN_HighHighCOV_170723_candidates.png,/scratch/u6hp/nsagar.u6hp/Alek_Jiho/derived/event_candidate_fronts/candidate_traces/cycle_157_18_c2_xN_HighHighCOV_170723_cand3.csv,4,181,31.895027624309392,258.04419889502765,25,247,40,269,0.8095412494399128,0.7479338842975206,19.450839963098247,4,16163.119140625,15533.613259668507,12836.419889502762,-2697.1933701657454,-0.3907553890445631,0.04525354932021797,0.2596685082872928,0.17679558011049723,-9.461821512605002e-06,2.107754490844334e-06,3.2027336068662926e-05,0.6129032258064516,-4.092038609539449e-06,1.109780226837831e-05,0.6129463509447887
157.0,18_c2_xN_HighHighCOV_170723,False,0,8,/scratch/u6hp/nsagar.u6hp/Alek_Jiho/derived/event_candidate_fronts/candidate_previews/cycle_157_18_c2_xN_HighHighCOV_170723_candidates.png,/scratch/u6hp/nsagar.u6hp/Alek_Jiho/derived/event_candidate_fronts/candidate_traces/cycle_157_18_c2_xN_HighHighCOV_170723_cand8.csv,16,94,240.01063829787233,31.425531914893618,231,26,249,37,0.9254189077444454,0.7833333333333333,15.960959440135719,4,15858.312255859375,14880.0,12554.893617021276,-2325.1063829787236,-0.3778418024019812,0.05078066373418455,0.3617021276595745,0.19148936170212766,-1.4974391325016434e-05,-2.891524732502117e-05,0.00939512926271835,0.5806451612903226,-6.445958612690371e-05,0.010962710270607467,0.6010030008236484
118.0,13_c2_x6_100723,False,0,6,/scratch/u6hp/nsagar.u6hp/Alek_Jiho/derived/event_candidate_fronts/candidate_previews/cycle_118_13_c2_x6_100723_candidates.png,/scratch/u6hp/nsagar.u6hp/Alek_Jiho/derived/event_candidate_fronts/candidate_traces/cycle_118_13_c2_x6_100723_cand6.csv,11,88,294.1818181818182,311.5,288,306,300,319,0.8298826156275417,0.9263157894736842,16.155637069401074,4,12389.9072265625,11752.0,11732.363636363636,-19.636363636363967,0.6651897849069264,0.051012208278295335,0.3409090909090909,0.3409090909090909,7.8745997228207e-05,2.710370580468143e-05,0.004894659047031902,0.5806451612903226,3.927551609356755e-05,0.004939247763597443,0.590479068100952
88.0,10_c2_x10_030723,False,0,4,/scratch/u6hp/nsagar.u6hp/Alek_Jiho/derived/event_candidate_fronts/candidate_previews/cycle_88_10_c2_x10_030723_candidates.png,/scratch/u6hp/nsagar.u6hp/Alek_Jiho/derived/event_candidate_fronts/candidate_traces/cycle_88_10_c2_x10_030723_cand4.csv,10,185,47.6972972972973,416.1675675675676,41,406,54,429,0.9008894569900978,0.7370517928286853,19.92001280413759,4,11902.6875,12025.427027027026,11993.945945945947,-31.481081081079537,0.46347937251983284,0.04058647900041623,0.2864864864864865,0.2756756756756757,4.154118139710514e-05,1.8972013010359476e-06,0.00020727894197458685,0.5806451612903226,4.176205234778402e-06,0.0001908549954531269,0.5810432952277503
118.0,13_c2_x6_100723,False,0,1,/scratch/u6hp/nsagar.u6hp/Alek_Jiho/derived/event_candidate_fronts/candidate_previews/cycle_118_13_c2_x6_100723_candidates.png,/scratch/u6hp/nsagar.u6hp/Alek_Jiho/derived/event_candidate_fronts/candidate_traces/cycle_118_13_c2_x6_100723_cand1.csv,9,155,270.18064516129033,299.28387096774196,263,291,280,309,0.7254902326256851,0.8201058201058201,20.06867106659197,4,12844.060546875,12718.245161290322,12629.883870967742,-88.36129032258032,0.7159166215963008,0.06411799864265044,0.33548387096774196,0.32903225806451614,3.203355778304437e-05,-8.330890156635885e-05,0.06446274301270871,0.45161290322580644,-0.00016033002406532133,0.06190045485609896,0.5779761010946141
58.0,7_c2_x10_290623,False,0,2,/scratch/u6hp/nsagar.u6hp/Alek_Jiho/derived/event_candidate_fronts/candidate_previews/cycle_58_7_c2_x10_290623_candidates.png,/scratch/u6hp/nsagar.u6hp/Alek_Jiho/derived/event_candidate_fronts/candidate_traces/cycle_58_7_c2_x10_290623_cand2.csv,13,133,257.05263157894734,293.54135338345867,249,287,266,301,0.850001969903953,0.8471337579617835,18.75163799041828,4,13504.252197265625,13268.21052631579,13299.007518796992,30.796992481202324,0.6645741188861556,0.043659289653949385,0.3082706766917293,0.3383458646616541,5.009375535253419e-05,-2.4560417193130877e-05,0.011828840360588067,0.5483870967741935,-4.9786854148761974e-05,0.01115651507932558,0.5713724522141072
58.0,7_c2_x10_290623,False,0,5,/scratch/u6hp/nsagar.u6hp/Alek_Jiho/derived/event_candidate_fronts/candidate_previews/cycle_58_7_c2_x10_290623_candidates.png,/scratch/u6hp/nsagar.u6hp/Alek_Jiho/derived/event_candidate_fronts/candidate_traces/cycle_58_7_c2_x10_290623_cand5.csv,15,109,283.0091743119266,305.43119266055044,276,299,290,312,0.8597348067923861,0.8790322580645161,16.544395163721166,4,11545.904541015625,10940.477064220184,10901.724770642202,-38.75229357798162,0.3230311940400431,0.024442859982771847,0.28440366972477066,0.29357798165137616,7.888183034305426e-05,4.406941013495354e-05,0.018726131087881903,0.5161290322580645,8.1233590437938e-05,0.021469026693368143,0.5563241900393145
90.0,10_c2_x10_030723,False,0,7,/scratch/u6hp/nsagar.u6hp/Alek_Jiho/derived/event_candidate_fronts/candidate_previews/cycle_90_10_c2_x10_030723_candidates.png,/scratch/u6hp/nsagar.u6hp/Alek_Jiho/derived/event_candidate_fronts/candidate_traces/cycle_90_10_c2_x10_030723_cand7.csv,12,121,119.33884297520662,204.53719008264463,111,198,126,211,0.7535339518397606,0.8231292517006803,16.82550585269928,4,10497.469970703125,10000.396694214876,9942.214876033058,-58.18181818181802,0.38658345308891584,0.07720462483151824,0.2644628099173554,0.256198347107438,9.95589616650881e-05,-2.7498730919098666e-05,0.001901303871404858,0.5483870967741935,-5.11322250355995e-05,0.002404195537885845,0.5526925961834842
118.0,13_c2_x6_100723,False,0,2,/scratch/u6hp/nsagar.u6hp/Alek_Jiho/derived/event_candidate_fronts/candidate_previews/cycle_118_13_c2_x6_100723_candidates.png,/scratch/u6hp/nsagar.u6hp/Alek_Jiho/derived/event_candidate_fronts/candidate_traces/cycle_118_13_c2_x6_100723_cand2.csv,2,124,43.024193548387096,335.5967741935484,36,330,53,342,0.7875443978398111,0.8266666666666667,19.34128360187908,4,18547.3271484375,16860.387096774193,16708.645161290322,-151.7419354838712,1.13669283225766,0.062094157908873626,0.3790322580645161,0.3629032258064516,4.2770356833686086e-05,9.0006906707008e-06,0.0017931207731328724,0.5483870967741935,1.8527124616517745e-05,0.001710756937325697,0.5518909744846521
90.0,10_c2_x10_030723,False,0,2,/scratch/u6hp/nsagar.u6hp/Alek_Jiho/derived/event_candidate_fronts/candidate_previews/cycle_90_10_c2_x10_030723_candidates.png,/scratch/u6hp/nsagar.u6hp/Alek_Jiho/derived/event_candidate_fronts/candidate_traces/cycle_90_10_c2_x10_030723_cand2.csv,19,197,268.9035532994924,294.9086294416244,260,286,279,305,0.8622312181743732,0.8382978723404255,22.079066861333608,4,12083.832763671875,11713.94923857868,11639.878172588833,-74.07106598984683,0.4520970602464051,0.04188000642392942,0.28426395939086296,0.2893401015228426,3.7903540838700166e-05,-5.6524720133109065e-06,0.000777153432344746,0.5483870967741935,-1.2714924429884782e-05,0.0007451516297516392,0.5499094018362899
157.0,18_c2_xN_HighHighCOV_170723,False,0,7,/scratch/u6hp/nsagar.u6hp/Alek_Jiho/derived/event_candidate_fronts/candidate_previews/cycle_157_18_c2_xN_HighHighCOV_170723_candidates.png,/scratch/u6hp/nsagar.u6hp/Alek_Jiho/derived/event_candidate_fronts/candidate_traces/cycle_157_18_c2_xN_HighHighCOV_170723_cand7.csv,13,147,213.6530612244898,313.63945578231295,207,302,220,325,0.8502938821549069,0.7277227722772277,16.706214747544514,4,13304.617431640625,12710.312925170068,11171.265306122448,-1539.0476190476202,-0.21488035628753202,0.04755832056438192,0.2789115646258503,0.21768707482993196,-1.2151269615220592e-05,1.997105259200258e-05,0.006498880774195026,0.5161290322580645,3.749688030194326e-05,0.007412587066820686,0.5300405000990802
58.0,7_c2_x10_290623,False,0,7,/scratch/u6hp/nsagar.u6hp/Alek_Jiho/derived/event_candidate_fronts/candidate_previews/cycle_58_7_c2_x10_290623_candidates.png,/scratch/u6hp/nsagar.u6hp/Alek_Jiho/derived/event_candidate_fronts/candidate_traces/cycle_58_7_c2_x10_290623_cand7.csv,2,104,30.14423076923077,258.3173076923077,23,253,37,264,0.7076373570520341,0.8739495798319328,15.335618144691693,4,11358.887084960938,10857.23076923077,10864.615384615385,7.384615384615245,0.2949098067982778,0.0330540496937376,0.28846153846153844,0.2403846153846154,2.1097542542289803e-05,-5.384266530805084e-05,0.004426638356755941,0.5161290322580645,-9.684173340894641e-05,0.003178582154610643,0.5237342527694311
118.0,13_c2_x6_100723,False,0,8,/scratch/u6hp/nsagar.u6hp/Alek_Jiho/derived/event_candidate_fronts/candidate_previews/cycle_118_13_c2_x6_100723_candidates.png,/scratch/u6hp/nsagar.u6hp/Alek_Jiho/derived/event_candidate_fronts/candidate_traces/cycle_118_13_c2_x6_100723_cand8.csv,7,86,224.4418604651163,314.3255813953488,219,308,230,322,0.7622557633709423,0.7818181818181819,13.579200708583581,4,12477.568359375,12087.06976744186,12020.093023255815,-66.97674418604583,0.15276868136915867,0.04683034715718559,0.37209302325581395,0.36046511627906974,1.3588820391235192e-05,-2.0877501464978815e-05,0.002498366028642396,0.5161290322580645,-2.988494271117629e-05,0.0022528179008326488,0.5208802161875395
158.0,18_c2_xN_HighHighCOV_170723,False,0,7,/scratch/u6hp/nsagar.u6hp/Alek_Jiho/derived/event_candidate_fronts/candidate_previews/cycle_158_18_c2_xN_HighHighCOV_170723_candidates.png,/scratch/u6hp/nsagar.u6hp/Alek_Jiho/derived/event_candidate_fronts/candidate_traces/cycle_158_18_c2_xN_HighHighCOV_170723_cand7.csv,20,96,282.90625,312.3854166666667,276,307,291,319,0.8312151174045029,0.8421052631578947,16.15123539089698,4,14508.76123046875,13834.666666666666,15165.333333333334,1330.6666666666679,0.3578213274955908,0.021740928501648438,0.3229166666666667,0.3645833333333333,8.9405955342793e-06,2.8746606990277874e-06,0.00016806997890572717,0.5161290322580645,3.5804404080991063e-06,0.00016792219379324624,0.5164650244307635
58.0,7_c2_x10_290623,False,0,8,/scratch/u6hp/nsagar.u6hp/Alek_Jiho/derived/event_candidate_fronts/candidate_previews/cycle_58_7_c2_x10_290623_candidates.png,/scratch/u6hp/nsagar.u6hp/Alek_Jiho/derived/event_candidate_fronts/candidate_traces/cycle_58_7_c2_x10_290623_cand8.csv,7,95,105.81052631578947,202.45263157894738,98,197,113,209,0.8792887481880823,0.8482142857142857,14.88675887286706,4,10967.993408203125,10822.063157894738,10723.705263157895,-98.35789473684235,0.7368404843914723,0.19576140912107254,0.35789473684210527,0.37894736842105264,0.00012376507108727186,9.01237970727931e-05,0.032747868253988455,0.41935483870967744,0.00020994945559957027,0.03702126501093239,0.4891239719745983
62.0,7_c2_x10_290623,False,0,6,/scratch/u6hp/nsagar.u6hp/Alek_Jiho/derived/event_candidate_fronts/candidate_previews/cycle_62_7_c2_x10_290623_candidates.png,/scratch/u6hp/nsagar.u6hp/Alek_Jiho/derived/event_candidate_fronts/candidate_traces/cycle_62_7_c2_x10_290623_cand6.csv,1,132,29.71969696969697,257.3181818181818,20,253,41,264,0.8977176436359089,0.8354430379746836,16.35891362758716,4,11195.612426757812,10592.969696969696,10643.39393939394,50.42424242424386,0.17665559708424178,0.015488219072556708,0.1893939393939394,0.26515151515151514,8.265954401803778e-06,6.038743633360244e-06,2.730503778936022e-05,0.45161290322580644,4.2166449857432605e-05,0.0001907404292914583,0.45183094869288726
